speech_id,file_name,text_body,file_size_bytes,encoding_used,char_count_body,word_count_body,line_count_body,content_sha256,speech_title_from_filename,forum_scope_inferred,forum_scope_rule,event_date,event_date_source,language_estimate,source_url,source_domain,source_validation_status,quality_flags,text_clean_readable,text_clean_lower,tokens_basic,text_preprocessed_tokens,text_for_manual_coding,text_for_bertopic,char_count_clean,word_count_clean,token_count_basic,unique_token_count_basic,text_clean_sha256,preprocessing_config_json,processed_stage02_at
SPCH_001_BRICS_LEADERS,NASKAH-PIDATO-PRABOWO-BRICS-LEADERS.txt,"Distinguished Leaders of BRICS.

It is indeed a great honor for me to join this very important meeting.

Indonesia considers BRICS to be a very strong pillar of stability and hope in the current international geopolitical situation. We now experience a world full of instability and also a world that the concept of multilateralism is being challenged.

I fully support the opinions of the preceding speakers: the Distinguished President of Brazil, the Distinguished President of China and Egypt.

BRICS now is more than 55% of world population. We are more than 40% of global GDP. BRICS has the biggest economies, biggest countries in population, biggest markets, countries with large natural resources, critical resources. Therefore, BRICS is emerging as a pillar of strengths. So, Indonesia supports the continuation. Indeed, we must continue and work closer together. We must consult each other more.

I fully support the concepts given forward by the Distinguished President of the People’s Republic of China. We must uphold openness. We must do exactly to continue this close coordination and cooperation in this present world of uncertainty, of double and even triple standards, where international law is being daily ignored, where might makes right, where little countries with less power are being intimidated, threatened, bullied, where trade and finance become weapon, weapon.

We consider now, this is the time that BRICS must continue to evolve. We fully support the initiatives taken. We commend the leadership of President Lula. And, Indonesia is committed to working closer with all the BRICS countries.

Thank you very much.",1888,utf-8,1642,256,8,a2f66ccd4a1d6ba1b4793089989eb09607add274f280505c062aa477bdaface9,Brics Leaders,international,filename_contains_international_forum_keyword,2025-09-08,source_url_or_text_pattern,en,https://setkab.go.id/sambutan-presiden-republik-indonesia-pada-brics-leaders-virtual-meeting-melalui-video-conference-di-kertanegara-kota-administrasi-jakarta-selatan-provinsi-dki-jakarta-senin-8-september-2025/,setkab.go.id,VALID_SETKAB_DOMAIN_OFFLINE,OK,"Distinguished Leaders of BRICS.

It is indeed a great honor for me to join this very important meeting.

Indonesia considers BRICS to be a very strong pillar of stability and hope in the current international geopolitical situation. We now experience a world full of instability and also a world that the concept of multilateralism is being challenged.

I fully support the opinions of the preceding speakers: the Distinguished President of Brazil, the Distinguished President of China and Egypt.

BRICS now is more than 55% of world population. We are more than 40% of global GDP. BRICS has the biggest economies, biggest countries in population, biggest markets, countries with large natural resources, critical resources. Therefore, BRICS is emerging as a pillar of strengths. So, Indonesia supports the continuation. Indeed, we must continue and work closer together. We must consult each other more.

I fully support the concepts given forward by the Distinguished President of the People's Republic of China. We must uphold openness. We must do exactly to continue this close coordination and cooperation in this present world of uncertainty, of double and even triple standards, where international law is being daily ignored, where might makes right, where little countries with less power are being intimidated, threatened, bullied, where trade and finance become weapon, weapon.

We consider now, this is the time that BRICS must continue to evolve. We fully support the initiatives taken. We commend the leadership of President Lula. And, Indonesia is committed to working closer with all the BRICS countries.

Thank you very much.","distinguished leaders of brics.

it is indeed a great honor for me to join this very important meeting.

indonesia considers brics to be a very strong pillar of stability and hope in the current international geopolitical situation. we now experience a world full of instability and also a world that the concept of multilateralism is being challenged.

i fully support the opinions of the preceding speakers: the distinguished president of brazil, the distinguished president of china and egypt.

brics now is more than 55% of world population. we are more than 40% of global gdp. brics has the biggest economies, biggest countries in population, biggest markets, countries with large natural resources, critical resources. therefore, brics is emerging as a pillar of strengths. so, indonesia supports the continuation. indeed, we must continue and work closer together. we must consult each other more.

i fully support the concepts given forward by the distinguished president of the people's republic of china. we must uphold openness. we must do exactly to continue this close coordination and cooperation in this present world of uncertainty, of double and even triple standards, where international law is being daily ignored, where might makes right, where little countries with less power are being intimidated, threatened, bullied, where trade and finance become weapon, weapon.

we consider now, this is the time that brics must continue to evolve. we fully support the initiatives taken. we commend the leadership of president lula. and, indonesia is committed to working closer with all the brics countries.

thank you very much.","[""leaders"", ""brics"", ""indeed"", ""great"", ""honor"", ""join"", ""important"", ""meeting"", ""indonesia"", ""considers"", ""brics"", ""strong"", ""pillar"", ""stability"", ""hope"", ""current"", ""international"", ""geopolitical"", ""situation"", ""experience"", ""world"", ""full"", ""instability"", ""world"", ""concept"", ""multilateralism"", ""challenged"", ""fully"", ""support"", ""opinions"", ""preceding"", ""speakers"", ""president"", ""brazil"", ""president"", ""china"", ""egypt"", ""brics"", ""world"", ""population"", ""global"", ""gdp"", ""brics"", ""biggest"", ""economies"", ""biggest"", ""countries"", ""population"", ""biggest"", ""markets"", ""countries"", ""large"", ""natural"", ""resources"", ""critical"", ""resources"", ""therefore"", ""brics"", ""emerging"", ""pillar"", ""strengths"", ""indonesia"", ""supports"", ""continuation"", ""indeed"", ""must"", ""continue"", ""work"", ""closer"", ""together"", ""must"", ""consult"", ""fully"", ""support"", ""concepts"", ""given"", ""forward"", ""president"", ""people's"", ""republic"", ""china"", ""must"", ""uphold"", ""openness"", ""must"", ""exactly"", ""continue"", ""close"", ""coordination"", ""cooperation"", ""present"", ""world"", ""uncertainty"", ""double"", ""even"", ""triple"", ""standards"", ""international"", ""law"", ""daily"", ""ignored"", ""might"", ""makes"", ""right"", ""little"", ""countries"", ""less"", ""power"", ""intimidated"", ""threatened"", ""bullied"", ""trade"", ""finance"", ""become"", ""weapon"", ""weapon"", ""consider"", ""time"", ""brics"", ""must"", ""continue"", ""evolve"", ""fully"", ""support"", ""initiatives"", ""taken"", ""commend"", ""leadership"", ""president"", ""lula"", ""indonesia"", ""committed"", ""working"", ""closer"", ""brics"", ""countries"", ""thank"", ""much""]",leaders brics indeed great honor join important meeting indonesia considers brics strong pillar stability hope current international geopolitical situation experience world full instability world concept multilateralism challenged fully support opinions preceding speakers president brazil president china egypt brics world population global gdp brics biggest economies biggest countries population biggest markets countries large natural resources critical resources therefore brics emerging pillar strengths indonesia supports continuation indeed must continue work closer together must consult fully support concepts given forward president people's republic china must uphold openness must exactly continue close coordination cooperation present world uncertainty double even triple standards international law daily ignored might makes right little countries less power intimidated threatened bullied trade finance become weapon weapon consider time brics must continue evolve fully support initiatives taken commend leadership president lula indonesia committed working closer brics countries thank much,"Distinguished Leaders of BRICS.

It is indeed a great honor for me to join this very important meeting.

Indonesia considers BRICS to be a very strong pillar of stability and hope in the current international geopolitical situation. We now experience a world full of instability and also a world that the concept of multilateralism is being challenged.

I fully support the opinions of the preceding speakers: the Distinguished President of Brazil, the Distinguished President of China and Egypt.

BRICS now is more than 55% of world population. We are more than 40% of global GDP. BRICS has the biggest economies, biggest countries in population, biggest markets, countries with large natural resources, critical resources. Therefore, BRICS is emerging as a pillar of strengths. So, Indonesia supports the continuation. Indeed, we must continue and work closer together. We must consult each other more.

I fully support the concepts given forward by the Distinguished President of the People's Republic of China. We must uphold openness. We must do exactly to continue this close coordination and cooperation in this present world of uncertainty, of double and even triple standards, where international law is being daily ignored, where might makes right, where little countries with less power are being intimidated, threatened, bullied, where trade and finance become weapon, weapon.

We consider now, this is the time that BRICS must continue to evolve. We fully support the initiatives taken. We commend the leadership of President Lula. And, Indonesia is committed to working closer with all the BRICS countries.

Thank you very much.","Distinguished Leaders of BRICS.

It is indeed a great honor for me to join this very important meeting.

Indonesia considers BRICS to be a very strong pillar of stability and hope in the current international geopolitical situation. We now experience a world full of instability and also a world that the concept of multilateralism is being challenged.

I fully support the opinions of the preceding speakers: the Distinguished President of Brazil, the Distinguished President of China and Egypt.

BRICS now is more than 55% of world population. We are more than 40% of global GDP. BRICS has the biggest economies, biggest countries in population, biggest markets, countries with large natural resources, critical resources. Therefore, BRICS is emerging as a pillar of strengths. So, Indonesia supports the continuation. Indeed, we must continue and work closer together. We must consult each other more.

I fully support the concepts given forward by the Distinguished President of the People's Republic of China. We must uphold openness. We must do exactly to continue this close coordination and cooperation in this present world of uncertainty, of double and even triple standards, where international law is being daily ignored, where might makes right, where little countries with less power are being intimidated, threatened, bullied, where trade and finance become weapon, weapon.

We consider now, this is the time that BRICS must continue to evolve. We fully support the initiatives taken. We commend the leadership of President Lula. And, Indonesia is committed to working closer with all the BRICS countries.

Thank you very much.",1642,254,138,101,8cd52135a957c95201d1430d1730dba226a5309a51ede801064fd3290daf8e21,"{""remove_urls"": true, ""remove_email"": true, ""remove_source_note"": true, ""normalize_unicode"": true, ""normalize_whitespace"": true, ""lowercase_for_tokenization"": true, ""remove_numbers_for_tokens"": true, ""min_token_length"": 3, ""apply_general_stopwords"": true, ""apply_domain_stopwords"": true, ""stemming_enabled"": false}",2026-06-11T21:38:26
SPCH_002_PANEN_RAYA,NASKAH-PIDATO-PRABOWO-PANEN-RAYA.txt,"Bismillahirrahmanirrahim.

Assalamu’alaikum warahmatullahi wabarakatuh,
Selamat siang,
Salam sejahtera bagi kita sekalian,
Syalom,
Salve,
Om swastiastu,
Namo Buddhaya,
Salam kebajikan,
Rahayu, rahayu.

Yang saya hormati, Menteri Pertanian sebagai penyelenggara Saudara Andi Amran Sulaiman beserta jajaran Kementerian Pertanian;
Menteri Koordinator Pangan Saudara Zulkifli Hasan, para Menteri, Kepala Badan, Jaksa Agung, Kapolri, Wakil Panglima TNI, para Kepala Staf Angkatan;
Kepala BRIN yang saya hormati;
Kepala Perum Bulog Letnan Jenderal TNI (Purn.) Ahmad Rizal Ramdhani yang saya hormati;
Wakil Menteri Pertanian Saudara Sudaryono yang merangkap Ketua Umum HKTI, Ketua Umum APPSI, masih? Ketua Umum TNI Merdeka, banyak sekali kau [menjabat] ketua umum?
Ketua Komisi IV DPR RI, yang saya hormati Saudari Siti Hediati Soeharto, tepuk tangannya kok panjang banget?

Para Kepala Daerah yang hadir langsung dan para Kepala Daerah yang tidak hadir tetapi lewat online. Yang hadir langsung di sini Gubernur Jawa Barat Saudara Dedi Mulyadi (KDM), Gubernur Jawa Timur Saudara Khofifah Indar Parawansa, Gubernur Sumatra Selatan Saudara Herman Deru, Gubernur Sulawesi Selatan Saudara Andi Sudirman Sulaiman, Gubernur Sumatra Utara Saudara Bobby Afif Nasution, Bupati Karawang Saudara Aep Syaepuloh, para Gubernur/Bupati/Wali Kota yang hadir melalui online yang saya hormati dan saya banggakan, yang hadir secara virtual;
Yang saya hormati, para Dirut BUMN yang berkenan hadir di sini sekarang, juga para asosiasi yang hadir [diantaranya] Perhimpunan Insan Perunggasan Rakyat Indonesia (PINSAR), Gabungan Pengusaha Makanan Ternak (GPMT), Asosiasi Perbenihan Indonesia, Ketua Kolaborasi Strategis Penggilingan Indonesia, Asosiasi Penggilingan Padi, Masyarakat Perbenihan dan Pembibitan Indonesia, Asosiasi Pedagang dan Produsen Jagung Indonesia, Penyedia Katalog Elektronik Benih Padi Indonesia, Gabungan Pengusaha Kelapa Sawit Indonesia, Asosiasi Petani Tebu Republik Indonesia, Perhimpunan Agronomi Indonesia, Ketua Umum APTRI hadir? Hadir enggak di sini APTRI? Baik.

Yang saya hormati dan saya banggakan, para Kelompok Tani, para Penyuluh Pertanian dan terutama para petani dari seluruh Indonesia yang saya hormati, yang saya cintai dan yang saya banggakan;
Seluruh hadirin, undangan, rekan-rekan pers dan media yang hadir langsung maupun yang hadir secara virtual.

Saudara-saudara,
Karena tadi mungkin banyak tokoh-tokoh sudah di sebut satu-satu mungkin saya tidak perlu mengulangi lagi tanpa mengurangi rasa hormat saya, tetapi kalau diminta mengulangi, saya siap mengulangi juga. Ini banyak sekali, tetapi tidak apa-apa. Perlu dibacakan satu-satu? Cukup? Baik. Tanpa mengurangi rasa hormat tetapi di sini banyak dirut perusahaan-perusahaan penting, dirut perusahaan-perusahaan penting: PTPN 3, PTPN 4, PTPN 1, Riset Perkebunan Nusantara, Sinergi Gula Nusantara, Agrinas Palma, Agrinas Pangan Nusantara. Agrinas Palma hadir dirutnya? Agrinas Palma? Catat ya, ini sambil diabsen ini. Dirut PT Berdikari Saudara Maryadi, Dirut Sang Hyang Seri, Dirut PT Pusri Saudara Maryono, Dirut Pupuk Kujang. Baik, terima kasih. Bupati-bupati juga penting ini. Bupati Banyuasin, Bupati Sukabumi, Bupati Tasikmalaya Pak Cecep Nurul Yakin, Bupati Ogan Komering Ulu Timur Saudara Lanosin, Bupati Cianjur terima kasih Pak Mohammad Wahyu Ferdian, Bupati Bojonegoro tadi sudah ya, Bupati Indramayu Saudara Lucky Hakim, Bupati Wajo Saudara Andi Rosman hadir? Terima kasih. Bupati Merauke Saudara Yoseph Gebze terima kasih hadir jauh-jauh dari Merauke. Bupati Bandung Saudara Dadang Supriatna, terima kasih, Bupati Subang Saudara Reynaldy Putra, Bupati Bekasi Saudara Asep Surya Atmaja, terima kasih. Wali Kota Tasikmalaya Saudara Viman Alfarizi Ramadhan, terima kasih, Saudara-saudara sekalian.

Menteri-menteri perlu? Sudah tadi ya disebut, sekalian sudah tadi saya catat sebagai absen. Terima kasih.

Saudara-saudara,
Selalu sebagai insan yang bertakwa, marilah kita tidak henti-hentinya memanjatkan puji syukur ke hadirat Tuhan Mahabesar, Mahakuasa, bagi umat Islam Allah SWT yang memiliki sekalian alam, hanya kepadaNya lah kita berdoa dan hanya kepadaNya lah kita meminta pertolongan. Kita bersyukur atas segala kebaikan, karunia, kedamaian dan atas kesehatan yang masih diberikan kepada kita, sehingga kita dapat berkumpul di siang hari ini. Kita hadir di sini dalam acara yang sangat besar artinya, sangat penting dan sangat membanggakan. Walaupun selalu, kita selalu ingat saudara-saudara kita di tempat-tempat yang jauh dari sini, yang mengalami musibah beberapa puluh hari lalu di Aceh, Sumatra Barat, Sumatra Utara tetapi juga ada di Jawa Timur, di Jawa Tengah, ada di Kalimantan, ada beberapa tempat. Kita selalu ingat saudara-saudara kita, tetapi kita juga bangga melihat pengabdian darmabakti. Banyak unsur dari seluruh lapisan masyarakat, TNI, Polri, BNPB, Basarnas, PU, PLN, perusahaan-perusahaan Danantara, semua bahu-membahu termasuk banyak relawan dari mana-mana. Kita buktikan bangsa Indonesia bangsa yang kuat, bangsa yang berkemampuan, bangsa yang berdiri di atas kaki kita sendiri.

Saudara-saudara sekalian,
Terima kasih atas kehormatan yang diberikan kepada saya, diundang hari ini pada acara panen raya dan pengumuman resmi bahwa Indonesia berhasil kembali menjadi bangsa yang swasembada pangan. Terima kasih.

Saudara-saudara,
Saya selalu mengatakan dimana-mana bahwa bangsa Indonesia harus sungguh-sungguh menjadi bangsa yang waspada, bangsa yang selalu mau mengoreksi diri, bangsa yang selalu berani menghadapi segala keadaan.

Saudara-saudara sekalian,
Kita mengerti dan paham bahwa bangsa kita negara yang kaya. Setelah saya dipilih dan diangkat menjadi Presiden, setelah saya mengambil alih pemerintahan saya paham, lebih paham, lebih mengerti atas kekayaan-kekayaan kita. Tetapi, saya harus katakan saya prihatin, saya sedih dengan kenyataan bahwa banyak kenyataan kita yang tidak pandai kita kelola, sehingga banyak kekayaan kita yang bocor. Dari dulu saya mengerti hal ini, tetapi saya tidak mengerti seberapa banyak kebocoran itu. Dari tahun ke tahun sebelum saya menjadi presiden saya berjuang, berjuang sebagai Ketua Umum HKTI, berjuang sebagai ketua umum sebuah partai, kenapa? Karena, saya melihat ada kejanggalan di bangsa kita. Saya melihat sudah berapa puluh tahun negara yang begini kaya, rakyatnya masih banyak yang miskin. Saya tidak dapat menerima di akal sehat dan di hati saya bagaimana negara yang begini makmur, bagaimana negara yang berjuang ratusan tahun untuk merdeka tetapi kekayaannya kurang dinikmati oleh sebagian besar rakyat Indonesia. Terutama yang tidak masuk di akal saya, bagaimana bisa negara yang begini besar, negara yang diberi karunia oleh yang Mahakuasa, bumi yang luas, bumi yang kaya, tanah yang subur, tetapi kita tergantung bangsa lain untuk pangan kita. Kita impor, impor, impor, impor pangan. Tidak masuk di hati saya, tidak masuk di akal saya. Saya memang bukan orang pintar, saya tidak punya gelar profesor tetapi saya bisa melihat yang benar dan yang tidak benar. Saya bisa melihat yang masuk akal dan yang tidak masuk akal. Saya bisa merasakan keadilan dan yang tidak adanya keadilan. Karena itu, saya berjuang terus, saya dituduh mau jadi diktator, saya dituduh mau berkuasa, saya dituduh mau kudeta, tetapi saya sejak muda saya bersumpah sebagai prajurit adalah prajurit dari Tentara Nasional Indonesia, TNI adalah tentara rakyat, TNI lahir rakyat, waktu kita berjuang kita diberi makan oleh rakyat Indonesia. Waktu kita menyatakan kemerdekaan, waktu kita menyatakan kemerdekaan tanggal 17 Agustus 1945 tidak ada anggaran, belum ada Kementerian Keuangan, belum ada pajak, belum ada bea cukai, siapa yang biayai pejuang-pejuang, siapa yang mendukung perang kemerdekaan, yang mendukung perang kemerdekaan adalah rakyat Indonesia, yang memberi makan kepada tentara pejuang-pejuang adalah para petani Indonesia. Kita tidak bakal merdeka tanpa jasa para petani kita, Saudara-saudara sekalian.

Saudara-saudara sekalian,
Saya masuk tentara tahun ‘70, tahun ‘70, tahun ‘70, tetapi saya merasakan setiap saya latihan di desa-desa Jawa Tengah, Jawa Barat, rakyat keluar dari rumah, rumah-rumah yang sederhana, rumah-rumah gedek yang lantainya masih tanah, mereka keluar dari rumah, mereka memberi minuman teh, mereka memberi pisang, mereka memberi singkong kepada kami, Saudara-saudara sekalian, padahal untuk masak itu dia harus ambil kayu yang cukup jauh, dia harus ambil air yang cukup jauh, begitu cintanya rakyat kepada tentara, begitu sadarnya para petani terhadap negara bangsa Indonesia. Para petanilah yang paling setia, yang paling loyal dan yang paling merah putih di Republik Indonesia ini, Saudara-saudara sekalian.

Dan, saya tidak habis pikir, puluhan tahun para petani kita, para nelayan kita kurang dihormati, kurang dibela, kurang dilindungi. Waktu saya berhenti dari tentara saya merasa dihormati, saya merasa terhormat, tokoh-tokoh HKTI, tokoh-tokoh KTNA minta saya mantan Panglima Kostrad untuk menjadi Ketua Umum HKTI, Saudara-saudara sekalian. Dan, saya terima ajakan itu sebagai ajakan yang sangat mulia, saya diminta membela kepentingan petani dan nelayan Indonesia. Ini sungguh kehormatan bagi saya. Saya ingat waktu saya masih sangat muda, rakyat yang memberi makan kepada saya, saya tidak lupa, ini kesempatan pikiran saya, saya membalas budi, saya membayar hutang kembali pada para petani Indonesia. Saya jadi jenderal karena petani Indonesia, saya jadi jenderal karena rakyat Indonesia. Pangkat yang saya emban adalah dari rakyat, karena itu saya sekarang harus berbakti untuk rakyat. Dan, ini adalah kesadaran dari pembantu-pembantu saya semua. Mereka, Saudara-saudara sekalian, banyak di antara tokoh-tokoh ini sebenarnya mereka sudah mapan. Tuhan sudah memberi kebaikan dan rezeki kepada mereka.

Saudara Amran pengusaha yang sukses, beliau jadi menteri adalah pengorbanan. Beliau menteri yang, enggak tahu saya sehari mungkin tidur tiga, empat jam. Saya kadang-kadang merasa prihatin, tapi saya dalam hati juga bangga. Saudara Zulkifli Hasan demikian juga masih mau berjuang, masih mau terjun di politik. Orang-orang yang masuk ke politik ini juga merasa aneh juga Saudara masih mau masuk politik. Politik di Indonesia ini pengorbanan, ingin mengabdi, ingin berbuat baik selalu di kuyu-kuyu, selalu dicari-cari kesalahan dan kejelekannya. Tetapi tidak apa-apa. Saya selalu katakan semakin naik ke puncak, semakin diterpa angin yang kencang, mereka yang kuat yang akan sampai di atas.

Saudara-saudara,
Para pemimpin, para pejabat, para Gubernur/Bupati, para Wali Kota, para dirut-dirut BUMN, jangan gentar, jangan ragu-ragu, para adik-adik saya, Menteri-menteri ini jangan. Kehormatan, berjuang untuk rakyat, kehormatan, kita semua akan dipanggil yang Mahakuasa, itu kepastian saudara-saudara. Dan, selalu saya katakan, kalau gajah meninggal dia tinggalkan gading, harimau meninggal dia tinggalkan belang. Manusia pada saat kita dipanggil yang kita tinggalkan hanya nama, nama, nama baik. Tetapi pada saat kita dipanggil apakah rakyat [mengatakan], “Dia waktu mimpin dia orang baik, waktu dia memimpin dia selalu membela rakyat, waktu dia memimpin dia selalu membela keadilan, waktu dia memimpin dia selalu membela orang yang lemah, waktu dia pimpin dia selalu membela orang yang miskin, waktu dia memimpin dia selalu tegakkan keadilan.”Saya kira keluarga kita semua akan merasa bangga. Daripada nanti kalau dipanggil [rakyat], “Dia dulu maling, dia dulu koruptor, dia dulu curi uang rakyat, dia memperkaya diri”.

Jadi, Saudara-saudara, bersyukurlah kalau kau diberi kepercayaan, ini kesempatan kita berbakti, kesempatan memberi yang terbaik yang bisa kita berikan, karena Saudara-saudara kadang-kadang kebenaran dan keadilan hanya bisa datang dengan kepemimpinan yang berani dan jujur. Karena itu, Saudara-saudara, hari ini kita telah mencatat suatu kemenangan yang penting. Tidak ada bangsa yang merdeka kalau makan tidak bisa tersedia untuk rakyat, ndak ada, tidak mungkin. Tidak mungkin bangsa itu merdeka, kalau makan pangan tergantung bangsa lain. Dan, ini sudah dibuktikan, begitu ada Covid-19 negara yang punya beras tidak mau jual ke kita. Saya tahu waktu itu, saya sudah menteri, saya ngerti benar-benar. Presiden kita waktu itu sampaikan ke saya, beliau terbang ke sini, terbang ke sana, nego sama pemimpin-pemimpin negara yang punya beras. Akhirnya karena hubungan baik beliau dengan beberapa tokoh, akhirnya mereka waktu Covid-19 adalah pembuka mata, waktu Covid-19 pandemi ada warning, adalah peringatan, adalah lampu kuning bagi bangsa Indonesia, jangan mau, jangan lengah, jangan tergantung bangsa lain apalagi untuk makan. Juga, untuk BBM, untuk energi.

Saudara-saudara,
Yang Mahakuasa telah memberi karunia yang luar biasa, ternyata dari pertanian kita bisa tidak tergantung bangsa lain, juga soal makan tetapi juga soal energi. Dari kelapa sawit kita bisa menghasilkan solar, dari singkong kita bisa menghasilkan etanol untuk bensin, dari tebu kita juga bisa hasilkan etanol, Saudara-saudara sekalian, luar biasa. Waktu saya dilantik jadi Presiden memang saya beri target 4 tahun swasembada beras, swasembada pangan. Terima kasih seluruh komunitas pertanian di Indonesia Saudara bekerja keras, Saudara bersatu, Saudara kompak, Saudara hasilkan yang empat tahun saudara berikan kepada bangsa dan negara, satu tahun kita sudah swasembada, satu tahun kita sudah berdiri di atas kaki kita sendiri, satu tahun kita tidak tergantung bangsa-bangsa lain, Saudara-saudara sekalian.

Saudara-saudara,
Saya sungguh meyakini dan saya sungguh bangga bahwa hari ini Saudara-saudara berhasil sebagai putra-putri terbaik bangsa. Saudara buktikan bahwa Indonesia bisa. Ada elit kita sebagian yang kerjanya hanya ngejek, hujat, fitnah, nyinyir, enggak ada keberhasilan bangsa Indonesia. Atlet-atlet kita berjuang, enggak ada mereka ucapan selamat. Enggak ada mereka menghargai usaha pemerintah, malah selalu ngenyek, ini aneh ya, aneh ini, kesehatan jiwa mereka agak aneh gitu. Saya sendiri bingung tetapi biarlah enggak ada urusan itu, saya kira sedikit mereka itu, mereka pintarnya hanya di sosmed, enggak jelas juga itu, jangan-jangan mereka di bayar. Yang penting Saudara-saudara, hari ini Saudara memberi kepada bangsa dan negara bukti yang nyata. Saudara telah menurut saya mencatat tonggak penting dalam kemerdekaan bangsa Indonesia.

Saudara-saudara,
Banyak tokoh-tokoh penting ngomong ke saya beberapa bulan yang lalu [mengatakan], “Pak Bowo, enggak mungkin swasembada Indonesia itu”, sungguh ini ngomong ke saya, tidak mungkin swasembada itu. “Amran itu hati-hati, amran itu kadang-kadang banyak janjinya saja.”Tetapi hari ini, Saudara-saudara sekalian, Saudara Andi Amran Sulaiman saya beri bintang jasa utama. Dia bersama kalian, jajaran kalian semua ini, semua kalian telah mengamankan masa depan bangsa Indonesia. Dan, saya percaya habis ini kita tidak akan bisa diberhentikan. Saya melihat tadi produk-produk hilirisasi, produk-produk dari pertanian luar biasa.

Saudara-saudara,
Nanti dengan swasembada pangan dimana-mana, tidak hanya beras tetapi jagung saya dijanjikan oleh Pak Amran, oleh Wakil Menteri Pertanian, didukung oleh TNI dan Polri, dijanjikan bahwa jagung pun kita dalam waktu dekat akan swasembada. Pakan akan murah untuk seluruh peternak dan petani, kita akan turunkan harga pakan. Kita sudah turunkan harga pupuk, kalau bisa kita turunkan lagi harga pupuk, Saudara-saudara sekalian. Saya ingin jadi presiden, saya ingin jadi presiden, prestasi saya yang saya idam-idamkan kalau saya bisa jadi presiden di mana harga-harga turun, harga pangan turun, harga pupuk turun, harga benih turun, harga untuk rakyat-rakyat kita turun terjangkau di semua bidang. Saya ingin nanti anak-anak petani kembali anak-anaknya bisa sekolah tinggi, anak-anaknya bisa jadi insinyur, anak-anaknya bisa jadi dokter, anak-anaknya bisa jadi jenderal seperti sekarang itu Menteri Pertanian-mu anaknya petani, Wakil Menteri Pertanian-mu anaknya petani, sekarang jadi Menteri dan jadi Wakil Menteri. Kalau dia itu petani asli, mereka ini, kulitnya hitam enggak ada petani yang benar kulitnya putih, yang kulitnya putih itu bintang film atau penyanyi, penyanyi band. Memang Menteri Pertanian dan Wakil Menteri Pertanian ini cocok, cocok itu, kalau berjalan itu, kalau berjalan itu serasi, nomor 1 dan nomor 2, sama-sama hitam. Kalau malam gelap itu enggak kelihatan itu, hanya giginya yang kelihatan kalau senyum.

Saudara-saudara,
Tetapi saya bangga dengan kalian, ya. Hari ini bahagia bagi saya, bahagia, saya senang sekali. Dan, saya melihat tadi penuh harapan, penuh keyakinan. Kalau banyak tokoh nyinyir mengatakan kita tidak bisa swasembada pangan, hari ini kita buktikan kita swasembada pangan. Sekarang setelah kita swasembada pangan, saya dengar lagi, “Oh iya, tetapi paling swasembada pangannya paling setahun, dua tahun.”Enggak apa-apa kita buktikan tiap tahun kita buktikan swasembada, swasembada, swasembada, swasembada, swasembada, swasembada, tidak hanya swasembada beras [tetapi] jagung, singkong, semuanya kita swasembada nanti, bawang putih kita harus swasembada.

Saudara-saudara,
Ternak, ikan, semuanya kita akan produksi besar-besaran, kita akan buka ribuan desa-desa nelayan, kita akan buka ratusan budi daya ikan. Saudara-saudara sekalian, rakyat kita, anak-anak kita harus makan protein yang banyak, dia harus tumbuh kuat, tumbuh pintar dan tumbuh menjadi masa depan Indonesia yang hebat.

Saudara-saudara sekalian,
Ini rencana besar kita, ini hari ini saya sungguh terima kasih, hari ini saya merasa dapat dorongan, saya merasa dapat kekuatan energi, saya merasa sepertinya menjadi 30 tahun lebih muda, karena saya melihat tadi penghasilan petani kita naik. Dan, saya juga dapat laporan dari Menteri Kelautan, Menteri Kelautan ada? Hasil daripada nelayan-nelayan kita juga naik dan di tahun-tahun mendatang akan lebih naik lagi. Tahun 2026 ini kita targetkan 1.100 desa nelayan, tahun-tahun depan mungkin lebih banyak lagi.

Hari ini kita sudah memberi makan bergizi gratis 55 juta anak Indonesia, 55 juta dalam satu tahun, belum ada bangsa lain yang bisa seperti kita, Saudara-saudara. Walaupun terus kita dinyinyir tidak ada apa-apa, yang penting kita bekerja untuk rakyat. Tadi waktu saya datang, rakyat banyak juga yang teriak, “Pak, desa kami belum terima MBG.” Saya minta maaf kemampuan kita tetapi insyaallah tahun 2026 ini seluruh desa di Indonesia akan menerima MBG. Sasaran kita Desember 2026 semua desa mendapatkan MBG, mudah-mudahan bisa lebih cepat tetapi Desember kita harus semua anak Indonesia dan semua ibu hamil dan semua orang tua lansia juga kita beri makan.

Saya kira mungkin bangsa Indonesia adalah bangsa nanti yang terbukti mengurus rakyatnya yang sebaik-baiknya, tetapi nah ada tetapinya, tetapi para pejabat, para pemimpin, rekan-rekan saya pembantu-pembantu saya saya minta dukunganmu mari kita bersatu, mari kita kompak. Kita melawan korupsi, kita berantas penyelewengan, kita tegakkan hukum, jangan ragu-ragu, jangan ragu-ragu. Kita sudah mengawasi, sudah sita 4 juta hektare kebun kelapa sawit yang melanggar hukum sudah kita sita. Jampidsus benar? Jaksa Agung? Dan, tahun 2026 mungkin kita akan sita tambahan 4 atau 5 juta lagi. Kita sudah bertindak terhadap ratusan tambang ilegal, sudah ratusan triliun kita selamatkan, masih banyak yang bocor, terus kita kerja. Karena, Saudara-saudara, uang rakyat harus benar-benar harus dinikmati oleh seluruh rakyat Indonesia. Tidak boleh sepeser rupiah pun tidak sampai ke rakyat. Ini tekad saya sebagai presiden yang dilantik dan dipilih oleh rakyat, ini tugas Kabinet Merah Putih.

Alhamdulillah, setelah satu tahun saya melihat kabinet yang saya pimpin bekerja saya bangga. Kerja sama kita cukup baik, kita sudah menjadi tim yang tidak menunggu perintah sudah mengerti, ibarat tim sepak bola masing-masing sudah mengerti tugasnya, yang striker, yang di tengah, yang bertahan, yang cadangan pun tahu menjadi cadangan yang baik, pada saatnya akan dimainkan.

Saudara-saudara sekalian,

Saya kira cukup yang ingin saya sampaikan, terima kasih. Hanya itu yang bisa saya sampaikan, tadi Menteri Pertanian [mengatakan], “Terima kasih, terima kasih, terima kasih”, beliau sudah mewakili saya, tetapi saya sampaikan penghargaan terima kasih kepada saya secara garis besar kepada semua, semua Gubernur, semua Bupati, semua pemimpin, saya tidak mandang partai mana, kelompok mana, tidak ada. Saya ndak tanya, saya enggak mau tahu, kita semua putra merah putih, kita semua anak bangsa Indonesia. Persaingan baik, enggak ada urusan, bertanding bagus, masa mau bertanding, enggak ada lawan tanding, enggak seru dong, benar. Kita mau lomba 100 meter, lari sendiri enggak ada lawannya, enggak lucu itu, ya kan? Itu dagelan namanya itu. Enggak apa-apa, tetapi bersaing tujuannya sama, begitu siapapun yang menang harus bekerja, harus membela rakyat, harus bekerja sesungguhnya untuk rakyat Indonesia. Jangan berkuasa habis itu menjual diri, iya kan? Aku satu tahun saja jadi Presiden geleng-geleng kepala juga saya, berapa kali saya mau disogok, bolak-balik datang minta ini, minta itu. Tegakkan peraturan, tegakkan sesuai dengan kepentingan dan negara, saya ndak ikut yang lain-lain.

Kemarin, saya dikasih daftar. Pak, ini daftar sekian puluh perusahaan yang melanggar yang mau dicabut izinnya, silakan Bapak pelajari. Saya bilang, “Saya enggak mau, saya enggak mau lihat itu, karena saya takut ada teman saya di situ.” Iya kan?” Enggak enak, bisa terpengaruh saya. Begitu lihat daftar, oh teman saya, begitu lihat eh ini Gerindra lagi. Jadi lebih baik saya enggak lihat, saya enggak mau tahu. Jadi kalau yang dicabut ya salahkan saja Jaksa Agung, iya kan? Memang kalian Menteri-menteri kalian diangkat iya kan, kalian diangkat untuk ya untuk dihujat, enggak apa-apa. Saya enggak mau baca karena saya tidak mau terpengaruh. Kemarin ada Menteri [mengatakan], “Pak, pak, tolong di baca ini Pak, ini ada nama-namanya.” Eh, jangan-jangan. Saya takut ada teman saya di situ atau ada anggota Gerindra, kalau sekarang saya bilang saya enggak tahu, saya serahkan ke aparat penegak hukum. Mereka tanya “Pak, apa petunjuk?”, yang melanggar tindak, sederhana. Bahasa Indonesia enggak usah ditafsirkan. Undang-Undang Dasar 1945 Pasal 33 jelas, enggak usah ada penerjemah: Bumi dan air dan semua kekayaan yang terkandung didalamnya dikuasai negara dan dipergunakan sebesar-besarnya untuk kemakmuran rakyat. Apa yang kurang jelas? Yang tidak paham keluar saja dari jabatan, segera mengundurkan diri, banyak yang bisa gantikan Saudara-saudara ya. Enggak usah takut. Anak-anak muda yang baik-baik itu mau berjuang untuk kebaikan.

Jadi, Saudara-saudara, terima kasih pengabdianmu. Prestasi luar biasa ini membuat kita tambah percaya dari hasil menuju hasil, dari kemenangan menuju kemenangan-kemenangan baru. Kepercayaan diri kita mampu, Indonesia mampu, Indonesia cerah, Indonesia semangat, Indonesia makmur dan kemakmuran harus sungguh di tangan rakyat Indonesia.

Saudara-saudara sekalian,
Saya ini mantan tentara, prajurit, di tentara ada adab tentara, kebiasaan tentara, yaitu bawahan hormat atasan, itu, itu di Indonesia saja. Di beberapa negara, atasan dan bawahan hormat bersamaan. Tetapi, saya punya dari sejak muda saya memimpin pasukan tempur, saya punya kebiasaan. Kadang-kadang saya memimpin pasukan saya dengan keras, tapi akhirnya mendapat keberhasilan dan akhirnya saya menjadi kagum dan bangga dengan anak buah saya, dan akhirnya saya yang hormat mereka duluan.

Saudara-saudara sekalian,
Izinkanlah saya mengikuti naluri saya, mengikuti kebiasaan saya dari sejak muda. Izinkan saya hormat kepada seluruh dari kalian yang telah berjuang mengabdi sehingga kita swasembada pangan.

Terima kasih.

Wassalamu’alaikum warahmatullahi wabarakatuh.
Salam sejahtera bagi kita sekalian,
Syalom,
Salve,
Om santi santi santi om,
Namo Buddhaya,
Salam kebajikan.

Merdeka!
Merdeka!
Merdeka!

Hidup Petani!
Petani Makmur!
Indonesia Sejahtera !
Indonesia Maju!

Terima kasih.
Selamat Berjuang!

Dengan mengucap bismillahirrahmanirrahim, pada pagi hari ini, hari Rabu tanggal 7 Januari 2026, saya Prabowo Subianto, Presiden Republik Indonesia, dengan ini mengumumkan telah tercapainya swasembada pangan tahun 2025 bagi seluruh bangsa Indonesia.

Terima kasih.",24596,utf-8,24220,3417,82,2fe161589989ad5494b22841bb0c3bc26977e64fecbd0c9994e413e47e42db77,Panen Raya,national,filename_contains_national_event_keyword,2026-01-07,source_url_or_text_pattern,id,https://setkab.go.id/sambutan-presiden-republik-indonesia-pada-panen-raya-dan-pengumuman-swasembada-pangan-di-desa-kertamukti-kabupaten-karawang-provinsi-jawa-barat-rabu-7-januari-2026/,setkab.go.id,VALID_SETKAB_DOMAIN_OFFLINE,OK,"Bismillahirrahmanirrahim.

Assalamu'alaikum warahmatullahi wabarakatuh,
Selamat siang,
Salam sejahtera bagi kita sekalian,
Syalom,
Salve,
Om swastiastu,
Namo Buddhaya,
Salam kebajikan,
Rahayu, rahayu.

Yang saya hormati, Menteri Pertanian sebagai penyelenggara Saudara Andi Amran Sulaiman beserta jajaran Kementerian Pertanian;
Menteri Koordinator Pangan Saudara Zulkifli Hasan, para Menteri, Kepala Badan, Jaksa Agung, Kapolri, Wakil Panglima TNI, para Kepala Staf Angkatan;
Kepala BRIN yang saya hormati;
Kepala Perum Bulog Letnan Jenderal TNI (Purn.) Ahmad Rizal Ramdhani yang saya hormati;
Wakil Menteri Pertanian Saudara Sudaryono yang merangkap Ketua Umum HKTI, Ketua Umum APPSI, masih? Ketua Umum TNI Merdeka, banyak sekali kau [menjabat] ketua umum?
Ketua Komisi IV DPR RI, yang saya hormati Saudari Siti Hediati Soeharto, tepuk tangannya kok panjang banget?

Para Kepala Daerah yang hadir langsung dan para Kepala Daerah yang tidak hadir tetapi lewat online. Yang hadir langsung di sini Gubernur Jawa Barat Saudara Dedi Mulyadi (KDM), Gubernur Jawa Timur Saudara Khofifah Indar Parawansa, Gubernur Sumatra Selatan Saudara Herman Deru, Gubernur Sulawesi Selatan Saudara Andi Sudirman Sulaiman, Gubernur Sumatra Utara Saudara Bobby Afif Nasution, Bupati Karawang Saudara Aep Syaepuloh, para Gubernur/Bupati/Wali Kota yang hadir melalui online yang saya hormati dan saya banggakan, yang hadir secara virtual;
Yang saya hormati, para Dirut BUMN yang berkenan hadir di sini sekarang, juga para asosiasi yang hadir [diantaranya] Perhimpunan Insan Perunggasan Rakyat Indonesia (PINSAR), Gabungan Pengusaha Makanan Ternak (GPMT), Asosiasi Perbenihan Indonesia, Ketua Kolaborasi Strategis Penggilingan Indonesia, Asosiasi Penggilingan Padi, Masyarakat Perbenihan dan Pembibitan Indonesia, Asosiasi Pedagang dan Produsen Jagung Indonesia, Penyedia Katalog Elektronik Benih Padi Indonesia, Gabungan Pengusaha Kelapa Sawit Indonesia, Asosiasi Petani Tebu Republik Indonesia, Perhimpunan Agronomi Indonesia, Ketua Umum APTRI hadir? Hadir enggak di sini APTRI? Baik.

Yang saya hormati dan saya banggakan, para Kelompok Tani, para Penyuluh Pertanian dan terutama para petani dari seluruh Indonesia yang saya hormati, yang saya cintai dan yang saya banggakan;
Seluruh hadirin, undangan, rekan-rekan pers dan media yang hadir langsung maupun yang hadir secara virtual.

Saudara-saudara,
Karena tadi mungkin banyak tokoh-tokoh sudah di sebut satu-satu mungkin saya tidak perlu mengulangi lagi tanpa mengurangi rasa hormat saya, tetapi kalau diminta mengulangi, saya siap mengulangi juga. Ini banyak sekali, tetapi tidak apa-apa. Perlu dibacakan satu-satu? Cukup? Baik. Tanpa mengurangi rasa hormat tetapi di sini banyak dirut perusahaan-perusahaan penting, dirut perusahaan-perusahaan penting: PTPN 3, PTPN 4, PTPN 1, Riset Perkebunan Nusantara, Sinergi Gula Nusantara, Agrinas Palma, Agrinas Pangan Nusantara. Agrinas Palma hadir dirutnya? Agrinas Palma? Catat ya, ini sambil diabsen ini. Dirut PT Berdikari Saudara Maryadi, Dirut Sang Hyang Seri, Dirut PT Pusri Saudara Maryono, Dirut Pupuk Kujang. Baik, terima kasih. Bupati-bupati juga penting ini. Bupati Banyuasin, Bupati Sukabumi, Bupati Tasikmalaya Pak Cecep Nurul Yakin, Bupati Ogan Komering Ulu Timur Saudara Lanosin, Bupati Cianjur terima kasih Pak Mohammad Wahyu Ferdian, Bupati Bojonegoro tadi sudah ya, Bupati Indramayu Saudara Lucky Hakim, Bupati Wajo Saudara Andi Rosman hadir? Terima kasih. Bupati Merauke Saudara Yoseph Gebze terima kasih hadir jauh-jauh dari Merauke. Bupati Bandung Saudara Dadang Supriatna, terima kasih, Bupati Subang Saudara Reynaldy Putra, Bupati Bekasi Saudara Asep Surya Atmaja, terima kasih. Wali Kota Tasikmalaya Saudara Viman Alfarizi Ramadhan, terima kasih, Saudara-saudara sekalian.

Menteri-menteri perlu? Sudah tadi ya disebut, sekalian sudah tadi saya catat sebagai absen. Terima kasih.

Saudara-saudara,
Selalu sebagai insan yang bertakwa, marilah kita tidak henti-hentinya memanjatkan puji syukur ke hadirat Tuhan Mahabesar, Mahakuasa, bagi umat Islam Allah SWT yang memiliki sekalian alam, hanya kepadaNya lah kita berdoa dan hanya kepadaNya lah kita meminta pertolongan. Kita bersyukur atas segala kebaikan, karunia, kedamaian dan atas kesehatan yang masih diberikan kepada kita, sehingga kita dapat berkumpul di siang hari ini. Kita hadir di sini dalam acara yang sangat besar artinya, sangat penting dan sangat membanggakan. Walaupun selalu, kita selalu ingat saudara-saudara kita di tempat-tempat yang jauh dari sini, yang mengalami musibah beberapa puluh hari lalu di Aceh, Sumatra Barat, Sumatra Utara tetapi juga ada di Jawa Timur, di Jawa Tengah, ada di Kalimantan, ada beberapa tempat. Kita selalu ingat saudara-saudara kita, tetapi kita juga bangga melihat pengabdian darmabakti. Banyak unsur dari seluruh lapisan masyarakat, TNI, Polri, BNPB, Basarnas, PU, PLN, perusahaan-perusahaan Danantara, semua bahu-membahu termasuk banyak relawan dari mana-mana. Kita buktikan bangsa Indonesia bangsa yang kuat, bangsa yang berkemampuan, bangsa yang berdiri di atas kaki kita sendiri.

Saudara-saudara sekalian,
Terima kasih atas kehormatan yang diberikan kepada saya, diundang hari ini pada acara panen raya dan pengumuman resmi bahwa Indonesia berhasil kembali menjadi bangsa yang swasembada pangan. Terima kasih.

Saudara-saudara,
Saya selalu mengatakan dimana-mana bahwa bangsa Indonesia harus sungguh-sungguh menjadi bangsa yang waspada, bangsa yang selalu mau mengoreksi diri, bangsa yang selalu berani menghadapi segala keadaan.

Saudara-saudara sekalian,
Kita mengerti dan paham bahwa bangsa kita negara yang kaya. Setelah saya dipilih dan diangkat menjadi Presiden, setelah saya mengambil alih pemerintahan saya paham, lebih paham, lebih mengerti atas kekayaan-kekayaan kita. Tetapi, saya harus katakan saya prihatin, saya sedih dengan kenyataan bahwa banyak kenyataan kita yang tidak pandai kita kelola, sehingga banyak kekayaan kita yang bocor. Dari dulu saya mengerti hal ini, tetapi saya tidak mengerti seberapa banyak kebocoran itu. Dari tahun ke tahun sebelum saya menjadi presiden saya berjuang, berjuang sebagai Ketua Umum HKTI, berjuang sebagai ketua umum sebuah partai, kenapa? Karena, saya melihat ada kejanggalan di bangsa kita. Saya melihat sudah berapa puluh tahun negara yang begini kaya, rakyatnya masih banyak yang miskin. Saya tidak dapat menerima di akal sehat dan di hati saya bagaimana negara yang begini makmur, bagaimana negara yang berjuang ratusan tahun untuk merdeka tetapi kekayaannya kurang dinikmati oleh sebagian besar rakyat Indonesia. Terutama yang tidak masuk di akal saya, bagaimana bisa negara yang begini besar, negara yang diberi karunia oleh yang Mahakuasa, bumi yang luas, bumi yang kaya, tanah yang subur, tetapi kita tergantung bangsa lain untuk pangan kita. Kita impor, impor, impor, impor pangan. Tidak masuk di hati saya, tidak masuk di akal saya. Saya memang bukan orang pintar, saya tidak punya gelar profesor tetapi saya bisa melihat yang benar dan yang tidak benar. Saya bisa melihat yang masuk akal dan yang tidak masuk akal. Saya bisa merasakan keadilan dan yang tidak adanya keadilan. Karena itu, saya berjuang terus, saya dituduh mau jadi diktator, saya dituduh mau berkuasa, saya dituduh mau kudeta, tetapi saya sejak muda saya bersumpah sebagai prajurit adalah prajurit dari Tentara Nasional Indonesia, TNI adalah tentara rakyat, TNI lahir rakyat, waktu kita berjuang kita diberi makan oleh rakyat Indonesia. Waktu kita menyatakan kemerdekaan, waktu kita menyatakan kemerdekaan tanggal 17 Agustus 1945 tidak ada anggaran, belum ada Kementerian Keuangan, belum ada pajak, belum ada bea cukai, siapa yang biayai pejuang-pejuang, siapa yang mendukung perang kemerdekaan, yang mendukung perang kemerdekaan adalah rakyat Indonesia, yang memberi makan kepada tentara pejuang-pejuang adalah para petani Indonesia. Kita tidak bakal merdeka tanpa jasa para petani kita, Saudara-saudara sekalian.

Saudara-saudara sekalian,
Saya masuk tentara tahun '70, tahun '70, tahun '70, tetapi saya merasakan setiap saya latihan di desa-desa Jawa Tengah, Jawa Barat, rakyat keluar dari rumah, rumah-rumah yang sederhana, rumah-rumah gedek yang lantainya masih tanah, mereka keluar dari rumah, mereka memberi minuman teh, mereka memberi pisang, mereka memberi singkong kepada kami, Saudara-saudara sekalian, padahal untuk masak itu dia harus ambil kayu yang cukup jauh, dia harus ambil air yang cukup jauh, begitu cintanya rakyat kepada tentara, begitu sadarnya para petani terhadap negara bangsa Indonesia. Para petanilah yang paling setia, yang paling loyal dan yang paling merah putih di Republik Indonesia ini, Saudara-saudara sekalian.

Dan, saya tidak habis pikir, puluhan tahun para petani kita, para nelayan kita kurang dihormati, kurang dibela, kurang dilindungi. Waktu saya berhenti dari tentara saya merasa dihormati, saya merasa terhormat, tokoh-tokoh HKTI, tokoh-tokoh KTNA minta saya mantan Panglima Kostrad untuk menjadi Ketua Umum HKTI, Saudara-saudara sekalian. Dan, saya terima ajakan itu sebagai ajakan yang sangat mulia, saya diminta membela kepentingan petani dan nelayan Indonesia. Ini sungguh kehormatan bagi saya. Saya ingat waktu saya masih sangat muda, rakyat yang memberi makan kepada saya, saya tidak lupa, ini kesempatan pikiran saya, saya membalas budi, saya membayar hutang kembali pada para petani Indonesia. Saya jadi jenderal karena petani Indonesia, saya jadi jenderal karena rakyat Indonesia. Pangkat yang saya emban adalah dari rakyat, karena itu saya sekarang harus berbakti untuk rakyat. Dan, ini adalah kesadaran dari pembantu-pembantu saya semua. Mereka, Saudara-saudara sekalian, banyak di antara tokoh-tokoh ini sebenarnya mereka sudah mapan. Tuhan sudah memberi kebaikan dan rezeki kepada mereka.

Saudara Amran pengusaha yang sukses, beliau jadi menteri adalah pengorbanan. Beliau menteri yang, enggak tahu saya sehari mungkin tidur tiga, empat jam. Saya kadang-kadang merasa prihatin, tapi saya dalam hati juga bangga. Saudara Zulkifli Hasan demikian juga masih mau berjuang, masih mau terjun di politik. Orang-orang yang masuk ke politik ini juga merasa aneh juga Saudara masih mau masuk politik. Politik di Indonesia ini pengorbanan, ingin mengabdi, ingin berbuat baik selalu di kuyu-kuyu, selalu dicari-cari kesalahan dan kejelekannya. Tetapi tidak apa-apa. Saya selalu katakan semakin naik ke puncak, semakin diterpa angin yang kencang, mereka yang kuat yang akan sampai di atas.

Saudara-saudara,
Para pemimpin, para pejabat, para Gubernur/Bupati, para Wali Kota, para dirut-dirut BUMN, jangan gentar, jangan ragu-ragu, para adik-adik saya, Menteri-menteri ini jangan. Kehormatan, berjuang untuk rakyat, kehormatan, kita semua akan dipanggil yang Mahakuasa, itu kepastian saudara-saudara. Dan, selalu saya katakan, kalau gajah meninggal dia tinggalkan gading, harimau meninggal dia tinggalkan belang. Manusia pada saat kita dipanggil yang kita tinggalkan hanya nama, nama, nama baik. Tetapi pada saat kita dipanggil apakah rakyat [mengatakan], ""Dia waktu mimpin dia orang baik, waktu dia memimpin dia selalu membela rakyat, waktu dia memimpin dia selalu membela keadilan, waktu dia memimpin dia selalu membela orang yang lemah, waktu dia pimpin dia selalu membela orang yang miskin, waktu dia memimpin dia selalu tegakkan keadilan.""Saya kira keluarga kita semua akan merasa bangga. Daripada nanti kalau dipanggil [rakyat], ""Dia dulu maling, dia dulu koruptor, dia dulu curi uang rakyat, dia memperkaya diri"".

Jadi, Saudara-saudara, bersyukurlah kalau kau diberi kepercayaan, ini kesempatan kita berbakti, kesempatan memberi yang terbaik yang bisa kita berikan, karena Saudara-saudara kadang-kadang kebenaran dan keadilan hanya bisa datang dengan kepemimpinan yang berani dan jujur. Karena itu, Saudara-saudara, hari ini kita telah mencatat suatu kemenangan yang penting. Tidak ada bangsa yang merdeka kalau makan tidak bisa tersedia untuk rakyat, ndak ada, tidak mungkin. Tidak mungkin bangsa itu merdeka, kalau makan pangan tergantung bangsa lain. Dan, ini sudah dibuktikan, begitu ada Covid-19 negara yang punya beras tidak mau jual ke kita. Saya tahu waktu itu, saya sudah menteri, saya ngerti benar-benar. Presiden kita waktu itu sampaikan ke saya, beliau terbang ke sini, terbang ke sana, nego sama pemimpin-pemimpin negara yang punya beras. Akhirnya karena hubungan baik beliau dengan beberapa tokoh, akhirnya mereka waktu Covid-19 adalah pembuka mata, waktu Covid-19 pandemi ada warning, adalah peringatan, adalah lampu kuning bagi bangsa Indonesia, jangan mau, jangan lengah, jangan tergantung bangsa lain apalagi untuk makan. Juga, untuk BBM, untuk energi.

Saudara-saudara,
Yang Mahakuasa telah memberi karunia yang luar biasa, ternyata dari pertanian kita bisa tidak tergantung bangsa lain, juga soal makan tetapi juga soal energi. Dari kelapa sawit kita bisa menghasilkan solar, dari singkong kita bisa menghasilkan etanol untuk bensin, dari tebu kita juga bisa hasilkan etanol, Saudara-saudara sekalian, luar biasa. Waktu saya dilantik jadi Presiden memang saya beri target 4 tahun swasembada beras, swasembada pangan. Terima kasih seluruh komunitas pertanian di Indonesia Saudara bekerja keras, Saudara bersatu, Saudara kompak, Saudara hasilkan yang empat tahun saudara berikan kepada bangsa dan negara, satu tahun kita sudah swasembada, satu tahun kita sudah berdiri di atas kaki kita sendiri, satu tahun kita tidak tergantung bangsa-bangsa lain, Saudara-saudara sekalian.

Saudara-saudara,
Saya sungguh meyakini dan saya sungguh bangga bahwa hari ini Saudara-saudara berhasil sebagai putra-putri terbaik bangsa. Saudara buktikan bahwa Indonesia bisa. Ada elit kita sebagian yang kerjanya hanya ngejek, hujat, fitnah, nyinyir, enggak ada keberhasilan bangsa Indonesia. Atlet-atlet kita berjuang, enggak ada mereka ucapan selamat. Enggak ada mereka menghargai usaha pemerintah, malah selalu ngenyek, ini aneh ya, aneh ini, kesehatan jiwa mereka agak aneh gitu. Saya sendiri bingung tetapi biarlah enggak ada urusan itu, saya kira sedikit mereka itu, mereka pintarnya hanya di sosmed, enggak jelas juga itu, jangan-jangan mereka di bayar. Yang penting Saudara-saudara, hari ini Saudara memberi kepada bangsa dan negara bukti yang nyata. Saudara telah menurut saya mencatat tonggak penting dalam kemerdekaan bangsa Indonesia.

Saudara-saudara,
Banyak tokoh-tokoh penting ngomong ke saya beberapa bulan yang lalu [mengatakan], ""Pak Bowo, enggak mungkin swasembada Indonesia itu"", sungguh ini ngomong ke saya, tidak mungkin swasembada itu. ""Amran itu hati-hati, amran itu kadang-kadang banyak janjinya saja.""Tetapi hari ini, Saudara-saudara sekalian, Saudara Andi Amran Sulaiman saya beri bintang jasa utama. Dia bersama kalian, jajaran kalian semua ini, semua kalian telah mengamankan masa depan bangsa Indonesia. Dan, saya percaya habis ini kita tidak akan bisa diberhentikan. Saya melihat tadi produk-produk hilirisasi, produk-produk dari pertanian luar biasa.

Saudara-saudara,
Nanti dengan swasembada pangan dimana-mana, tidak hanya beras tetapi jagung saya dijanjikan oleh Pak Amran, oleh Wakil Menteri Pertanian, didukung oleh TNI dan Polri, dijanjikan bahwa jagung pun kita dalam waktu dekat akan swasembada. Pakan akan murah untuk seluruh peternak dan petani, kita akan turunkan harga pakan. Kita sudah turunkan harga pupuk, kalau bisa kita turunkan lagi harga pupuk, Saudara-saudara sekalian. Saya ingin jadi presiden, saya ingin jadi presiden, prestasi saya yang saya idam-idamkan kalau saya bisa jadi presiden di mana harga-harga turun, harga pangan turun, harga pupuk turun, harga benih turun, harga untuk rakyat-rakyat kita turun terjangkau di semua bidang. Saya ingin nanti anak-anak petani kembali anak-anaknya bisa sekolah tinggi, anak-anaknya bisa jadi insinyur, anak-anaknya bisa jadi dokter, anak-anaknya bisa jadi jenderal seperti sekarang itu Menteri Pertanian-mu anaknya petani, Wakil Menteri Pertanian-mu anaknya petani, sekarang jadi Menteri dan jadi Wakil Menteri. Kalau dia itu petani asli, mereka ini, kulitnya hitam enggak ada petani yang benar kulitnya putih, yang kulitnya putih itu bintang film atau penyanyi, penyanyi band. Memang Menteri Pertanian dan Wakil Menteri Pertanian ini cocok, cocok itu, kalau berjalan itu, kalau berjalan itu serasi, nomor 1 dan nomor 2, sama-sama hitam. Kalau malam gelap itu enggak kelihatan itu, hanya giginya yang kelihatan kalau senyum.

Saudara-saudara,
Tetapi saya bangga dengan kalian, ya. Hari ini bahagia bagi saya, bahagia, saya senang sekali. Dan, saya melihat tadi penuh harapan, penuh keyakinan. Kalau banyak tokoh nyinyir mengatakan kita tidak bisa swasembada pangan, hari ini kita buktikan kita swasembada pangan. Sekarang setelah kita swasembada pangan, saya dengar lagi, ""Oh iya, tetapi paling swasembada pangannya paling setahun, dua tahun.""Enggak apa-apa kita buktikan tiap tahun kita buktikan swasembada, swasembada, swasembada, swasembada, swasembada, swasembada, tidak hanya swasembada beras [tetapi] jagung, singkong, semuanya kita swasembada nanti, bawang putih kita harus swasembada.

Saudara-saudara,
Ternak, ikan, semuanya kita akan produksi besar-besaran, kita akan buka ribuan desa-desa nelayan, kita akan buka ratusan budi daya ikan. Saudara-saudara sekalian, rakyat kita, anak-anak kita harus makan protein yang banyak, dia harus tumbuh kuat, tumbuh pintar dan tumbuh menjadi masa depan Indonesia yang hebat.

Saudara-saudara sekalian,
Ini rencana besar kita, ini hari ini saya sungguh terima kasih, hari ini saya merasa dapat dorongan, saya merasa dapat kekuatan energi, saya merasa sepertinya menjadi 30 tahun lebih muda, karena saya melihat tadi penghasilan petani kita naik. Dan, saya juga dapat laporan dari Menteri Kelautan, Menteri Kelautan ada? Hasil daripada nelayan-nelayan kita juga naik dan di tahun-tahun mendatang akan lebih naik lagi. Tahun 2026 ini kita targetkan 1.100 desa nelayan, tahun-tahun depan mungkin lebih banyak lagi.

Hari ini kita sudah memberi makan bergizi gratis 55 juta anak Indonesia, 55 juta dalam satu tahun, belum ada bangsa lain yang bisa seperti kita, Saudara-saudara. Walaupun terus kita dinyinyir tidak ada apa-apa, yang penting kita bekerja untuk rakyat. Tadi waktu saya datang, rakyat banyak juga yang teriak, ""Pak, desa kami belum terima MBG."" Saya minta maaf kemampuan kita tetapi insyaallah tahun 2026 ini seluruh desa di Indonesia akan menerima MBG. Sasaran kita Desember 2026 semua desa mendapatkan MBG, mudah-mudahan bisa lebih cepat tetapi Desember kita harus semua anak Indonesia dan semua ibu hamil dan semua orang tua lansia juga kita beri makan.

Saya kira mungkin bangsa Indonesia adalah bangsa nanti yang terbukti mengurus rakyatnya yang sebaik-baiknya, tetapi nah ada tetapinya, tetapi para pejabat, para pemimpin, rekan-rekan saya pembantu-pembantu saya saya minta dukunganmu mari kita bersatu, mari kita kompak. Kita melawan korupsi, kita berantas penyelewengan, kita tegakkan hukum, jangan ragu-ragu, jangan ragu-ragu. Kita sudah mengawasi, sudah sita 4 juta hektare kebun kelapa sawit yang melanggar hukum sudah kita sita. Jampidsus benar? Jaksa Agung? Dan, tahun 2026 mungkin kita akan sita tambahan 4 atau 5 juta lagi. Kita sudah bertindak terhadap ratusan tambang ilegal, sudah ratusan triliun kita selamatkan, masih banyak yang bocor, terus kita kerja. Karena, Saudara-saudara, uang rakyat harus benar-benar harus dinikmati oleh seluruh rakyat Indonesia. Tidak boleh sepeser rupiah pun tidak sampai ke rakyat. Ini tekad saya sebagai presiden yang dilantik dan dipilih oleh rakyat, ini tugas Kabinet Merah Putih.

Alhamdulillah, setelah satu tahun saya melihat kabinet yang saya pimpin bekerja saya bangga. Kerja sama kita cukup baik, kita sudah menjadi tim yang tidak menunggu perintah sudah mengerti, ibarat tim sepak bola masing-masing sudah mengerti tugasnya, yang striker, yang di tengah, yang bertahan, yang cadangan pun tahu menjadi cadangan yang baik, pada saatnya akan dimainkan.

Saudara-saudara sekalian,

Saya kira cukup yang ingin saya sampaikan, terima kasih. Hanya itu yang bisa saya sampaikan, tadi Menteri Pertanian [mengatakan], ""Terima kasih, terima kasih, terima kasih"", beliau sudah mewakili saya, tetapi saya sampaikan penghargaan terima kasih kepada saya secara garis besar kepada semua, semua Gubernur, semua Bupati, semua pemimpin, saya tidak mandang partai mana, kelompok mana, tidak ada. Saya ndak tanya, saya enggak mau tahu, kita semua putra merah putih, kita semua anak bangsa Indonesia. Persaingan baik, enggak ada urusan, bertanding bagus, masa mau bertanding, enggak ada lawan tanding, enggak seru dong, benar. Kita mau lomba 100 meter, lari sendiri enggak ada lawannya, enggak lucu itu, ya kan? Itu dagelan namanya itu. Enggak apa-apa, tetapi bersaing tujuannya sama, begitu siapapun yang menang harus bekerja, harus membela rakyat, harus bekerja sesungguhnya untuk rakyat Indonesia. Jangan berkuasa habis itu menjual diri, iya kan? Aku satu tahun saja jadi Presiden geleng-geleng kepala juga saya, berapa kali saya mau disogok, bolak-balik datang minta ini, minta itu. Tegakkan peraturan, tegakkan sesuai dengan kepentingan dan negara, saya ndak ikut yang lain-lain.

Kemarin, saya dikasih daftar. Pak, ini daftar sekian puluh perusahaan yang melanggar yang mau dicabut izinnya, silakan Bapak pelajari. Saya bilang, ""Saya enggak mau, saya enggak mau lihat itu, karena saya takut ada teman saya di situ."" Iya kan?"" Enggak enak, bisa terpengaruh saya. Begitu lihat daftar, oh teman saya, begitu lihat eh ini Gerindra lagi. Jadi lebih baik saya enggak lihat, saya enggak mau tahu. Jadi kalau yang dicabut ya salahkan saja Jaksa Agung, iya kan? Memang kalian Menteri-menteri kalian diangkat iya kan, kalian diangkat untuk ya untuk dihujat, enggak apa-apa. Saya enggak mau baca karena saya tidak mau terpengaruh. Kemarin ada Menteri [mengatakan], ""Pak, pak, tolong di baca ini Pak, ini ada nama-namanya."" Eh, jangan-jangan. Saya takut ada teman saya di situ atau ada anggota Gerindra, kalau sekarang saya bilang saya enggak tahu, saya serahkan ke aparat penegak hukum. Mereka tanya ""Pak, apa petunjuk?"", yang melanggar tindak, sederhana. Bahasa Indonesia enggak usah ditafsirkan. Undang-Undang Dasar 1945 Pasal 33 jelas, enggak usah ada penerjemah: Bumi dan air dan semua kekayaan yang terkandung didalamnya dikuasai negara dan dipergunakan sebesar-besarnya untuk kemakmuran rakyat. Apa yang kurang jelas? Yang tidak paham keluar saja dari jabatan, segera mengundurkan diri, banyak yang bisa gantikan Saudara-saudara ya. Enggak usah takut. Anak-anak muda yang baik-baik itu mau berjuang untuk kebaikan.

Jadi, Saudara-saudara, terima kasih pengabdianmu. Prestasi luar biasa ini membuat kita tambah percaya dari hasil menuju hasil, dari kemenangan menuju kemenangan-kemenangan baru. Kepercayaan diri kita mampu, Indonesia mampu, Indonesia cerah, Indonesia semangat, Indonesia makmur dan kemakmuran harus sungguh di tangan rakyat Indonesia.

Saudara-saudara sekalian,
Saya ini mantan tentara, prajurit, di tentara ada adab tentara, kebiasaan tentara, yaitu bawahan hormat atasan, itu, itu di Indonesia saja. Di beberapa negara, atasan dan bawahan hormat bersamaan. Tetapi, saya punya dari sejak muda saya memimpin pasukan tempur, saya punya kebiasaan. Kadang-kadang saya memimpin pasukan saya dengan keras, tapi akhirnya mendapat keberhasilan dan akhirnya saya menjadi kagum dan bangga dengan anak buah saya, dan akhirnya saya yang hormat mereka duluan.

Saudara-saudara sekalian,
Izinkanlah saya mengikuti naluri saya, mengikuti kebiasaan saya dari sejak muda. Izinkan saya hormat kepada seluruh dari kalian yang telah berjuang mengabdi sehingga kita swasembada pangan.

Terima kasih.

Wassalamu'alaikum warahmatullahi wabarakatuh.
Salam sejahtera bagi kita sekalian,
Syalom,
Salve,
Om santi santi santi om,
Namo Buddhaya,
Salam kebajikan.

Merdeka!
Merdeka!
Merdeka!

Hidup Petani!
Petani Makmur!
Indonesia Sejahtera !
Indonesia Maju!

Terima kasih.
Selamat Berjuang!

Dengan mengucap bismillahirrahmanirrahim, pada pagi hari ini, hari Rabu tanggal 7 Januari 2026, saya Prabowo Subianto, Presiden Republik Indonesia, dengan ini mengumumkan telah tercapainya swasembada pangan tahun 2025 bagi seluruh bangsa Indonesia.

Terima kasih.","bismillahirrahmanirrahim.

assalamu'alaikum warahmatullahi wabarakatuh,
selamat siang,
salam sejahtera bagi kita sekalian,
syalom,
salve,
om swastiastu,
namo buddhaya,
salam kebajikan,
rahayu, rahayu.

yang saya hormati, menteri pertanian sebagai penyelenggara saudara andi amran sulaiman beserta jajaran kementerian pertanian;
menteri koordinator pangan saudara zulkifli hasan, para menteri, kepala badan, jaksa agung, kapolri, wakil panglima tni, para kepala staf angkatan;
kepala brin yang saya hormati;
kepala perum bulog letnan jenderal tni (purn.) ahmad rizal ramdhani yang saya hormati;
wakil menteri pertanian saudara sudaryono yang merangkap ketua umum hkti, ketua umum appsi, masih? ketua umum tni merdeka, banyak sekali kau [menjabat] ketua umum?
ketua komisi iv dpr ri, yang saya hormati saudari siti hediati soeharto, tepuk tangannya kok panjang banget?

para kepala daerah yang hadir langsung dan para kepala daerah yang tidak hadir tetapi lewat online. yang hadir langsung di sini gubernur jawa barat saudara dedi mulyadi (kdm), gubernur jawa timur saudara khofifah indar parawansa, gubernur sumatra selatan saudara herman deru, gubernur sulawesi selatan saudara andi sudirman sulaiman, gubernur sumatra utara saudara bobby afif nasution, bupati karawang saudara aep syaepuloh, para gubernur/bupati/wali kota yang hadir melalui online yang saya hormati dan saya banggakan, yang hadir secara virtual;
yang saya hormati, para dirut bumn yang berkenan hadir di sini sekarang, juga para asosiasi yang hadir [diantaranya] perhimpunan insan perunggasan rakyat indonesia (pinsar), gabungan pengusaha makanan ternak (gpmt), asosiasi perbenihan indonesia, ketua kolaborasi strategis penggilingan indonesia, asosiasi penggilingan padi, masyarakat perbenihan dan pembibitan indonesia, asosiasi pedagang dan produsen jagung indonesia, penyedia katalog elektronik benih padi indonesia, gabungan pengusaha kelapa sawit indonesia, asosiasi petani tebu republik indonesia, perhimpunan agronomi indonesia, ketua umum aptri hadir? hadir enggak di sini aptri? baik.

yang saya hormati dan saya banggakan, para kelompok tani, para penyuluh pertanian dan terutama para petani dari seluruh indonesia yang saya hormati, yang saya cintai dan yang saya banggakan;
seluruh hadirin, undangan, rekan-rekan pers dan media yang hadir langsung maupun yang hadir secara virtual.

saudara-saudara,
karena tadi mungkin banyak tokoh-tokoh sudah di sebut satu-satu mungkin saya tidak perlu mengulangi lagi tanpa mengurangi rasa hormat saya, tetapi kalau diminta mengulangi, saya siap mengulangi juga. ini banyak sekali, tetapi tidak apa-apa. perlu dibacakan satu-satu? cukup? baik. tanpa mengurangi rasa hormat tetapi di sini banyak dirut perusahaan-perusahaan penting, dirut perusahaan-perusahaan penting: ptpn 3, ptpn 4, ptpn 1, riset perkebunan nusantara, sinergi gula nusantara, agrinas palma, agrinas pangan nusantara. agrinas palma hadir dirutnya? agrinas palma? catat ya, ini sambil diabsen ini. dirut pt berdikari saudara maryadi, dirut sang hyang seri, dirut pt pusri saudara maryono, dirut pupuk kujang. baik, terima kasih. bupati-bupati juga penting ini. bupati banyuasin, bupati sukabumi, bupati tasikmalaya pak cecep nurul yakin, bupati ogan komering ulu timur saudara lanosin, bupati cianjur terima kasih pak mohammad wahyu ferdian, bupati bojonegoro tadi sudah ya, bupati indramayu saudara lucky hakim, bupati wajo saudara andi rosman hadir? terima kasih. bupati merauke saudara yoseph gebze terima kasih hadir jauh-jauh dari merauke. bupati bandung saudara dadang supriatna, terima kasih, bupati subang saudara reynaldy putra, bupati bekasi saudara asep surya atmaja, terima kasih. wali kota tasikmalaya saudara viman alfarizi ramadhan, terima kasih, saudara-saudara sekalian.

menteri-menteri perlu? sudah tadi ya disebut, sekalian sudah tadi saya catat sebagai absen. terima kasih.

saudara-saudara,
selalu sebagai insan yang bertakwa, marilah kita tidak henti-hentinya memanjatkan puji syukur ke hadirat tuhan mahabesar, mahakuasa, bagi umat islam allah swt yang memiliki sekalian alam, hanya kepadanya lah kita berdoa dan hanya kepadanya lah kita meminta pertolongan. kita bersyukur atas segala kebaikan, karunia, kedamaian dan atas kesehatan yang masih diberikan kepada kita, sehingga kita dapat berkumpul di siang hari ini. kita hadir di sini dalam acara yang sangat besar artinya, sangat penting dan sangat membanggakan. walaupun selalu, kita selalu ingat saudara-saudara kita di tempat-tempat yang jauh dari sini, yang mengalami musibah beberapa puluh hari lalu di aceh, sumatra barat, sumatra utara tetapi juga ada di jawa timur, di jawa tengah, ada di kalimantan, ada beberapa tempat. kita selalu ingat saudara-saudara kita, tetapi kita juga bangga melihat pengabdian darmabakti. banyak unsur dari seluruh lapisan masyarakat, tni, polri, bnpb, basarnas, pu, pln, perusahaan-perusahaan danantara, semua bahu-membahu termasuk banyak relawan dari mana-mana. kita buktikan bangsa indonesia bangsa yang kuat, bangsa yang berkemampuan, bangsa yang berdiri di atas kaki kita sendiri.

saudara-saudara sekalian,
terima kasih atas kehormatan yang diberikan kepada saya, diundang hari ini pada acara panen raya dan pengumuman resmi bahwa indonesia berhasil kembali menjadi bangsa yang swasembada pangan. terima kasih.

saudara-saudara,
saya selalu mengatakan dimana-mana bahwa bangsa indonesia harus sungguh-sungguh menjadi bangsa yang waspada, bangsa yang selalu mau mengoreksi diri, bangsa yang selalu berani menghadapi segala keadaan.

saudara-saudara sekalian,
kita mengerti dan paham bahwa bangsa kita negara yang kaya. setelah saya dipilih dan diangkat menjadi presiden, setelah saya mengambil alih pemerintahan saya paham, lebih paham, lebih mengerti atas kekayaan-kekayaan kita. tetapi, saya harus katakan saya prihatin, saya sedih dengan kenyataan bahwa banyak kenyataan kita yang tidak pandai kita kelola, sehingga banyak kekayaan kita yang bocor. dari dulu saya mengerti hal ini, tetapi saya tidak mengerti seberapa banyak kebocoran itu. dari tahun ke tahun sebelum saya menjadi presiden saya berjuang, berjuang sebagai ketua umum hkti, berjuang sebagai ketua umum sebuah partai, kenapa? karena, saya melihat ada kejanggalan di bangsa kita. saya melihat sudah berapa puluh tahun negara yang begini kaya, rakyatnya masih banyak yang miskin. saya tidak dapat menerima di akal sehat dan di hati saya bagaimana negara yang begini makmur, bagaimana negara yang berjuang ratusan tahun untuk merdeka tetapi kekayaannya kurang dinikmati oleh sebagian besar rakyat indonesia. terutama yang tidak masuk di akal saya, bagaimana bisa negara yang begini besar, negara yang diberi karunia oleh yang mahakuasa, bumi yang luas, bumi yang kaya, tanah yang subur, tetapi kita tergantung bangsa lain untuk pangan kita. kita impor, impor, impor, impor pangan. tidak masuk di hati saya, tidak masuk di akal saya. saya memang bukan orang pintar, saya tidak punya gelar profesor tetapi saya bisa melihat yang benar dan yang tidak benar. saya bisa melihat yang masuk akal dan yang tidak masuk akal. saya bisa merasakan keadilan dan yang tidak adanya keadilan. karena itu, saya berjuang terus, saya dituduh mau jadi diktator, saya dituduh mau berkuasa, saya dituduh mau kudeta, tetapi saya sejak muda saya bersumpah sebagai prajurit adalah prajurit dari tentara nasional indonesia, tni adalah tentara rakyat, tni lahir rakyat, waktu kita berjuang kita diberi makan oleh rakyat indonesia. waktu kita menyatakan kemerdekaan, waktu kita menyatakan kemerdekaan tanggal 17 agustus 1945 tidak ada anggaran, belum ada kementerian keuangan, belum ada pajak, belum ada bea cukai, siapa yang biayai pejuang-pejuang, siapa yang mendukung perang kemerdekaan, yang mendukung perang kemerdekaan adalah rakyat indonesia, yang memberi makan kepada tentara pejuang-pejuang adalah para petani indonesia. kita tidak bakal merdeka tanpa jasa para petani kita, saudara-saudara sekalian.

saudara-saudara sekalian,
saya masuk tentara tahun '70, tahun '70, tahun '70, tetapi saya merasakan setiap saya latihan di desa-desa jawa tengah, jawa barat, rakyat keluar dari rumah, rumah-rumah yang sederhana, rumah-rumah gedek yang lantainya masih tanah, mereka keluar dari rumah, mereka memberi minuman teh, mereka memberi pisang, mereka memberi singkong kepada kami, saudara-saudara sekalian, padahal untuk masak itu dia harus ambil kayu yang cukup jauh, dia harus ambil air yang cukup jauh, begitu cintanya rakyat kepada tentara, begitu sadarnya para petani terhadap negara bangsa indonesia. para petanilah yang paling setia, yang paling loyal dan yang paling merah putih di republik indonesia ini, saudara-saudara sekalian.

dan, saya tidak habis pikir, puluhan tahun para petani kita, para nelayan kita kurang dihormati, kurang dibela, kurang dilindungi. waktu saya berhenti dari tentara saya merasa dihormati, saya merasa terhormat, tokoh-tokoh hkti, tokoh-tokoh ktna minta saya mantan panglima kostrad untuk menjadi ketua umum hkti, saudara-saudara sekalian. dan, saya terima ajakan itu sebagai ajakan yang sangat mulia, saya diminta membela kepentingan petani dan nelayan indonesia. ini sungguh kehormatan bagi saya. saya ingat waktu saya masih sangat muda, rakyat yang memberi makan kepada saya, saya tidak lupa, ini kesempatan pikiran saya, saya membalas budi, saya membayar hutang kembali pada para petani indonesia. saya jadi jenderal karena petani indonesia, saya jadi jenderal karena rakyat indonesia. pangkat yang saya emban adalah dari rakyat, karena itu saya sekarang harus berbakti untuk rakyat. dan, ini adalah kesadaran dari pembantu-pembantu saya semua. mereka, saudara-saudara sekalian, banyak di antara tokoh-tokoh ini sebenarnya mereka sudah mapan. tuhan sudah memberi kebaikan dan rezeki kepada mereka.

saudara amran pengusaha yang sukses, beliau jadi menteri adalah pengorbanan. beliau menteri yang, enggak tahu saya sehari mungkin tidur tiga, empat jam. saya kadang-kadang merasa prihatin, tapi saya dalam hati juga bangga. saudara zulkifli hasan demikian juga masih mau berjuang, masih mau terjun di politik. orang-orang yang masuk ke politik ini juga merasa aneh juga saudara masih mau masuk politik. politik di indonesia ini pengorbanan, ingin mengabdi, ingin berbuat baik selalu di kuyu-kuyu, selalu dicari-cari kesalahan dan kejelekannya. tetapi tidak apa-apa. saya selalu katakan semakin naik ke puncak, semakin diterpa angin yang kencang, mereka yang kuat yang akan sampai di atas.

saudara-saudara,
para pemimpin, para pejabat, para gubernur/bupati, para wali kota, para dirut-dirut bumn, jangan gentar, jangan ragu-ragu, para adik-adik saya, menteri-menteri ini jangan. kehormatan, berjuang untuk rakyat, kehormatan, kita semua akan dipanggil yang mahakuasa, itu kepastian saudara-saudara. dan, selalu saya katakan, kalau gajah meninggal dia tinggalkan gading, harimau meninggal dia tinggalkan belang. manusia pada saat kita dipanggil yang kita tinggalkan hanya nama, nama, nama baik. tetapi pada saat kita dipanggil apakah rakyat [mengatakan], ""dia waktu mimpin dia orang baik, waktu dia memimpin dia selalu membela rakyat, waktu dia memimpin dia selalu membela keadilan, waktu dia memimpin dia selalu membela orang yang lemah, waktu dia pimpin dia selalu membela orang yang miskin, waktu dia memimpin dia selalu tegakkan keadilan.""saya kira keluarga kita semua akan merasa bangga. daripada nanti kalau dipanggil [rakyat], ""dia dulu maling, dia dulu koruptor, dia dulu curi uang rakyat, dia memperkaya diri"".

jadi, saudara-saudara, bersyukurlah kalau kau diberi kepercayaan, ini kesempatan kita berbakti, kesempatan memberi yang terbaik yang bisa kita berikan, karena saudara-saudara kadang-kadang kebenaran dan keadilan hanya bisa datang dengan kepemimpinan yang berani dan jujur. karena itu, saudara-saudara, hari ini kita telah mencatat suatu kemenangan yang penting. tidak ada bangsa yang merdeka kalau makan tidak bisa tersedia untuk rakyat, ndak ada, tidak mungkin. tidak mungkin bangsa itu merdeka, kalau makan pangan tergantung bangsa lain. dan, ini sudah dibuktikan, begitu ada covid-19 negara yang punya beras tidak mau jual ke kita. saya tahu waktu itu, saya sudah menteri, saya ngerti benar-benar. presiden kita waktu itu sampaikan ke saya, beliau terbang ke sini, terbang ke sana, nego sama pemimpin-pemimpin negara yang punya beras. akhirnya karena hubungan baik beliau dengan beberapa tokoh, akhirnya mereka waktu covid-19 adalah pembuka mata, waktu covid-19 pandemi ada warning, adalah peringatan, adalah lampu kuning bagi bangsa indonesia, jangan mau, jangan lengah, jangan tergantung bangsa lain apalagi untuk makan. juga, untuk bbm, untuk energi.

saudara-saudara,
yang mahakuasa telah memberi karunia yang luar biasa, ternyata dari pertanian kita bisa tidak tergantung bangsa lain, juga soal makan tetapi juga soal energi. dari kelapa sawit kita bisa menghasilkan solar, dari singkong kita bisa menghasilkan etanol untuk bensin, dari tebu kita juga bisa hasilkan etanol, saudara-saudara sekalian, luar biasa. waktu saya dilantik jadi presiden memang saya beri target 4 tahun swasembada beras, swasembada pangan. terima kasih seluruh komunitas pertanian di indonesia saudara bekerja keras, saudara bersatu, saudara kompak, saudara hasilkan yang empat tahun saudara berikan kepada bangsa dan negara, satu tahun kita sudah swasembada, satu tahun kita sudah berdiri di atas kaki kita sendiri, satu tahun kita tidak tergantung bangsa-bangsa lain, saudara-saudara sekalian.

saudara-saudara,
saya sungguh meyakini dan saya sungguh bangga bahwa hari ini saudara-saudara berhasil sebagai putra-putri terbaik bangsa. saudara buktikan bahwa indonesia bisa. ada elit kita sebagian yang kerjanya hanya ngejek, hujat, fitnah, nyinyir, enggak ada keberhasilan bangsa indonesia. atlet-atlet kita berjuang, enggak ada mereka ucapan selamat. enggak ada mereka menghargai usaha pemerintah, malah selalu ngenyek, ini aneh ya, aneh ini, kesehatan jiwa mereka agak aneh gitu. saya sendiri bingung tetapi biarlah enggak ada urusan itu, saya kira sedikit mereka itu, mereka pintarnya hanya di sosmed, enggak jelas juga itu, jangan-jangan mereka di bayar. yang penting saudara-saudara, hari ini saudara memberi kepada bangsa dan negara bukti yang nyata. saudara telah menurut saya mencatat tonggak penting dalam kemerdekaan bangsa indonesia.

saudara-saudara,
banyak tokoh-tokoh penting ngomong ke saya beberapa bulan yang lalu [mengatakan], ""pak bowo, enggak mungkin swasembada indonesia itu"", sungguh ini ngomong ke saya, tidak mungkin swasembada itu. ""amran itu hati-hati, amran itu kadang-kadang banyak janjinya saja.""tetapi hari ini, saudara-saudara sekalian, saudara andi amran sulaiman saya beri bintang jasa utama. dia bersama kalian, jajaran kalian semua ini, semua kalian telah mengamankan masa depan bangsa indonesia. dan, saya percaya habis ini kita tidak akan bisa diberhentikan. saya melihat tadi produk-produk hilirisasi, produk-produk dari pertanian luar biasa.

saudara-saudara,
nanti dengan swasembada pangan dimana-mana, tidak hanya beras tetapi jagung saya dijanjikan oleh pak amran, oleh wakil menteri pertanian, didukung oleh tni dan polri, dijanjikan bahwa jagung pun kita dalam waktu dekat akan swasembada. pakan akan murah untuk seluruh peternak dan petani, kita akan turunkan harga pakan. kita sudah turunkan harga pupuk, kalau bisa kita turunkan lagi harga pupuk, saudara-saudara sekalian. saya ingin jadi presiden, saya ingin jadi presiden, prestasi saya yang saya idam-idamkan kalau saya bisa jadi presiden di mana harga-harga turun, harga pangan turun, harga pupuk turun, harga benih turun, harga untuk rakyat-rakyat kita turun terjangkau di semua bidang. saya ingin nanti anak-anak petani kembali anak-anaknya bisa sekolah tinggi, anak-anaknya bisa jadi insinyur, anak-anaknya bisa jadi dokter, anak-anaknya bisa jadi jenderal seperti sekarang itu menteri pertanian-mu anaknya petani, wakil menteri pertanian-mu anaknya petani, sekarang jadi menteri dan jadi wakil menteri. kalau dia itu petani asli, mereka ini, kulitnya hitam enggak ada petani yang benar kulitnya putih, yang kulitnya putih itu bintang film atau penyanyi, penyanyi band. memang menteri pertanian dan wakil menteri pertanian ini cocok, cocok itu, kalau berjalan itu, kalau berjalan itu serasi, nomor 1 dan nomor 2, sama-sama hitam. kalau malam gelap itu enggak kelihatan itu, hanya giginya yang kelihatan kalau senyum.

saudara-saudara,
tetapi saya bangga dengan kalian, ya. hari ini bahagia bagi saya, bahagia, saya senang sekali. dan, saya melihat tadi penuh harapan, penuh keyakinan. kalau banyak tokoh nyinyir mengatakan kita tidak bisa swasembada pangan, hari ini kita buktikan kita swasembada pangan. sekarang setelah kita swasembada pangan, saya dengar lagi, ""oh iya, tetapi paling swasembada pangannya paling setahun, dua tahun.""enggak apa-apa kita buktikan tiap tahun kita buktikan swasembada, swasembada, swasembada, swasembada, swasembada, swasembada, tidak hanya swasembada beras [tetapi] jagung, singkong, semuanya kita swasembada nanti, bawang putih kita harus swasembada.

saudara-saudara,
ternak, ikan, semuanya kita akan produksi besar-besaran, kita akan buka ribuan desa-desa nelayan, kita akan buka ratusan budi daya ikan. saudara-saudara sekalian, rakyat kita, anak-anak kita harus makan protein yang banyak, dia harus tumbuh kuat, tumbuh pintar dan tumbuh menjadi masa depan indonesia yang hebat.

saudara-saudara sekalian,
ini rencana besar kita, ini hari ini saya sungguh terima kasih, hari ini saya merasa dapat dorongan, saya merasa dapat kekuatan energi, saya merasa sepertinya menjadi 30 tahun lebih muda, karena saya melihat tadi penghasilan petani kita naik. dan, saya juga dapat laporan dari menteri kelautan, menteri kelautan ada? hasil daripada nelayan-nelayan kita juga naik dan di tahun-tahun mendatang akan lebih naik lagi. tahun 2026 ini kita targetkan 1.100 desa nelayan, tahun-tahun depan mungkin lebih banyak lagi.

hari ini kita sudah memberi makan bergizi gratis 55 juta anak indonesia, 55 juta dalam satu tahun, belum ada bangsa lain yang bisa seperti kita, saudara-saudara. walaupun terus kita dinyinyir tidak ada apa-apa, yang penting kita bekerja untuk rakyat. tadi waktu saya datang, rakyat banyak juga yang teriak, ""pak, desa kami belum terima mbg."" saya minta maaf kemampuan kita tetapi insyaallah tahun 2026 ini seluruh desa di indonesia akan menerima mbg. sasaran kita desember 2026 semua desa mendapatkan mbg, mudah-mudahan bisa lebih cepat tetapi desember kita harus semua anak indonesia dan semua ibu hamil dan semua orang tua lansia juga kita beri makan.

saya kira mungkin bangsa indonesia adalah bangsa nanti yang terbukti mengurus rakyatnya yang sebaik-baiknya, tetapi nah ada tetapinya, tetapi para pejabat, para pemimpin, rekan-rekan saya pembantu-pembantu saya saya minta dukunganmu mari kita bersatu, mari kita kompak. kita melawan korupsi, kita berantas penyelewengan, kita tegakkan hukum, jangan ragu-ragu, jangan ragu-ragu. kita sudah mengawasi, sudah sita 4 juta hektare kebun kelapa sawit yang melanggar hukum sudah kita sita. jampidsus benar? jaksa agung? dan, tahun 2026 mungkin kita akan sita tambahan 4 atau 5 juta lagi. kita sudah bertindak terhadap ratusan tambang ilegal, sudah ratusan triliun kita selamatkan, masih banyak yang bocor, terus kita kerja. karena, saudara-saudara, uang rakyat harus benar-benar harus dinikmati oleh seluruh rakyat indonesia. tidak boleh sepeser rupiah pun tidak sampai ke rakyat. ini tekad saya sebagai presiden yang dilantik dan dipilih oleh rakyat, ini tugas kabinet merah putih.

alhamdulillah, setelah satu tahun saya melihat kabinet yang saya pimpin bekerja saya bangga. kerja sama kita cukup baik, kita sudah menjadi tim yang tidak menunggu perintah sudah mengerti, ibarat tim sepak bola masing-masing sudah mengerti tugasnya, yang striker, yang di tengah, yang bertahan, yang cadangan pun tahu menjadi cadangan yang baik, pada saatnya akan dimainkan.

saudara-saudara sekalian,

saya kira cukup yang ingin saya sampaikan, terima kasih. hanya itu yang bisa saya sampaikan, tadi menteri pertanian [mengatakan], ""terima kasih, terima kasih, terima kasih"", beliau sudah mewakili saya, tetapi saya sampaikan penghargaan terima kasih kepada saya secara garis besar kepada semua, semua gubernur, semua bupati, semua pemimpin, saya tidak mandang partai mana, kelompok mana, tidak ada. saya ndak tanya, saya enggak mau tahu, kita semua putra merah putih, kita semua anak bangsa indonesia. persaingan baik, enggak ada urusan, bertanding bagus, masa mau bertanding, enggak ada lawan tanding, enggak seru dong, benar. kita mau lomba 100 meter, lari sendiri enggak ada lawannya, enggak lucu itu, ya kan? itu dagelan namanya itu. enggak apa-apa, tetapi bersaing tujuannya sama, begitu siapapun yang menang harus bekerja, harus membela rakyat, harus bekerja sesungguhnya untuk rakyat indonesia. jangan berkuasa habis itu menjual diri, iya kan? aku satu tahun saja jadi presiden geleng-geleng kepala juga saya, berapa kali saya mau disogok, bolak-balik datang minta ini, minta itu. tegakkan peraturan, tegakkan sesuai dengan kepentingan dan negara, saya ndak ikut yang lain-lain.

kemarin, saya dikasih daftar. pak, ini daftar sekian puluh perusahaan yang melanggar yang mau dicabut izinnya, silakan bapak pelajari. saya bilang, ""saya enggak mau, saya enggak mau lihat itu, karena saya takut ada teman saya di situ."" iya kan?"" enggak enak, bisa terpengaruh saya. begitu lihat daftar, oh teman saya, begitu lihat eh ini gerindra lagi. jadi lebih baik saya enggak lihat, saya enggak mau tahu. jadi kalau yang dicabut ya salahkan saja jaksa agung, iya kan? memang kalian menteri-menteri kalian diangkat iya kan, kalian diangkat untuk ya untuk dihujat, enggak apa-apa. saya enggak mau baca karena saya tidak mau terpengaruh. kemarin ada menteri [mengatakan], ""pak, pak, tolong di baca ini pak, ini ada nama-namanya."" eh, jangan-jangan. saya takut ada teman saya di situ atau ada anggota gerindra, kalau sekarang saya bilang saya enggak tahu, saya serahkan ke aparat penegak hukum. mereka tanya ""pak, apa petunjuk?"", yang melanggar tindak, sederhana. bahasa indonesia enggak usah ditafsirkan. undang-undang dasar 1945 pasal 33 jelas, enggak usah ada penerjemah: bumi dan air dan semua kekayaan yang terkandung didalamnya dikuasai negara dan dipergunakan sebesar-besarnya untuk kemakmuran rakyat. apa yang kurang jelas? yang tidak paham keluar saja dari jabatan, segera mengundurkan diri, banyak yang bisa gantikan saudara-saudara ya. enggak usah takut. anak-anak muda yang baik-baik itu mau berjuang untuk kebaikan.

jadi, saudara-saudara, terima kasih pengabdianmu. prestasi luar biasa ini membuat kita tambah percaya dari hasil menuju hasil, dari kemenangan menuju kemenangan-kemenangan baru. kepercayaan diri kita mampu, indonesia mampu, indonesia cerah, indonesia semangat, indonesia makmur dan kemakmuran harus sungguh di tangan rakyat indonesia.

saudara-saudara sekalian,
saya ini mantan tentara, prajurit, di tentara ada adab tentara, kebiasaan tentara, yaitu bawahan hormat atasan, itu, itu di indonesia saja. di beberapa negara, atasan dan bawahan hormat bersamaan. tetapi, saya punya dari sejak muda saya memimpin pasukan tempur, saya punya kebiasaan. kadang-kadang saya memimpin pasukan saya dengan keras, tapi akhirnya mendapat keberhasilan dan akhirnya saya menjadi kagum dan bangga dengan anak buah saya, dan akhirnya saya yang hormat mereka duluan.

saudara-saudara sekalian,
izinkanlah saya mengikuti naluri saya, mengikuti kebiasaan saya dari sejak muda. izinkan saya hormat kepada seluruh dari kalian yang telah berjuang mengabdi sehingga kita swasembada pangan.

terima kasih.

wassalamu'alaikum warahmatullahi wabarakatuh.
salam sejahtera bagi kita sekalian,
syalom,
salve,
om santi santi santi om,
namo buddhaya,
salam kebajikan.

merdeka!
merdeka!
merdeka!

hidup petani!
petani makmur!
indonesia sejahtera !
indonesia maju!

terima kasih.
selamat berjuang!

dengan mengucap bismillahirrahmanirrahim, pada pagi hari ini, hari rabu tanggal 7 januari 2026, saya prabowo subianto, presiden republik indonesia, dengan ini mengumumkan telah tercapainya swasembada pangan tahun 2025 bagi seluruh bangsa indonesia.

terima kasih.","[""assalamu'alaikum"", ""selamat"", ""siang"", ""sejahtera"", ""pertanian"", ""penyelenggara"", ""andi"", ""amran"", ""sulaiman"", ""beserta"", ""jajaran"", ""kementerian"", ""pertanian"", ""koordinator"", ""pangan"", ""zulkifli"", ""hasan"", ""badan"", ""jaksa"", ""agung"", ""kapolri"", ""panglima"", ""tni"", ""staf"", ""angkatan"", ""brin"", ""perum"", ""bulog"", ""letnan"", ""jenderal"", ""tni"", ""purn"", ""ahmad"", ""rizal"", ""ramdhani"", ""pertanian"", ""sudaryono"", ""merangkap"", ""ketua"", ""umum"", ""hkti"", ""ketua"", ""umum"", ""appsi"", ""ketua"", ""umum"", ""tni"", ""merdeka"", ""kau"", ""menjabat"", ""ketua"", ""umum"", ""ketua"", ""komisi"", ""dpr"", ""saudari"", ""siti"", ""hediati"", ""soeharto"", ""tepuk"", ""tangannya"", ""panjang"", ""banget"", ""daerah"", ""hadir"", ""langsung"", ""daerah"", ""hadir"", ""online"", ""hadir"", ""langsung"", ""jawa"", ""barat"", ""dedi"", ""mulyadi"", ""kdm"", ""jawa"", ""timur"", ""khofifah"", ""indar"", ""parawansa"", ""sumatra"", ""selatan"", ""herman"", ""deru"", ""sulawesi"", ""selatan"", ""andi"", ""sudirman"", ""sulaiman"", ""sumatra"", ""utara"", ""bobby"", ""afif"", ""nasution"", ""karawang"", ""aep"", ""syaepuloh"", ""hadir"", ""online"", ""hadir"", ""secara"", ""virtual"", ""dirut"", ""bumn"", ""berkenan"", ""hadir"", ""sekarang"", ""asosiasi"", ""hadir"", ""diantaranya"", ""perhimpunan"", ""insan"", ""perunggasan"", ""rakyat"", ""indonesia"", ""pinsar"", ""gabungan"", ""pengusaha"", ""makanan"", ""ternak"", ""gpmt"", ""asosiasi"", ""perbenihan"", ""indonesia"", ""ketua"", ""kolaborasi"", ""strategis"", ""penggilingan"", ""indonesia"", ""asosiasi"", ""penggilingan"", ""padi"", ""masyarakat"", ""perbenihan"", ""pembibitan"", ""indonesia"", ""asosiasi"", ""pedagang"", ""produsen"", ""jagung"", ""indonesia"", ""penyedia"", ""katalog"", ""elektronik"", ""benih"", ""padi"", ""indonesia"", ""gabungan"", ""pengusaha"", ""kelapa"", ""sawit"", ""indonesia"", ""asosiasi"", ""petani"", ""tebu"", ""indonesia"", ""perhimpunan"", ""agronomi"", ""indonesia"", ""ketua"", ""umum"", ""aptri"", ""hadir"", ""hadir"", ""enggak"", ""aptri"", ""kelompok"", ""tani"", ""penyuluh"", ""pertanian"", ""terutama"", ""petani"", ""indonesia"", ""cintai"", ""rekan-rekan"", ""pers"", ""media"", ""hadir"", ""langsung"", ""hadir"", ""secara"", ""virtual"", ""tokoh-tokoh"", ""sebut"", ""satu-satu"", ""mengulangi"", ""mengurangi"", ""rasa"", ""diminta"", ""mengulangi"", ""siap"", ""mengulangi"", ""apa-apa"", ""dibacakan"", ""satu-satu"", ""mengurangi"", ""rasa"", ""dirut"", ""perusahaan-perusahaan"", ""penting"", ""dirut"", ""perusahaan-perusahaan"", ""penting"", ""ptpn"", ""ptpn"", ""ptpn"", ""riset"", ""perkebunan"", ""nusantara"", ""sinergi"", ""gula"", ""nusantara"", ""agrinas"", ""palma"", ""agrinas"", ""pangan"", ""nusantara"", ""agrinas"", ""palma"", ""hadir"", ""dirutnya"", ""agrinas"", ""palma"", ""catat"", ""diabsen"", ""dirut"", ""berdikari"", ""maryadi"", ""dirut"", ""sang"", ""hyang"", ""seri"", ""dirut"", ""pusri"", ""maryono"", ""dirut"", ""pupuk"", ""kujang"", ""kasih"", ""bupati-bupati"", ""penting"", ""banyuasin"", ""sukabumi"", ""tasikmalaya"", ""pak"", ""cecep"", ""nurul"", ""yakin"", ""ogan"", ""komering"", ""ulu"", ""timur"", ""lanosin"", ""cianjur"", ""kasih"", ""pak"", ""mohammad"", ""wahyu"", ""ferdian"", ""bojonegoro"", ""indramayu"", ""lucky"", ""hakim"", ""wajo"", ""andi"", ""rosman"", ""hadir"", ""kasih"", ""merauke"", ""yoseph"", ""gebze"", ""kasih"", ""hadir"", ""jauh-jauh"", ""merauke"", ""bandung"", ""dadang"", ""supriatna"", ""kasih"", ""subang"", ""reynaldy"", ""putra"", ""bekasi"", ""asep"", ""surya"", ""atmaja"", ""kasih"", ""tasikmalaya"", ""viman"", ""alfarizi"", ""ramadhan"", ""kasih"", ""menteri-menteri"", ""disebut"", ""catat"", ""absen"", ""kasih"", ""insan"", ""bertakwa"", ""marilah"", ""henti-hentinya"", ""memanjatkan"", ""puji"", ""syukur"", ""hadirat"", ""tuhan"", ""mahabesar"", ""mahakuasa"", ""umat"", ""islam"", ""allah"", ""swt"", ""memiliki"", ""alam"", ""kepadanya"", ""berdoa"", ""kepadanya"", ""meminta"", ""pertolongan"", ""bersyukur"", ""segala"", ""kebaikan"", ""karunia"", ""kedamaian"", ""kesehatan"", ""diberikan"", ""berkumpul"", ""siang"", ""hadir"", ""acara"", ""besar"", ""artinya"", ""penting"", ""membanggakan"", ""walaupun"", ""ingat"", ""tempat-tempat"", ""mengalami"", ""musibah"", ""puluh"", ""aceh"", ""sumatra"", ""barat"", ""sumatra"", ""utara"", ""jawa"", ""timur"", ""jawa"", ""tengah"", ""kalimantan"", ""ingat"", ""bangga"", ""melihat"", ""pengabdian"", ""darmabakti"", ""unsur"", ""lapisan"", ""masyarakat"", ""tni"", ""polri"", ""bnpb"", ""basarnas"", ""pln"", ""perusahaan-perusahaan"", ""danantara"", ""bahu-membahu"", ""termasuk"", ""relawan"", ""mana-mana"", ""buktikan"", ""bangsa"", ""indonesia"", ""bangsa"", ""kuat"", ""bangsa"", ""berkemampuan"", ""bangsa"", ""berdiri"", ""kaki"", ""kasih"", ""kehormatan"", ""diberikan"", ""diundang"", ""acara"", ""panen"", ""raya"", ""pengumuman"", ""resmi"", ""indonesia"", ""berhasil"", ""menjadi"", ""bangsa"", ""swasembada"", ""pangan"", ""kasih"", ""mengatakan"", ""dimana-mana"", ""bangsa"", ""indonesia"", ""sungguh-sungguh"", ""menjadi"", ""bangsa"", ""waspada"", ""bangsa"", ""mengoreksi"", ""bangsa"", ""berani"", ""menghadapi"", ""segala"", ""keadaan"", ""mengerti"", ""paham"", ""bangsa"", ""negara"", ""kaya"", ""setelah"", ""dipilih"", ""diangkat"", ""menjadi"", ""setelah"", ""mengambil"", ""alih"", ""pemerintahan"", ""paham"", ""lebih"", ""paham"", ""lebih"", ""mengerti"", ""kekayaan-kekayaan"", ""prihatin"", ""sedih"", ""kenyataan"", ""kenyataan"", ""pandai"", ""kelola"", ""kekayaan"", ""bocor"", ""mengerti"", ""mengerti"", ""seberapa"", ""kebocoran"", ""tahun"", ""tahun"", ""menjadi"", ""berjuang"", ""berjuang"", ""ketua"", ""umum"", ""hkti"", ""berjuang"", ""ketua"", ""umum"", ""partai"", ""kenapa"", ""melihat"", ""kejanggalan"", ""bangsa"", ""melihat"", ""berapa"", ""puluh"", ""tahun"", ""negara"", ""kaya"", ""rakyatnya"", ""miskin"", ""menerima"", ""akal"", ""sehat"", ""hati"", ""bagaimana"", ""negara"", ""makmur"", ""bagaimana"", ""negara"", ""berjuang"", ""ratusan"", ""tahun"", ""merdeka"", ""kekayaannya"", ""kurang"", ""dinikmati"", ""sebagian"", ""besar"", ""rakyat"", ""indonesia"", ""terutama"", ""masuk"", ""akal"", ""bagaimana"", ""negara"", ""besar"", ""negara"", ""karunia"", ""mahakuasa"", ""bumi"", ""luas"", ""bumi"", ""kaya"", ""tanah"", ""subur"", ""tergantung"", ""bangsa"", ""pangan"", ""impor"", ""impor"", ""impor"", ""impor"", ""pangan"", ""masuk"", ""hati"", ""masuk"", ""akal"", ""pintar"", ""punya"", ""gelar"", ""profesor"", ""melihat"", ""melihat"", ""masuk"", ""akal"", ""masuk"", ""akal"", ""merasakan"", ""keadilan"", ""adanya"", ""keadilan"", ""berjuang"", ""dituduh"", ""diktator"", ""dituduh"", ""berkuasa"", ""dituduh"", ""kudeta"", ""sejak"", ""muda"", ""bersumpah"", ""prajurit"", ""prajurit"", ""tentara"", ""nasional"", ""indonesia"", ""tni"", ""tentara"", ""rakyat"", ""tni"", ""lahir"", ""rakyat"", ""berjuang"", ""makan"", ""rakyat"", ""indonesia"", ""menyatakan"", ""kemerdekaan"", ""menyatakan"", ""kemerdekaan"", ""tanggal"", ""agustus"", ""anggaran"", ""kementerian"", ""keuangan"", ""pajak"", ""bea"", ""cukai"", ""biayai"", ""pejuang-pejuang"", ""mendukung"", ""perang"", ""kemerdekaan"", ""mendukung"", ""perang"", ""kemerdekaan"", ""rakyat"", ""indonesia"", ""memberi"", ""makan"", ""tentara"", ""pejuang-pejuang"", ""petani"", ""indonesia"", ""merdeka"", ""jasa"", ""petani"", ""masuk"", ""tentara"", ""tahun"", ""tahun"", ""tahun"", ""merasakan"", ""setiap"", ""latihan"", ""desa-desa"", ""jawa"", ""tengah"", ""jawa"", ""barat"", ""rakyat"", ""keluar"", ""rumah"", ""rumah-rumah"", ""sederhana"", ""rumah-rumah"", ""gedek"", ""lantainya"", ""tanah"", ""keluar"", ""rumah"", ""memberi"", ""minuman"", ""teh"", ""memberi"", ""pisang"", ""memberi"", ""singkong"", ""padahal"", ""masak"", ""ambil"", ""kayu"", ""ambil"", ""air"", ""cintanya"", ""rakyat"", ""tentara"", ""sadarnya"", ""petani"", ""negara"", ""bangsa"", ""indonesia"", ""petanilah"", ""setia"", ""loyal"", ""merah"", ""putih"", ""indonesia"", ""habis"", ""pikir"", ""puluhan"", ""tahun"", ""petani"", ""nelayan"", ""kurang"", ""dihormati"", ""kurang"", ""dibela"", ""kurang"", ""dilindungi"", ""berhenti"", ""tentara"", ""merasa"", ""dihormati"", ""merasa"", ""terhormat"", ""tokoh-tokoh"", ""hkti"", ""tokoh-tokoh"", ""ktna"", ""minta"", ""mantan"", ""panglima"", ""kostrad"", ""menjadi"", ""ketua"", ""umum"", ""hkti"", ""ajakan"", ""ajakan"", ""mulia"", ""diminta"", ""membela"", ""kepentingan"", ""petani"", ""nelayan"", ""indonesia"", ""sungguh"", ""kehormatan"", ""ingat"", ""muda"", ""rakyat"", ""memberi"", ""makan"", ""lupa"", ""kesempatan"", ""pikiran"", ""membalas"", ""budi"", ""membayar"", ""hutang"", ""petani"", ""indonesia"", ""jenderal"", ""petani"", ""indonesia"", ""jenderal"", ""rakyat"", ""indonesia"", ""pangkat"", ""emban"", ""rakyat"", ""sekarang"", ""berbakti"", ""rakyat"", ""kesadaran"", ""pembantu-pembantu"", ""tokoh-tokoh"", ""mapan"", ""tuhan"", ""memberi"", ""kebaikan"", ""rezeki"", ""amran"", ""pengusaha"", ""sukses"", ""beliau"", ""pengorbanan"", ""beliau"", ""enggak"", ""tahu"", ""sehari"", ""tidur"", ""empat"", ""jam"", ""kadang-kadang"", ""merasa"", ""prihatin"", ""hati"", ""bangga"", ""zulkifli"", ""hasan"", ""berjuang"", ""terjun"", ""politik"", ""orang-orang"", ""masuk"", ""politik"", ""merasa"", ""aneh"", ""masuk"", ""politik"", ""politik"", ""indonesia"", ""pengorbanan"", ""mengabdi"", ""berbuat"", ""kuyu-kuyu"", ""dicari-cari"", ""kesalahan"", ""kejelekannya"", ""apa-apa"", ""naik"", ""puncak"", ""diterpa"", ""angin"", ""kencang"", ""kuat"", ""pemimpin"", ""pejabat"", ""dirut-dirut"", ""bumn"", ""gentar"", ""ragu-ragu"", ""adik-adik"", ""menteri-menteri"", ""kehormatan"", ""berjuang"", ""rakyat"", ""kehormatan"", ""dipanggil"", ""mahakuasa"", ""kepastian"", ""gajah"", ""meninggal"", ""tinggalkan"", ""gading"", ""harimau"", ""meninggal"", ""tinggalkan"", ""belang"", ""manusia"", ""dipanggil"", ""tinggalkan"", ""nama"", ""nama"", ""nama"", ""dipanggil"", ""apakah"", ""rakyat"", ""mengatakan"", ""mimpin"", ""memimpin"", ""membela"", ""rakyat"", ""memimpin"", ""membela"", ""keadilan"", ""memimpin"", ""membela"", ""lemah"", ""pimpin"", ""membela"", ""miskin"", ""memimpin"", ""tegakkan"", ""keadilan"", ""keluarga"", ""merasa"", ""bangga"", ""dipanggil"", ""rakyat"", ""maling"", ""koruptor"", ""curi"", ""uang"", ""rakyat"", ""memperkaya"", ""bersyukurlah"", ""kau"", ""kepercayaan"", ""kesempatan"", ""berbakti"", ""kesempatan"", ""memberi"", ""terbaik"", ""berikan"", ""kadang-kadang"", ""kebenaran"", ""keadilan"", ""datang"", ""kepemimpinan"", ""berani"", ""jujur"", ""mencatat"", ""kemenangan"", ""penting"", ""bangsa"", ""merdeka"", ""makan"", ""tersedia"", ""rakyat"", ""ndak"", ""bangsa"", ""merdeka"", ""makan"", ""pangan"", ""tergantung"", ""bangsa"", ""dibuktikan"", ""covid"", ""negara"", ""punya"", ""beras"", ""jual"", ""tahu"", ""ngerti"", ""benar-benar"", ""sampaikan"", ""beliau"", ""terbang"", ""terbang"", ""sana"", ""nego"", ""pemimpin-pemimpin"", ""negara"", ""punya"", ""beras"", ""akhirnya"", ""hubungan"", ""beliau"", ""tokoh"", ""akhirnya"", ""covid"", ""pembuka"", ""mata"", ""covid"", ""pandemi"", ""warning"", ""peringatan"", ""lampu"", ""kuning"", ""bangsa"", ""indonesia"", ""lengah"", ""tergantung"", ""bangsa"", ""apalagi"", ""makan"", ""bbm"", ""energi"", ""mahakuasa"", ""memberi"", ""karunia"", ""biasa"", ""ternyata"", ""pertanian"", ""tergantung"", ""bangsa"", ""makan"", ""energi"", ""kelapa"", ""sawit"", ""menghasilkan"", ""solar"", ""singkong"", ""menghasilkan"", ""etanol"", ""bensin"", ""tebu"", ""hasilkan"", ""etanol"", ""biasa"", ""dilantik"", ""beri"", ""target"", ""tahun"", ""swasembada"", ""beras"", ""swasembada"", ""pangan"", ""kasih"", ""komunitas"", ""pertanian"", ""indonesia"", ""bekerja"", ""keras"", ""bersatu"", ""kompak"", ""hasilkan"", ""empat"", ""tahun"", ""berikan"", ""bangsa"", ""negara"", ""tahun"", ""swasembada"", ""tahun"", ""berdiri"", ""kaki"", ""tahun"", ""tergantung"", ""bangsa-bangsa"", ""sungguh"", ""meyakini"", ""sungguh"", ""bangga"", ""berhasil"", ""putra-putri"", ""terbaik"", ""bangsa"", ""buktikan"", ""indonesia"", ""elit"", ""sebagian"", ""kerjanya"", ""ngejek"", ""hujat"", ""fitnah"", ""nyinyir"", ""enggak"", ""keberhasilan"", ""bangsa"", ""indonesia"", ""atlet-atlet"", ""berjuang"", ""enggak"", ""ucapan"", ""selamat"", ""enggak"", ""menghargai"", ""usaha"", ""pemerintah"", ""ngenyek"", ""aneh"", ""aneh"", ""kesehatan"", ""jiwa"", ""agak"", ""aneh"", ""gitu"", ""bingung"", ""biarlah"", ""enggak"", ""urusan"", ""sedikit"", ""pintarnya"", ""sosmed"", ""enggak"", ""jangan-jangan"", ""bayar"", ""penting"", ""memberi"", ""bangsa"", ""negara"", ""bukti"", ""nyata"", ""menurut"", ""mencatat"", ""tonggak"", ""penting"", ""kemerdekaan"", ""bangsa"", ""indonesia"", ""tokoh-tokoh"", ""penting"", ""ngomong"", ""bulan"", ""mengatakan"", ""pak"", ""bowo"", ""enggak"", ""swasembada"", ""indonesia"", ""sungguh"", ""ngomong"", ""swasembada"", ""amran"", ""hati-hati"", ""amran"", ""kadang-kadang"", ""janjinya"", ""andi"", ""amran"", ""sulaiman"", ""beri"", ""bintang"", ""jasa"", ""utama"", ""kalian"", ""jajaran"", ""kalian"", ""kalian"", ""mengamankan"", ""bangsa"", ""indonesia"", ""percaya"", ""habis"", ""diberhentikan"", ""melihat"", ""produk-produk"", ""hilirisasi"", ""produk-produk"", ""pertanian"", ""biasa"", ""swasembada"", ""pangan"", ""dimana-mana"", ""beras"", ""jagung"", ""dijanjikan"", ""pak"", ""amran"", ""pertanian"", ""didukung"", ""tni"", ""polri"", ""dijanjikan"", ""jagung"", ""swasembada"", ""pakan"", ""murah"", ""peternak"", ""petani"", ""turunkan"", ""harga"", ""pakan"", ""turunkan"", ""harga"", ""pupuk"", ""turunkan"", ""harga"", ""pupuk"", ""prestasi"", ""idam-idamkan"", ""harga-harga"", ""turun"", ""harga"", ""pangan"", ""turun"", ""harga"", ""pupuk"", ""turun"", ""harga"", ""benih"", ""turun"", ""harga"", ""rakyat-rakyat"", ""turun"", ""terjangkau"", ""bidang"", ""anak-anak"", ""petani"", ""anak-anaknya"", ""sekolah"", ""tinggi"", ""anak-anaknya"", ""insinyur"", ""anak-anaknya"", ""dokter"", ""anak-anaknya"", ""jenderal"", ""sekarang"", ""pertanian-mu"", ""anaknya"", ""petani"", ""pertanian-mu"", ""anaknya"", ""petani"", ""sekarang"", ""petani"", ""asli"", ""kulitnya"", ""hitam"", ""enggak"", ""petani"", ""kulitnya"", ""putih"", ""kulitnya"", ""putih"", ""bintang"", ""film"", ""penyanyi"", ""penyanyi"", ""band"", ""pertanian"", ""pertanian"", ""cocok"", ""cocok"", ""berjalan"", ""berjalan"", ""serasi"", ""nomor"", ""nomor"", ""sama-sama"", ""hitam"", ""malam"", ""gelap"", ""enggak"", ""kelihatan"", ""giginya"", ""kelihatan"", ""senyum"", ""bangga"", ""kalian"", ""bahagia"", ""bahagia"", ""senang"", ""melihat"", ""penuh"", ""harapan"", ""penuh"", ""keyakinan"", ""tokoh"", ""nyinyir"", ""mengatakan"", ""swasembada"", ""pangan"", ""buktikan"", ""swasembada"", ""pangan"", ""sekarang"", ""setelah"", ""swasembada"", ""pangan"", ""dengar"", ""iya"", ""swasembada"", ""pangannya"", ""setahun"", ""tahun"", ""enggak"", ""apa-apa"", ""buktikan"", ""tahun"", ""buktikan"", ""swasembada"", ""swasembada"", ""swasembada"", ""swasembada"", ""swasembada"", ""swasembada"", ""swasembada"", ""beras"", ""jagung"", ""singkong"", ""semuanya"", ""swasembada"", ""bawang"", ""putih"", ""swasembada"", ""ternak"", ""ikan"", ""semuanya"", ""produksi"", ""besar-besaran"", ""buka"", ""ribuan"", ""desa-desa"", ""nelayan"", ""buka"", ""ratusan"", ""budi"", ""daya"", ""ikan"", ""rakyat"", ""anak-anak"", ""makan"", ""protein"", ""tumbuh"", ""kuat"", ""tumbuh"", ""pintar"", ""tumbuh"", ""menjadi"", ""indonesia"", ""hebat"", ""rencana"", ""besar"", ""sungguh"", ""kasih"", ""merasa"", ""dorongan"", ""merasa"", ""kekuatan"", ""energi"", ""merasa"", ""sepertinya"", ""menjadi"", ""tahun"", ""lebih"", ""muda"", ""melihat"", ""penghasilan"", ""petani"", ""naik"", ""laporan"", ""kelautan"", ""kelautan"", ""hasil"", ""nelayan-nelayan"", ""naik"", ""tahun-tahun"", ""mendatang"", ""lebih"", ""naik"", ""tahun"", ""targetkan"", ""desa"", ""nelayan"", ""tahun-tahun"", ""lebih"", ""memberi"", ""makan"", ""bergizi"", ""gratis"", ""juta"", ""anak"", ""indonesia"", ""juta"", ""tahun"", ""bangsa"", ""walaupun"", ""dinyinyir"", ""apa-apa"", ""penting"", ""bekerja"", ""rakyat"", ""datang"", ""rakyat"", ""teriak"", ""pak"", ""desa"", ""mbg"", ""minta"", ""maaf"", ""kemampuan"", ""insyaallah"", ""tahun"", ""desa"", ""indonesia"", ""menerima"", ""mbg"", ""sasaran"", ""desember"", ""desa"", ""mendapatkan"", ""mbg"", ""mudah-mudahan"", ""lebih"", ""cepat"", ""desember"", ""anak"", ""indonesia"", ""hamil"", ""tua"", ""lansia"", ""beri"", ""makan"", ""bangsa"", ""indonesia"", ""bangsa"", ""terbukti"", ""mengurus"", ""rakyatnya"", ""sebaik-baiknya"", ""nah"", ""tetapinya"", ""pejabat"", ""pemimpin"", ""rekan-rekan"", ""pembantu-pembantu"", ""minta"", ""dukunganmu"", ""mari"", ""bersatu"", ""mari"", ""kompak"", ""melawan"", ""korupsi"", ""berantas"", ""penyelewengan"", ""tegakkan"", ""hukum"", ""ragu-ragu"", ""ragu-ragu"", ""mengawasi"", ""sita"", ""juta"", ""hektare"", ""kebun"", ""kelapa"", ""sawit"", ""melanggar"", ""hukum"", ""sita"", ""jampidsus"", ""jaksa"", ""agung"", ""tahun"", ""sita"", ""tambahan"", ""juta"", ""bertindak"", ""ratusan"", ""tambang"", ""ilegal"", ""ratusan"", ""triliun"", ""selamatkan"", ""bocor"", ""kerja"", ""uang"", ""rakyat"", ""benar-benar"", ""dinikmati"", ""rakyat"", ""indonesia"", ""boleh"", ""sepeser"", ""rupiah"", ""rakyat"", ""tekad"", ""dilantik"", ""dipilih"", ""rakyat"", ""tugas"", ""kabinet"", ""merah"", ""putih"", ""alhamdulillah"", ""setelah"", ""tahun"", ""melihat"", ""kabinet"", ""pimpin"", ""bekerja"", ""bangga"", ""kerja"", ""menjadi"", ""tim"", ""menunggu"", ""perintah"", ""mengerti"", ""tim"", ""sepak"", ""bola"", ""masing-masing"", ""mengerti"", ""tugasnya"", ""striker"", ""tengah"", ""bertahan"", ""cadangan"", ""tahu"", ""menjadi"", ""cadangan"", ""saatnya"", ""dimainkan"", ""sampaikan"", ""kasih"", ""sampaikan"", ""pertanian"", ""mengatakan"", ""kasih"", ""kasih"", ""kasih"", ""beliau"", ""mewakili"", ""sampaikan"", ""penghargaan"", ""kasih"", ""secara"", ""garis"", ""besar"", ""pemimpin"", ""mandang"", ""partai"", ""kelompok"", ""ndak"", ""tanya"", ""enggak"", ""tahu"", ""putra"", ""merah"", ""putih"", ""anak"", ""bangsa"", ""indonesia"", ""persaingan"", ""enggak"", ""urusan"", ""bertanding"", ""bagus"", ""bertanding"", ""enggak"", ""lawan"", ""tanding"", ""enggak"", ""seru"", ""lomba"", ""meter"", ""lari"", ""enggak"", ""lawannya"", ""enggak"", ""lucu"", ""dagelan"", ""namanya"", ""enggak"", ""apa-apa"", ""bersaing"", ""tujuannya"", ""siapapun"", ""menang"", ""bekerja"", ""membela"", ""rakyat"", ""bekerja"", ""sesungguhnya"", ""rakyat"", ""indonesia"", ""berkuasa"", ""habis"", ""menjual"", ""iya"", ""tahun"", ""geleng-geleng"", ""berapa"", ""kali"", ""disogok"", ""bolak-balik"", ""datang"", ""minta"", ""minta"", ""tegakkan"", ""peraturan"", ""tegakkan"", ""sesuai"", ""kepentingan"", ""negara"", ""ndak"", ""ikut"", ""lain-lain"", ""kemarin"", ""dikasih"", ""daftar"", ""pak"", ""daftar"", ""sekian"", ""puluh"", ""perusahaan"", ""melanggar"", ""dicabut"", ""izinnya"", ""silakan"", ""bapak"", ""pelajari"", ""bilang"", ""enggak"", ""enggak"", ""lihat"", ""takut"", ""teman"", ""iya"", ""enggak"", ""enak"", ""terpengaruh"", ""lihat"", ""daftar"", ""teman"", ""lihat"", ""gerindra"", ""lebih"", ""enggak"", ""lihat"", ""enggak"", ""tahu"", ""dicabut"", ""salahkan"", ""jaksa"", ""agung"", ""iya"", ""kalian"", ""menteri-menteri"", ""kalian"", ""diangkat"", ""iya"", ""kalian"", ""diangkat"", ""dihujat"", ""enggak"", ""apa-apa"", ""enggak"", ""baca"", ""terpengaruh"", ""kemarin"", ""mengatakan"", ""pak"", ""pak"", ""tolong"", ""baca"", ""pak"", ""nama-namanya"", ""jangan-jangan"", ""takut"", ""teman"", ""anggota"", ""gerindra"", ""sekarang"", ""bilang"", ""enggak"", ""tahu"", ""serahkan"", ""aparat"", ""penegak"", ""hukum"", ""tanya"", ""pak"", ""petunjuk"", ""melanggar"", ""tindak"", ""sederhana"", ""bahasa"", ""indonesia"", ""enggak"", ""ditafsirkan"", ""undang-undang"", ""dasar"", ""pasal"", ""enggak"", ""penerjemah"", ""bumi"", ""air"", ""kekayaan"", ""terkandung"", ""didalamnya"", ""dikuasai"", ""negara"", ""dipergunakan"", ""sebesar-besarnya"", ""kemakmuran"", ""rakyat"", ""kurang"", ""paham"", ""keluar"", ""jabatan"", ""segera"", ""mengundurkan"", ""gantikan"", ""enggak"", ""takut"", ""anak-anak"", ""muda"", ""baik-baik"", ""berjuang"", ""kebaikan"", ""kasih"", ""pengabdianmu"", ""prestasi"", ""biasa"", ""membuat"", ""tambah"", ""percaya"", ""hasil"", ""menuju"", ""hasil"", ""kemenangan"", ""menuju"", ""kemenangan-kemenangan"", ""kepercayaan"", ""indonesia"", ""indonesia"", ""cerah"", ""indonesia"", ""semangat"", ""indonesia"", ""makmur"", ""kemakmuran"", ""sungguh"", ""tangan"", ""rakyat"", ""indonesia"", ""mantan"", ""tentara"", ""prajurit"", ""tentara"", ""adab"", ""tentara"", ""kebiasaan"", ""tentara"", ""bawahan"", ""atasan"", ""indonesia"", ""negara"", ""atasan"", ""bawahan"", ""bersamaan"", ""punya"", ""sejak"", ""muda"", ""memimpin"", ""pasukan"", ""tempur"", ""punya"", ""kebiasaan"", ""kadang-kadang"", ""memimpin"", ""pasukan"", ""keras"", ""akhirnya"", ""mendapat"", ""keberhasilan"", ""akhirnya"", ""menjadi"", ""kagum"", ""bangga"", ""anak"", ""buah"", ""akhirnya"", ""duluan"", ""izinkanlah"", ""mengikuti"", ""naluri"", ""mengikuti"", ""kebiasaan"", ""sejak"", ""muda"", ""izinkan"", ""kalian"", ""berjuang"", ""mengabdi"", ""swasembada"", ""pangan"", ""kasih"", ""wassalamu'alaikum"", ""sejahtera"", ""merdeka"", ""merdeka"", ""merdeka"", ""hidup"", ""petani"", ""petani"", ""makmur"", ""indonesia"", ""sejahtera"", ""indonesia"", ""maju"", ""kasih"", ""selamat"", ""berjuang"", ""mengucap"", ""pagi"", ""rabu"", ""tanggal"", ""januari"", ""indonesia"", ""mengumumkan"", ""tercapainya"", ""swasembada"", ""pangan"", ""tahun"", ""bangsa"", ""indonesia"", ""kasih""]",assalamu'alaikum selamat siang sejahtera pertanian penyelenggara andi amran sulaiman beserta jajaran kementerian pertanian koordinator pangan zulkifli hasan badan jaksa agung kapolri panglima tni staf angkatan brin perum bulog letnan jenderal tni purn ahmad rizal ramdhani pertanian sudaryono merangkap ketua umum hkti ketua umum appsi ketua umum tni merdeka kau menjabat ketua umum ketua komisi dpr saudari siti hediati soeharto tepuk tangannya panjang banget daerah hadir langsung daerah hadir online hadir langsung jawa barat dedi mulyadi kdm jawa timur khofifah indar parawansa sumatra selatan herman deru sulawesi selatan andi sudirman sulaiman sumatra utara bobby afif nasution karawang aep syaepuloh hadir online hadir secara virtual dirut bumn berkenan hadir sekarang asosiasi hadir diantaranya perhimpunan insan perunggasan rakyat indonesia pinsar gabungan pengusaha makanan ternak gpmt asosiasi perbenihan indonesia ketua kolaborasi strategis penggilingan indonesia asosiasi penggilingan padi masyarakat perbenihan pembibitan indonesia asosiasi pedagang produsen jagung indonesia penyedia katalog elektronik benih padi indonesia gabungan pengusaha kelapa sawit indonesia asosiasi petani tebu indonesia perhimpunan agronomi indonesia ketua umum aptri hadir hadir enggak aptri kelompok tani penyuluh pertanian terutama petani indonesia cintai rekan-rekan pers media hadir langsung hadir secara virtual tokoh-tokoh sebut satu-satu mengulangi mengurangi rasa diminta mengulangi siap mengulangi apa-apa dibacakan satu-satu mengurangi rasa dirut perusahaan-perusahaan penting dirut perusahaan-perusahaan penting ptpn ptpn ptpn riset perkebunan nusantara sinergi gula nusantara agrinas palma agrinas pangan nusantara agrinas palma hadir dirutnya agrinas palma catat diabsen dirut berdikari maryadi dirut sang hyang seri dirut pusri maryono dirut pupuk kujang kasih bupati-bupati penting banyuasin sukabumi tasikmalaya pak cecep nurul yakin ogan komering ulu timur lanosin cianjur kasih pak mohammad wahyu ferdian bojonegoro indramayu lucky hakim wajo andi rosman hadir kasih merauke yoseph gebze kasih hadir jauh-jauh merauke bandung dadang supriatna kasih subang reynaldy putra bekasi asep surya atmaja kasih tasikmalaya viman alfarizi ramadhan kasih menteri-menteri disebut catat absen kasih insan bertakwa marilah henti-hentinya memanjatkan puji syukur hadirat tuhan mahabesar mahakuasa umat islam allah swt memiliki alam kepadanya berdoa kepadanya meminta pertolongan bersyukur segala kebaikan karunia kedamaian kesehatan diberikan berkumpul siang hadir acara besar artinya penting membanggakan walaupun ingat tempat-tempat mengalami musibah puluh aceh sumatra barat sumatra utara jawa timur jawa tengah kalimantan ingat bangga melihat pengabdian darmabakti unsur lapisan masyarakat tni polri bnpb basarnas pln perusahaan-perusahaan danantara bahu-membahu termasuk relawan mana-mana buktikan bangsa indonesia bangsa kuat bangsa berkemampuan bangsa berdiri kaki kasih kehormatan diberikan diundang acara panen raya pengumuman resmi indonesia berhasil menjadi bangsa swasembada pangan kasih mengatakan dimana-mana bangsa indonesia sungguh-sungguh menjadi bangsa waspada bangsa mengoreksi bangsa berani menghadapi segala keadaan mengerti paham bangsa negara kaya setelah dipilih diangkat menjadi setelah mengambil alih pemerintahan paham lebih paham lebih mengerti kekayaan-kekayaan prihatin sedih kenyataan kenyataan pandai kelola kekayaan bocor mengerti mengerti seberapa kebocoran tahun tahun menjadi berjuang berjuang ketua umum hkti berjuang ketua umum partai kenapa melihat kejanggalan bangsa melihat berapa puluh tahun negara kaya rakyatnya miskin menerima akal sehat hati bagaimana negara makmur bagaimana negara berjuang ratusan tahun merdeka kekayaannya kurang dinikmati sebagian besar rakyat indonesia terutama masuk akal bagaimana negara besar negara karunia mahakuasa bumi luas bumi kaya tanah subur tergantung bangsa pangan impor impor impor impor pangan masuk hati masuk akal pintar punya gelar profesor melihat melihat masuk akal masuk akal merasakan keadilan adanya keadilan berjuang dituduh diktator dituduh berkuasa dituduh kudeta sejak muda bersumpah prajurit prajurit tentara nasional indonesia tni tentara rakyat tni lahir rakyat berjuang makan rakyat indonesia menyatakan kemerdekaan menyatakan kemerdekaan tanggal agustus anggaran kementerian keuangan pajak bea cukai biayai pejuang-pejuang mendukung perang kemerdekaan mendukung perang kemerdekaan rakyat indonesia memberi makan tentara pejuang-pejuang petani indonesia merdeka jasa petani masuk tentara tahun tahun tahun merasakan setiap latihan desa-desa jawa tengah jawa barat rakyat keluar rumah rumah-rumah sederhana rumah-rumah gedek lantainya tanah keluar rumah memberi minuman teh memberi pisang memberi singkong padahal masak ambil kayu ambil air cintanya rakyat tentara sadarnya petani negara bangsa indonesia petanilah setia loyal merah putih indonesia habis pikir puluhan tahun petani nelayan kurang dihormati kurang dibela kurang dilindungi berhenti tentara merasa dihormati merasa terhormat tokoh-tokoh hkti tokoh-tokoh ktna minta mantan panglima kostrad menjadi ketua umum hkti ajakan ajakan mulia diminta membela kepentingan petani nelayan indonesia sungguh kehormatan ingat muda rakyat memberi makan lupa kesempatan pikiran membalas budi membayar hutang petani indonesia jenderal petani indonesia jenderal rakyat indonesia pangkat emban rakyat sekarang berbakti rakyat kesadaran pembantu-pembantu tokoh-tokoh mapan tuhan memberi kebaikan rezeki amran pengusaha sukses beliau pengorbanan beliau enggak tahu sehari tidur empat jam kadang-kadang merasa prihatin hati bangga zulkifli hasan berjuang terjun politik orang-orang masuk politik merasa aneh masuk politik politik indonesia pengorbanan mengabdi berbuat kuyu-kuyu dicari-cari kesalahan kejelekannya apa-apa naik puncak diterpa angin kencang kuat pemimpin pejabat dirut-dirut bumn gentar ragu-ragu adik-adik menteri-menteri kehormatan berjuang rakyat kehormatan dipanggil mahakuasa kepastian gajah meninggal tinggalkan gading harimau meninggal tinggalkan belang manusia dipanggil tinggalkan nama nama nama dipanggil apakah rakyat mengatakan mimpin memimpin membela rakyat memimpin membela keadilan memimpin membela lemah pimpin membela miskin memimpin tegakkan keadilan keluarga merasa bangga dipanggil rakyat maling koruptor curi uang rakyat memperkaya bersyukurlah kau kepercayaan kesempatan berbakti kesempatan memberi terbaik berikan kadang-kadang kebenaran keadilan datang kepemimpinan berani jujur mencatat kemenangan penting bangsa merdeka makan tersedia rakyat ndak bangsa merdeka makan pangan tergantung bangsa dibuktikan covid negara punya beras jual tahu ngerti benar-benar sampaikan beliau terbang terbang sana nego pemimpin-pemimpin negara punya beras akhirnya hubungan beliau tokoh akhirnya covid pembuka mata covid pandemi warning peringatan lampu kuning bangsa indonesia lengah tergantung bangsa apalagi makan bbm energi mahakuasa memberi karunia biasa ternyata pertanian tergantung bangsa makan energi kelapa sawit menghasilkan solar singkong menghasilkan etanol bensin tebu hasilkan etanol biasa dilantik beri target tahun swasembada beras swasembada pangan kasih komunitas pertanian indonesia bekerja keras bersatu kompak hasilkan empat tahun berikan bangsa negara tahun swasembada tahun berdiri kaki tahun tergantung bangsa-bangsa sungguh meyakini sungguh bangga berhasil putra-putri terbaik bangsa buktikan indonesia elit sebagian kerjanya ngejek hujat fitnah nyinyir enggak keberhasilan bangsa indonesia atlet-atlet berjuang enggak ucapan selamat enggak menghargai usaha pemerintah ngenyek aneh aneh kesehatan jiwa agak aneh gitu bingung biarlah enggak urusan sedikit pintarnya sosmed enggak jangan-jangan bayar penting memberi bangsa negara bukti nyata menurut mencatat tonggak penting kemerdekaan bangsa indonesia tokoh-tokoh penting ngomong bulan mengatakan pak bowo enggak swasembada indonesia sungguh ngomong swasembada amran hati-hati amran kadang-kadang janjinya andi amran sulaiman beri bintang jasa utama kalian jajaran kalian kalian mengamankan bangsa indonesia percaya habis diberhentikan melihat produk-produk hilirisasi produk-produk pertanian biasa swasembada pangan dimana-mana beras jagung dijanjikan pak amran pertanian didukung tni polri dijanjikan jagung swasembada pakan murah peternak petani turunkan harga pakan turunkan harga pupuk turunkan harga pupuk prestasi idam-idamkan harga-harga turun harga pangan turun harga pupuk turun harga benih turun harga rakyat-rakyat turun terjangkau bidang anak-anak petani anak-anaknya sekolah tinggi anak-anaknya insinyur anak-anaknya dokter anak-anaknya jenderal sekarang pertanian-mu anaknya petani pertanian-mu anaknya petani sekarang petani asli kulitnya hitam enggak petani kulitnya putih kulitnya putih bintang film penyanyi penyanyi band pertanian pertanian cocok cocok berjalan berjalan serasi nomor nomor sama-sama hitam malam gelap enggak kelihatan giginya kelihatan senyum bangga kalian bahagia bahagia senang melihat penuh harapan penuh keyakinan tokoh nyinyir mengatakan swasembada pangan buktikan swasembada pangan sekarang setelah swasembada pangan dengar iya swasembada pangannya setahun tahun enggak apa-apa buktikan tahun buktikan swasembada swasembada swasembada swasembada swasembada swasembada swasembada beras jagung singkong semuanya swasembada bawang putih swasembada ternak ikan semuanya produksi besar-besaran buka ribuan desa-desa nelayan buka ratusan budi daya ikan rakyat anak-anak makan protein tumbuh kuat tumbuh pintar tumbuh menjadi indonesia hebat rencana besar sungguh kasih merasa dorongan merasa kekuatan energi merasa sepertinya menjadi tahun lebih muda melihat penghasilan petani naik laporan kelautan kelautan hasil nelayan-nelayan naik tahun-tahun mendatang lebih naik tahun targetkan desa nelayan tahun-tahun lebih memberi makan bergizi gratis juta anak indonesia juta tahun bangsa walaupun dinyinyir apa-apa penting bekerja rakyat datang rakyat teriak pak desa mbg minta maaf kemampuan insyaallah tahun desa indonesia menerima mbg sasaran desember desa mendapatkan mbg mudah-mudahan lebih cepat desember anak indonesia hamil tua lansia beri makan bangsa indonesia bangsa terbukti mengurus rakyatnya sebaik-baiknya nah tetapinya pejabat pemimpin rekan-rekan pembantu-pembantu minta dukunganmu mari bersatu mari kompak melawan korupsi berantas penyelewengan tegakkan hukum ragu-ragu ragu-ragu mengawasi sita juta hektare kebun kelapa sawit melanggar hukum sita jampidsus jaksa agung tahun sita tambahan juta bertindak ratusan tambang ilegal ratusan triliun selamatkan bocor kerja uang rakyat benar-benar dinikmati rakyat indonesia boleh sepeser rupiah rakyat tekad dilantik dipilih rakyat tugas kabinet merah putih alhamdulillah setelah tahun melihat kabinet pimpin bekerja bangga kerja menjadi tim menunggu perintah mengerti tim sepak bola masing-masing mengerti tugasnya striker tengah bertahan cadangan tahu menjadi cadangan saatnya dimainkan sampaikan kasih sampaikan pertanian mengatakan kasih kasih kasih beliau mewakili sampaikan penghargaan kasih secara garis besar pemimpin mandang partai kelompok ndak tanya enggak tahu putra merah putih anak bangsa indonesia persaingan enggak urusan bertanding bagus bertanding enggak lawan tanding enggak seru lomba meter lari enggak lawannya enggak lucu dagelan namanya enggak apa-apa bersaing tujuannya siapapun menang bekerja membela rakyat bekerja sesungguhnya rakyat indonesia berkuasa habis menjual iya tahun geleng-geleng berapa kali disogok bolak-balik datang minta minta tegakkan peraturan tegakkan sesuai kepentingan negara ndak ikut lain-lain kemarin dikasih daftar pak daftar sekian puluh perusahaan melanggar dicabut izinnya silakan bapak pelajari bilang enggak enggak lihat takut teman iya enggak enak terpengaruh lihat daftar teman lihat gerindra lebih enggak lihat enggak tahu dicabut salahkan jaksa agung iya kalian menteri-menteri kalian diangkat iya kalian diangkat dihujat enggak apa-apa enggak baca terpengaruh kemarin mengatakan pak pak tolong baca pak nama-namanya jangan-jangan takut teman anggota gerindra sekarang bilang enggak tahu serahkan aparat penegak hukum tanya pak petunjuk melanggar tindak sederhana bahasa indonesia enggak ditafsirkan undang-undang dasar pasal enggak penerjemah bumi air kekayaan terkandung didalamnya dikuasai negara dipergunakan sebesar-besarnya kemakmuran rakyat kurang paham keluar jabatan segera mengundurkan gantikan enggak takut anak-anak muda baik-baik berjuang kebaikan kasih pengabdianmu prestasi biasa membuat tambah percaya hasil menuju hasil kemenangan menuju kemenangan-kemenangan kepercayaan indonesia indonesia cerah indonesia semangat indonesia makmur kemakmuran sungguh tangan rakyat indonesia mantan tentara prajurit tentara adab tentara kebiasaan tentara bawahan atasan indonesia negara atasan bawahan bersamaan punya sejak muda memimpin pasukan tempur punya kebiasaan kadang-kadang memimpin pasukan keras akhirnya mendapat keberhasilan akhirnya menjadi kagum bangga anak buah akhirnya duluan izinkanlah mengikuti naluri mengikuti kebiasaan sejak muda izinkan kalian berjuang mengabdi swasembada pangan kasih wassalamu'alaikum sejahtera merdeka merdeka merdeka hidup petani petani makmur indonesia sejahtera indonesia maju kasih selamat berjuang mengucap pagi rabu tanggal januari indonesia mengumumkan tercapainya swasembada pangan tahun bangsa indonesia kasih,"Bismillahirrahmanirrahim.

Assalamu'alaikum warahmatullahi wabarakatuh,
Selamat siang,
Salam sejahtera bagi kita sekalian,
Syalom,
Salve,
Om swastiastu,
Namo Buddhaya,
Salam kebajikan,
Rahayu, rahayu.

Yang saya hormati, Menteri Pertanian sebagai penyelenggara Saudara Andi Amran Sulaiman beserta jajaran Kementerian Pertanian;
Menteri Koordinator Pangan Saudara Zulkifli Hasan, para Menteri, Kepala Badan, Jaksa Agung, Kapolri, Wakil Panglima TNI, para Kepala Staf Angkatan;
Kepala BRIN yang saya hormati;
Kepala Perum Bulog Letnan Jenderal TNI (Purn.) Ahmad Rizal Ramdhani yang saya hormati;
Wakil Menteri Pertanian Saudara Sudaryono yang merangkap Ketua Umum HKTI, Ketua Umum APPSI, masih? Ketua Umum TNI Merdeka, banyak sekali kau [menjabat] ketua umum?
Ketua Komisi IV DPR RI, yang saya hormati Saudari Siti Hediati Soeharto, tepuk tangannya kok panjang banget?

Para Kepala Daerah yang hadir langsung dan para Kepala Daerah yang tidak hadir tetapi lewat online. Yang hadir langsung di sini Gubernur Jawa Barat Saudara Dedi Mulyadi (KDM), Gubernur Jawa Timur Saudara Khofifah Indar Parawansa, Gubernur Sumatra Selatan Saudara Herman Deru, Gubernur Sulawesi Selatan Saudara Andi Sudirman Sulaiman, Gubernur Sumatra Utara Saudara Bobby Afif Nasution, Bupati Karawang Saudara Aep Syaepuloh, para Gubernur/Bupati/Wali Kota yang hadir melalui online yang saya hormati dan saya banggakan, yang hadir secara virtual;
Yang saya hormati, para Dirut BUMN yang berkenan hadir di sini sekarang, juga para asosiasi yang hadir [diantaranya] Perhimpunan Insan Perunggasan Rakyat Indonesia (PINSAR), Gabungan Pengusaha Makanan Ternak (GPMT), Asosiasi Perbenihan Indonesia, Ketua Kolaborasi Strategis Penggilingan Indonesia, Asosiasi Penggilingan Padi, Masyarakat Perbenihan dan Pembibitan Indonesia, Asosiasi Pedagang dan Produsen Jagung Indonesia, Penyedia Katalog Elektronik Benih Padi Indonesia, Gabungan Pengusaha Kelapa Sawit Indonesia, Asosiasi Petani Tebu Republik Indonesia, Perhimpunan Agronomi Indonesia, Ketua Umum APTRI hadir? Hadir enggak di sini APTRI? Baik.

Yang saya hormati dan saya banggakan, para Kelompok Tani, para Penyuluh Pertanian dan terutama para petani dari seluruh Indonesia yang saya hormati, yang saya cintai dan yang saya banggakan;
Seluruh hadirin, undangan, rekan-rekan pers dan media yang hadir langsung maupun yang hadir secara virtual.

Saudara-saudara,
Karena tadi mungkin banyak tokoh-tokoh sudah di sebut satu-satu mungkin saya tidak perlu mengulangi lagi tanpa mengurangi rasa hormat saya, tetapi kalau diminta mengulangi, saya siap mengulangi juga. Ini banyak sekali, tetapi tidak apa-apa. Perlu dibacakan satu-satu? Cukup? Baik. Tanpa mengurangi rasa hormat tetapi di sini banyak dirut perusahaan-perusahaan penting, dirut perusahaan-perusahaan penting: PTPN 3, PTPN 4, PTPN 1, Riset Perkebunan Nusantara, Sinergi Gula Nusantara, Agrinas Palma, Agrinas Pangan Nusantara. Agrinas Palma hadir dirutnya? Agrinas Palma? Catat ya, ini sambil diabsen ini. Dirut PT Berdikari Saudara Maryadi, Dirut Sang Hyang Seri, Dirut PT Pusri Saudara Maryono, Dirut Pupuk Kujang. Baik, terima kasih. Bupati-bupati juga penting ini. Bupati Banyuasin, Bupati Sukabumi, Bupati Tasikmalaya Pak Cecep Nurul Yakin, Bupati Ogan Komering Ulu Timur Saudara Lanosin, Bupati Cianjur terima kasih Pak Mohammad Wahyu Ferdian, Bupati Bojonegoro tadi sudah ya, Bupati Indramayu Saudara Lucky Hakim, Bupati Wajo Saudara Andi Rosman hadir? Terima kasih. Bupati Merauke Saudara Yoseph Gebze terima kasih hadir jauh-jauh dari Merauke. Bupati Bandung Saudara Dadang Supriatna, terima kasih, Bupati Subang Saudara Reynaldy Putra, Bupati Bekasi Saudara Asep Surya Atmaja, terima kasih. Wali Kota Tasikmalaya Saudara Viman Alfarizi Ramadhan, terima kasih, Saudara-saudara sekalian.

Menteri-menteri perlu? Sudah tadi ya disebut, sekalian sudah tadi saya catat sebagai absen. Terima kasih.

Saudara-saudara,
Selalu sebagai insan yang bertakwa, marilah kita tidak henti-hentinya memanjatkan puji syukur ke hadirat Tuhan Mahabesar, Mahakuasa, bagi umat Islam Allah SWT yang memiliki sekalian alam, hanya kepadaNya lah kita berdoa dan hanya kepadaNya lah kita meminta pertolongan. Kita bersyukur atas segala kebaikan, karunia, kedamaian dan atas kesehatan yang masih diberikan kepada kita, sehingga kita dapat berkumpul di siang hari ini. Kita hadir di sini dalam acara yang sangat besar artinya, sangat penting dan sangat membanggakan. Walaupun selalu, kita selalu ingat saudara-saudara kita di tempat-tempat yang jauh dari sini, yang mengalami musibah beberapa puluh hari lalu di Aceh, Sumatra Barat, Sumatra Utara tetapi juga ada di Jawa Timur, di Jawa Tengah, ada di Kalimantan, ada beberapa tempat. Kita selalu ingat saudara-saudara kita, tetapi kita juga bangga melihat pengabdian darmabakti. Banyak unsur dari seluruh lapisan masyarakat, TNI, Polri, BNPB, Basarnas, PU, PLN, perusahaan-perusahaan Danantara, semua bahu-membahu termasuk banyak relawan dari mana-mana. Kita buktikan bangsa Indonesia bangsa yang kuat, bangsa yang berkemampuan, bangsa yang berdiri di atas kaki kita sendiri.

Saudara-saudara sekalian,
Terima kasih atas kehormatan yang diberikan kepada saya, diundang hari ini pada acara panen raya dan pengumuman resmi bahwa Indonesia berhasil kembali menjadi bangsa yang swasembada pangan. Terima kasih.

Saudara-saudara,
Saya selalu mengatakan dimana-mana bahwa bangsa Indonesia harus sungguh-sungguh menjadi bangsa yang waspada, bangsa yang selalu mau mengoreksi diri, bangsa yang selalu berani menghadapi segala keadaan.

Saudara-saudara sekalian,
Kita mengerti dan paham bahwa bangsa kita negara yang kaya. Setelah saya dipilih dan diangkat menjadi Presiden, setelah saya mengambil alih pemerintahan saya paham, lebih paham, lebih mengerti atas kekayaan-kekayaan kita. Tetapi, saya harus katakan saya prihatin, saya sedih dengan kenyataan bahwa banyak kenyataan kita yang tidak pandai kita kelola, sehingga banyak kekayaan kita yang bocor. Dari dulu saya mengerti hal ini, tetapi saya tidak mengerti seberapa banyak kebocoran itu. Dari tahun ke tahun sebelum saya menjadi presiden saya berjuang, berjuang sebagai Ketua Umum HKTI, berjuang sebagai ketua umum sebuah partai, kenapa? Karena, saya melihat ada kejanggalan di bangsa kita. Saya melihat sudah berapa puluh tahun negara yang begini kaya, rakyatnya masih banyak yang miskin. Saya tidak dapat menerima di akal sehat dan di hati saya bagaimana negara yang begini makmur, bagaimana negara yang berjuang ratusan tahun untuk merdeka tetapi kekayaannya kurang dinikmati oleh sebagian besar rakyat Indonesia. Terutama yang tidak masuk di akal saya, bagaimana bisa negara yang begini besar, negara yang diberi karunia oleh yang Mahakuasa, bumi yang luas, bumi yang kaya, tanah yang subur, tetapi kita tergantung bangsa lain untuk pangan kita. Kita impor, impor, impor, impor pangan. Tidak masuk di hati saya, tidak masuk di akal saya. Saya memang bukan orang pintar, saya tidak punya gelar profesor tetapi saya bisa melihat yang benar dan yang tidak benar. Saya bisa melihat yang masuk akal dan yang tidak masuk akal. Saya bisa merasakan keadilan dan yang tidak adanya keadilan. Karena itu, saya berjuang terus, saya dituduh mau jadi diktator, saya dituduh mau berkuasa, saya dituduh mau kudeta, tetapi saya sejak muda saya bersumpah sebagai prajurit adalah prajurit dari Tentara Nasional Indonesia, TNI adalah tentara rakyat, TNI lahir rakyat, waktu kita berjuang kita diberi makan oleh rakyat Indonesia. Waktu kita menyatakan kemerdekaan, waktu kita menyatakan kemerdekaan tanggal 17 Agustus 1945 tidak ada anggaran, belum ada Kementerian Keuangan, belum ada pajak, belum ada bea cukai, siapa yang biayai pejuang-pejuang, siapa yang mendukung perang kemerdekaan, yang mendukung perang kemerdekaan adalah rakyat Indonesia, yang memberi makan kepada tentara pejuang-pejuang adalah para petani Indonesia. Kita tidak bakal merdeka tanpa jasa para petani kita, Saudara-saudara sekalian.

Saudara-saudara sekalian,
Saya masuk tentara tahun '70, tahun '70, tahun '70, tetapi saya merasakan setiap saya latihan di desa-desa Jawa Tengah, Jawa Barat, rakyat keluar dari rumah, rumah-rumah yang sederhana, rumah-rumah gedek yang lantainya masih tanah, mereka keluar dari rumah, mereka memberi minuman teh, mereka memberi pisang, mereka memberi singkong kepada kami, Saudara-saudara sekalian, padahal untuk masak itu dia harus ambil kayu yang cukup jauh, dia harus ambil air yang cukup jauh, begitu cintanya rakyat kepada tentara, begitu sadarnya para petani terhadap negara bangsa Indonesia. Para petanilah yang paling setia, yang paling loyal dan yang paling merah putih di Republik Indonesia ini, Saudara-saudara sekalian.

Dan, saya tidak habis pikir, puluhan tahun para petani kita, para nelayan kita kurang dihormati, kurang dibela, kurang dilindungi. Waktu saya berhenti dari tentara saya merasa dihormati, saya merasa terhormat, tokoh-tokoh HKTI, tokoh-tokoh KTNA minta saya mantan Panglima Kostrad untuk menjadi Ketua Umum HKTI, Saudara-saudara sekalian. Dan, saya terima ajakan itu sebagai ajakan yang sangat mulia, saya diminta membela kepentingan petani dan nelayan Indonesia. Ini sungguh kehormatan bagi saya. Saya ingat waktu saya masih sangat muda, rakyat yang memberi makan kepada saya, saya tidak lupa, ini kesempatan pikiran saya, saya membalas budi, saya membayar hutang kembali pada para petani Indonesia. Saya jadi jenderal karena petani Indonesia, saya jadi jenderal karena rakyat Indonesia. Pangkat yang saya emban adalah dari rakyat, karena itu saya sekarang harus berbakti untuk rakyat. Dan, ini adalah kesadaran dari pembantu-pembantu saya semua. Mereka, Saudara-saudara sekalian, banyak di antara tokoh-tokoh ini sebenarnya mereka sudah mapan. Tuhan sudah memberi kebaikan dan rezeki kepada mereka.

Saudara Amran pengusaha yang sukses, beliau jadi menteri adalah pengorbanan. Beliau menteri yang, enggak tahu saya sehari mungkin tidur tiga, empat jam. Saya kadang-kadang merasa prihatin, tapi saya dalam hati juga bangga. Saudara Zulkifli Hasan demikian juga masih mau berjuang, masih mau terjun di politik. Orang-orang yang masuk ke politik ini juga merasa aneh juga Saudara masih mau masuk politik. Politik di Indonesia ini pengorbanan, ingin mengabdi, ingin berbuat baik selalu di kuyu-kuyu, selalu dicari-cari kesalahan dan kejelekannya. Tetapi tidak apa-apa. Saya selalu katakan semakin naik ke puncak, semakin diterpa angin yang kencang, mereka yang kuat yang akan sampai di atas.

Saudara-saudara,
Para pemimpin, para pejabat, para Gubernur/Bupati, para Wali Kota, para dirut-dirut BUMN, jangan gentar, jangan ragu-ragu, para adik-adik saya, Menteri-menteri ini jangan. Kehormatan, berjuang untuk rakyat, kehormatan, kita semua akan dipanggil yang Mahakuasa, itu kepastian saudara-saudara. Dan, selalu saya katakan, kalau gajah meninggal dia tinggalkan gading, harimau meninggal dia tinggalkan belang. Manusia pada saat kita dipanggil yang kita tinggalkan hanya nama, nama, nama baik. Tetapi pada saat kita dipanggil apakah rakyat [mengatakan], ""Dia waktu mimpin dia orang baik, waktu dia memimpin dia selalu membela rakyat, waktu dia memimpin dia selalu membela keadilan, waktu dia memimpin dia selalu membela orang yang lemah, waktu dia pimpin dia selalu membela orang yang miskin, waktu dia memimpin dia selalu tegakkan keadilan.""Saya kira keluarga kita semua akan merasa bangga. Daripada nanti kalau dipanggil [rakyat], ""Dia dulu maling, dia dulu koruptor, dia dulu curi uang rakyat, dia memperkaya diri"".

Jadi, Saudara-saudara, bersyukurlah kalau kau diberi kepercayaan, ini kesempatan kita berbakti, kesempatan memberi yang terbaik yang bisa kita berikan, karena Saudara-saudara kadang-kadang kebenaran dan keadilan hanya bisa datang dengan kepemimpinan yang berani dan jujur. Karena itu, Saudara-saudara, hari ini kita telah mencatat suatu kemenangan yang penting. Tidak ada bangsa yang merdeka kalau makan tidak bisa tersedia untuk rakyat, ndak ada, tidak mungkin. Tidak mungkin bangsa itu merdeka, kalau makan pangan tergantung bangsa lain. Dan, ini sudah dibuktikan, begitu ada Covid-19 negara yang punya beras tidak mau jual ke kita. Saya tahu waktu itu, saya sudah menteri, saya ngerti benar-benar. Presiden kita waktu itu sampaikan ke saya, beliau terbang ke sini, terbang ke sana, nego sama pemimpin-pemimpin negara yang punya beras. Akhirnya karena hubungan baik beliau dengan beberapa tokoh, akhirnya mereka waktu Covid-19 adalah pembuka mata, waktu Covid-19 pandemi ada warning, adalah peringatan, adalah lampu kuning bagi bangsa Indonesia, jangan mau, jangan lengah, jangan tergantung bangsa lain apalagi untuk makan. Juga, untuk BBM, untuk energi.

Saudara-saudara,
Yang Mahakuasa telah memberi karunia yang luar biasa, ternyata dari pertanian kita bisa tidak tergantung bangsa lain, juga soal makan tetapi juga soal energi. Dari kelapa sawit kita bisa menghasilkan solar, dari singkong kita bisa menghasilkan etanol untuk bensin, dari tebu kita juga bisa hasilkan etanol, Saudara-saudara sekalian, luar biasa. Waktu saya dilantik jadi Presiden memang saya beri target 4 tahun swasembada beras, swasembada pangan. Terima kasih seluruh komunitas pertanian di Indonesia Saudara bekerja keras, Saudara bersatu, Saudara kompak, Saudara hasilkan yang empat tahun saudara berikan kepada bangsa dan negara, satu tahun kita sudah swasembada, satu tahun kita sudah berdiri di atas kaki kita sendiri, satu tahun kita tidak tergantung bangsa-bangsa lain, Saudara-saudara sekalian.

Saudara-saudara,
Saya sungguh meyakini dan saya sungguh bangga bahwa hari ini Saudara-saudara berhasil sebagai putra-putri terbaik bangsa. Saudara buktikan bahwa Indonesia bisa. Ada elit kita sebagian yang kerjanya hanya ngejek, hujat, fitnah, nyinyir, enggak ada keberhasilan bangsa Indonesia. Atlet-atlet kita berjuang, enggak ada mereka ucapan selamat. Enggak ada mereka menghargai usaha pemerintah, malah selalu ngenyek, ini aneh ya, aneh ini, kesehatan jiwa mereka agak aneh gitu. Saya sendiri bingung tetapi biarlah enggak ada urusan itu, saya kira sedikit mereka itu, mereka pintarnya hanya di sosmed, enggak jelas juga itu, jangan-jangan mereka di bayar. Yang penting Saudara-saudara, hari ini Saudara memberi kepada bangsa dan negara bukti yang nyata. Saudara telah menurut saya mencatat tonggak penting dalam kemerdekaan bangsa Indonesia.

Saudara-saudara,
Banyak tokoh-tokoh penting ngomong ke saya beberapa bulan yang lalu [mengatakan], ""Pak Bowo, enggak mungkin swasembada Indonesia itu"", sungguh ini ngomong ke saya, tidak mungkin swasembada itu. ""Amran itu hati-hati, amran itu kadang-kadang banyak janjinya saja.""Tetapi hari ini, Saudara-saudara sekalian, Saudara Andi Amran Sulaiman saya beri bintang jasa utama. Dia bersama kalian, jajaran kalian semua ini, semua kalian telah mengamankan masa depan bangsa Indonesia. Dan, saya percaya habis ini kita tidak akan bisa diberhentikan. Saya melihat tadi produk-produk hilirisasi, produk-produk dari pertanian luar biasa.

Saudara-saudara,
Nanti dengan swasembada pangan dimana-mana, tidak hanya beras tetapi jagung saya dijanjikan oleh Pak Amran, oleh Wakil Menteri Pertanian, didukung oleh TNI dan Polri, dijanjikan bahwa jagung pun kita dalam waktu dekat akan swasembada. Pakan akan murah untuk seluruh peternak dan petani, kita akan turunkan harga pakan. Kita sudah turunkan harga pupuk, kalau bisa kita turunkan lagi harga pupuk, Saudara-saudara sekalian. Saya ingin jadi presiden, saya ingin jadi presiden, prestasi saya yang saya idam-idamkan kalau saya bisa jadi presiden di mana harga-harga turun, harga pangan turun, harga pupuk turun, harga benih turun, harga untuk rakyat-rakyat kita turun terjangkau di semua bidang. Saya ingin nanti anak-anak petani kembali anak-anaknya bisa sekolah tinggi, anak-anaknya bisa jadi insinyur, anak-anaknya bisa jadi dokter, anak-anaknya bisa jadi jenderal seperti sekarang itu Menteri Pertanian-mu anaknya petani, Wakil Menteri Pertanian-mu anaknya petani, sekarang jadi Menteri dan jadi Wakil Menteri. Kalau dia itu petani asli, mereka ini, kulitnya hitam enggak ada petani yang benar kulitnya putih, yang kulitnya putih itu bintang film atau penyanyi, penyanyi band. Memang Menteri Pertanian dan Wakil Menteri Pertanian ini cocok, cocok itu, kalau berjalan itu, kalau berjalan itu serasi, nomor 1 dan nomor 2, sama-sama hitam. Kalau malam gelap itu enggak kelihatan itu, hanya giginya yang kelihatan kalau senyum.

Saudara-saudara,
Tetapi saya bangga dengan kalian, ya. Hari ini bahagia bagi saya, bahagia, saya senang sekali. Dan, saya melihat tadi penuh harapan, penuh keyakinan. Kalau banyak tokoh nyinyir mengatakan kita tidak bisa swasembada pangan, hari ini kita buktikan kita swasembada pangan. Sekarang setelah kita swasembada pangan, saya dengar lagi, ""Oh iya, tetapi paling swasembada pangannya paling setahun, dua tahun.""Enggak apa-apa kita buktikan tiap tahun kita buktikan swasembada, swasembada, swasembada, swasembada, swasembada, swasembada, tidak hanya swasembada beras [tetapi] jagung, singkong, semuanya kita swasembada nanti, bawang putih kita harus swasembada.

Saudara-saudara,
Ternak, ikan, semuanya kita akan produksi besar-besaran, kita akan buka ribuan desa-desa nelayan, kita akan buka ratusan budi daya ikan. Saudara-saudara sekalian, rakyat kita, anak-anak kita harus makan protein yang banyak, dia harus tumbuh kuat, tumbuh pintar dan tumbuh menjadi masa depan Indonesia yang hebat.

Saudara-saudara sekalian,
Ini rencana besar kita, ini hari ini saya sungguh terima kasih, hari ini saya merasa dapat dorongan, saya merasa dapat kekuatan energi, saya merasa sepertinya menjadi 30 tahun lebih muda, karena saya melihat tadi penghasilan petani kita naik. Dan, saya juga dapat laporan dari Menteri Kelautan, Menteri Kelautan ada? Hasil daripada nelayan-nelayan kita juga naik dan di tahun-tahun mendatang akan lebih naik lagi. Tahun 2026 ini kita targetkan 1.100 desa nelayan, tahun-tahun depan mungkin lebih banyak lagi.

Hari ini kita sudah memberi makan bergizi gratis 55 juta anak Indonesia, 55 juta dalam satu tahun, belum ada bangsa lain yang bisa seperti kita, Saudara-saudara. Walaupun terus kita dinyinyir tidak ada apa-apa, yang penting kita bekerja untuk rakyat. Tadi waktu saya datang, rakyat banyak juga yang teriak, ""Pak, desa kami belum terima MBG."" Saya minta maaf kemampuan kita tetapi insyaallah tahun 2026 ini seluruh desa di Indonesia akan menerima MBG. Sasaran kita Desember 2026 semua desa mendapatkan MBG, mudah-mudahan bisa lebih cepat tetapi Desember kita harus semua anak Indonesia dan semua ibu hamil dan semua orang tua lansia juga kita beri makan.

Saya kira mungkin bangsa Indonesia adalah bangsa nanti yang terbukti mengurus rakyatnya yang sebaik-baiknya, tetapi nah ada tetapinya, tetapi para pejabat, para pemimpin, rekan-rekan saya pembantu-pembantu saya saya minta dukunganmu mari kita bersatu, mari kita kompak. Kita melawan korupsi, kita berantas penyelewengan, kita tegakkan hukum, jangan ragu-ragu, jangan ragu-ragu. Kita sudah mengawasi, sudah sita 4 juta hektare kebun kelapa sawit yang melanggar hukum sudah kita sita. Jampidsus benar? Jaksa Agung? Dan, tahun 2026 mungkin kita akan sita tambahan 4 atau 5 juta lagi. Kita sudah bertindak terhadap ratusan tambang ilegal, sudah ratusan triliun kita selamatkan, masih banyak yang bocor, terus kita kerja. Karena, Saudara-saudara, uang rakyat harus benar-benar harus dinikmati oleh seluruh rakyat Indonesia. Tidak boleh sepeser rupiah pun tidak sampai ke rakyat. Ini tekad saya sebagai presiden yang dilantik dan dipilih oleh rakyat, ini tugas Kabinet Merah Putih.

Alhamdulillah, setelah satu tahun saya melihat kabinet yang saya pimpin bekerja saya bangga. Kerja sama kita cukup baik, kita sudah menjadi tim yang tidak menunggu perintah sudah mengerti, ibarat tim sepak bola masing-masing sudah mengerti tugasnya, yang striker, yang di tengah, yang bertahan, yang cadangan pun tahu menjadi cadangan yang baik, pada saatnya akan dimainkan.

Saudara-saudara sekalian,

Saya kira cukup yang ingin saya sampaikan, terima kasih. Hanya itu yang bisa saya sampaikan, tadi Menteri Pertanian [mengatakan], ""Terima kasih, terima kasih, terima kasih"", beliau sudah mewakili saya, tetapi saya sampaikan penghargaan terima kasih kepada saya secara garis besar kepada semua, semua Gubernur, semua Bupati, semua pemimpin, saya tidak mandang partai mana, kelompok mana, tidak ada. Saya ndak tanya, saya enggak mau tahu, kita semua putra merah putih, kita semua anak bangsa Indonesia. Persaingan baik, enggak ada urusan, bertanding bagus, masa mau bertanding, enggak ada lawan tanding, enggak seru dong, benar. Kita mau lomba 100 meter, lari sendiri enggak ada lawannya, enggak lucu itu, ya kan? Itu dagelan namanya itu. Enggak apa-apa, tetapi bersaing tujuannya sama, begitu siapapun yang menang harus bekerja, harus membela rakyat, harus bekerja sesungguhnya untuk rakyat Indonesia. Jangan berkuasa habis itu menjual diri, iya kan? Aku satu tahun saja jadi Presiden geleng-geleng kepala juga saya, berapa kali saya mau disogok, bolak-balik datang minta ini, minta itu. Tegakkan peraturan, tegakkan sesuai dengan kepentingan dan negara, saya ndak ikut yang lain-lain.

Kemarin, saya dikasih daftar. Pak, ini daftar sekian puluh perusahaan yang melanggar yang mau dicabut izinnya, silakan Bapak pelajari. Saya bilang, ""Saya enggak mau, saya enggak mau lihat itu, karena saya takut ada teman saya di situ."" Iya kan?"" Enggak enak, bisa terpengaruh saya. Begitu lihat daftar, oh teman saya, begitu lihat eh ini Gerindra lagi. Jadi lebih baik saya enggak lihat, saya enggak mau tahu. Jadi kalau yang dicabut ya salahkan saja Jaksa Agung, iya kan? Memang kalian Menteri-menteri kalian diangkat iya kan, kalian diangkat untuk ya untuk dihujat, enggak apa-apa. Saya enggak mau baca karena saya tidak mau terpengaruh. Kemarin ada Menteri [mengatakan], ""Pak, pak, tolong di baca ini Pak, ini ada nama-namanya."" Eh, jangan-jangan. Saya takut ada teman saya di situ atau ada anggota Gerindra, kalau sekarang saya bilang saya enggak tahu, saya serahkan ke aparat penegak hukum. Mereka tanya ""Pak, apa petunjuk?"", yang melanggar tindak, sederhana. Bahasa Indonesia enggak usah ditafsirkan. Undang-Undang Dasar 1945 Pasal 33 jelas, enggak usah ada penerjemah: Bumi dan air dan semua kekayaan yang terkandung didalamnya dikuasai negara dan dipergunakan sebesar-besarnya untuk kemakmuran rakyat. Apa yang kurang jelas? Yang tidak paham keluar saja dari jabatan, segera mengundurkan diri, banyak yang bisa gantikan Saudara-saudara ya. Enggak usah takut. Anak-anak muda yang baik-baik itu mau berjuang untuk kebaikan.

Jadi, Saudara-saudara, terima kasih pengabdianmu. Prestasi luar biasa ini membuat kita tambah percaya dari hasil menuju hasil, dari kemenangan menuju kemenangan-kemenangan baru. Kepercayaan diri kita mampu, Indonesia mampu, Indonesia cerah, Indonesia semangat, Indonesia makmur dan kemakmuran harus sungguh di tangan rakyat Indonesia.

Saudara-saudara sekalian,
Saya ini mantan tentara, prajurit, di tentara ada adab tentara, kebiasaan tentara, yaitu bawahan hormat atasan, itu, itu di Indonesia saja. Di beberapa negara, atasan dan bawahan hormat bersamaan. Tetapi, saya punya dari sejak muda saya memimpin pasukan tempur, saya punya kebiasaan. Kadang-kadang saya memimpin pasukan saya dengan keras, tapi akhirnya mendapat keberhasilan dan akhirnya saya menjadi kagum dan bangga dengan anak buah saya, dan akhirnya saya yang hormat mereka duluan.

Saudara-saudara sekalian,
Izinkanlah saya mengikuti naluri saya, mengikuti kebiasaan saya dari sejak muda. Izinkan saya hormat kepada seluruh dari kalian yang telah berjuang mengabdi sehingga kita swasembada pangan.

Terima kasih.

Wassalamu'alaikum warahmatullahi wabarakatuh.
Salam sejahtera bagi kita sekalian,
Syalom,
Salve,
Om santi santi santi om,
Namo Buddhaya,
Salam kebajikan.

Merdeka!
Merdeka!
Merdeka!

Hidup Petani!
Petani Makmur!
Indonesia Sejahtera !
Indonesia Maju!

Terima kasih.
Selamat Berjuang!

Dengan mengucap bismillahirrahmanirrahim, pada pagi hari ini, hari Rabu tanggal 7 Januari 2026, saya Prabowo Subianto, Presiden Republik Indonesia, dengan ini mengumumkan telah tercapainya swasembada pangan tahun 2025 bagi seluruh bangsa Indonesia.

Terima kasih.","Bismillahirrahmanirrahim.

Assalamu'alaikum warahmatullahi wabarakatuh,
Selamat siang,
Salam sejahtera bagi kita sekalian,
Syalom,
Salve,
Om swastiastu,
Namo Buddhaya,
Salam kebajikan,
Rahayu, rahayu.

Yang saya hormati, Menteri Pertanian sebagai penyelenggara Saudara Andi Amran Sulaiman beserta jajaran Kementerian Pertanian;
Menteri Koordinator Pangan Saudara Zulkifli Hasan, para Menteri, Kepala Badan, Jaksa Agung, Kapolri, Wakil Panglima TNI, para Kepala Staf Angkatan;
Kepala BRIN yang saya hormati;
Kepala Perum Bulog Letnan Jenderal TNI (Purn.) Ahmad Rizal Ramdhani yang saya hormati;
Wakil Menteri Pertanian Saudara Sudaryono yang merangkap Ketua Umum HKTI, Ketua Umum APPSI, masih? Ketua Umum TNI Merdeka, banyak sekali kau [menjabat] ketua umum?
Ketua Komisi IV DPR RI, yang saya hormati Saudari Siti Hediati Soeharto, tepuk tangannya kok panjang banget?

Para Kepala Daerah yang hadir langsung dan para Kepala Daerah yang tidak hadir tetapi lewat online. Yang hadir langsung di sini Gubernur Jawa Barat Saudara Dedi Mulyadi (KDM), Gubernur Jawa Timur Saudara Khofifah Indar Parawansa, Gubernur Sumatra Selatan Saudara Herman Deru, Gubernur Sulawesi Selatan Saudara Andi Sudirman Sulaiman, Gubernur Sumatra Utara Saudara Bobby Afif Nasution, Bupati Karawang Saudara Aep Syaepuloh, para Gubernur/Bupati/Wali Kota yang hadir melalui online yang saya hormati dan saya banggakan, yang hadir secara virtual;
Yang saya hormati, para Dirut BUMN yang berkenan hadir di sini sekarang, juga para asosiasi yang hadir [diantaranya] Perhimpunan Insan Perunggasan Rakyat Indonesia (PINSAR), Gabungan Pengusaha Makanan Ternak (GPMT), Asosiasi Perbenihan Indonesia, Ketua Kolaborasi Strategis Penggilingan Indonesia, Asosiasi Penggilingan Padi, Masyarakat Perbenihan dan Pembibitan Indonesia, Asosiasi Pedagang dan Produsen Jagung Indonesia, Penyedia Katalog Elektronik Benih Padi Indonesia, Gabungan Pengusaha Kelapa Sawit Indonesia, Asosiasi Petani Tebu Republik Indonesia, Perhimpunan Agronomi Indonesia, Ketua Umum APTRI hadir? Hadir enggak di sini APTRI? Baik.

Yang saya hormati dan saya banggakan, para Kelompok Tani, para Penyuluh Pertanian dan terutama para petani dari seluruh Indonesia yang saya hormati, yang saya cintai dan yang saya banggakan;
Seluruh hadirin, undangan, rekan-rekan pers dan media yang hadir langsung maupun yang hadir secara virtual.

Saudara-saudara,
Karena tadi mungkin banyak tokoh-tokoh sudah di sebut satu-satu mungkin saya tidak perlu mengulangi lagi tanpa mengurangi rasa hormat saya, tetapi kalau diminta mengulangi, saya siap mengulangi juga. Ini banyak sekali, tetapi tidak apa-apa. Perlu dibacakan satu-satu? Cukup? Baik. Tanpa mengurangi rasa hormat tetapi di sini banyak dirut perusahaan-perusahaan penting, dirut perusahaan-perusahaan penting: PTPN 3, PTPN 4, PTPN 1, Riset Perkebunan Nusantara, Sinergi Gula Nusantara, Agrinas Palma, Agrinas Pangan Nusantara. Agrinas Palma hadir dirutnya? Agrinas Palma? Catat ya, ini sambil diabsen ini. Dirut PT Berdikari Saudara Maryadi, Dirut Sang Hyang Seri, Dirut PT Pusri Saudara Maryono, Dirut Pupuk Kujang. Baik, terima kasih. Bupati-bupati juga penting ini. Bupati Banyuasin, Bupati Sukabumi, Bupati Tasikmalaya Pak Cecep Nurul Yakin, Bupati Ogan Komering Ulu Timur Saudara Lanosin, Bupati Cianjur terima kasih Pak Mohammad Wahyu Ferdian, Bupati Bojonegoro tadi sudah ya, Bupati Indramayu Saudara Lucky Hakim, Bupati Wajo Saudara Andi Rosman hadir? Terima kasih. Bupati Merauke Saudara Yoseph Gebze terima kasih hadir jauh-jauh dari Merauke. Bupati Bandung Saudara Dadang Supriatna, terima kasih, Bupati Subang Saudara Reynaldy Putra, Bupati Bekasi Saudara Asep Surya Atmaja, terima kasih. Wali Kota Tasikmalaya Saudara Viman Alfarizi Ramadhan, terima kasih, Saudara-saudara sekalian.

Menteri-menteri perlu? Sudah tadi ya disebut, sekalian sudah tadi saya catat sebagai absen. Terima kasih.

Saudara-saudara,
Selalu sebagai insan yang bertakwa, marilah kita tidak henti-hentinya memanjatkan puji syukur ke hadirat Tuhan Mahabesar, Mahakuasa, bagi umat Islam Allah SWT yang memiliki sekalian alam, hanya kepadaNya lah kita berdoa dan hanya kepadaNya lah kita meminta pertolongan. Kita bersyukur atas segala kebaikan, karunia, kedamaian dan atas kesehatan yang masih diberikan kepada kita, sehingga kita dapat berkumpul di siang hari ini. Kita hadir di sini dalam acara yang sangat besar artinya, sangat penting dan sangat membanggakan. Walaupun selalu, kita selalu ingat saudara-saudara kita di tempat-tempat yang jauh dari sini, yang mengalami musibah beberapa puluh hari lalu di Aceh, Sumatra Barat, Sumatra Utara tetapi juga ada di Jawa Timur, di Jawa Tengah, ada di Kalimantan, ada beberapa tempat. Kita selalu ingat saudara-saudara kita, tetapi kita juga bangga melihat pengabdian darmabakti. Banyak unsur dari seluruh lapisan masyarakat, TNI, Polri, BNPB, Basarnas, PU, PLN, perusahaan-perusahaan Danantara, semua bahu-membahu termasuk banyak relawan dari mana-mana. Kita buktikan bangsa Indonesia bangsa yang kuat, bangsa yang berkemampuan, bangsa yang berdiri di atas kaki kita sendiri.

Saudara-saudara sekalian,
Terima kasih atas kehormatan yang diberikan kepada saya, diundang hari ini pada acara panen raya dan pengumuman resmi bahwa Indonesia berhasil kembali menjadi bangsa yang swasembada pangan. Terima kasih.

Saudara-saudara,
Saya selalu mengatakan dimana-mana bahwa bangsa Indonesia harus sungguh-sungguh menjadi bangsa yang waspada, bangsa yang selalu mau mengoreksi diri, bangsa yang selalu berani menghadapi segala keadaan.

Saudara-saudara sekalian,
Kita mengerti dan paham bahwa bangsa kita negara yang kaya. Setelah saya dipilih dan diangkat menjadi Presiden, setelah saya mengambil alih pemerintahan saya paham, lebih paham, lebih mengerti atas kekayaan-kekayaan kita. Tetapi, saya harus katakan saya prihatin, saya sedih dengan kenyataan bahwa banyak kenyataan kita yang tidak pandai kita kelola, sehingga banyak kekayaan kita yang bocor. Dari dulu saya mengerti hal ini, tetapi saya tidak mengerti seberapa banyak kebocoran itu. Dari tahun ke tahun sebelum saya menjadi presiden saya berjuang, berjuang sebagai Ketua Umum HKTI, berjuang sebagai ketua umum sebuah partai, kenapa? Karena, saya melihat ada kejanggalan di bangsa kita. Saya melihat sudah berapa puluh tahun negara yang begini kaya, rakyatnya masih banyak yang miskin. Saya tidak dapat menerima di akal sehat dan di hati saya bagaimana negara yang begini makmur, bagaimana negara yang berjuang ratusan tahun untuk merdeka tetapi kekayaannya kurang dinikmati oleh sebagian besar rakyat Indonesia. Terutama yang tidak masuk di akal saya, bagaimana bisa negara yang begini besar, negara yang diberi karunia oleh yang Mahakuasa, bumi yang luas, bumi yang kaya, tanah yang subur, tetapi kita tergantung bangsa lain untuk pangan kita. Kita impor, impor, impor, impor pangan. Tidak masuk di hati saya, tidak masuk di akal saya. Saya memang bukan orang pintar, saya tidak punya gelar profesor tetapi saya bisa melihat yang benar dan yang tidak benar. Saya bisa melihat yang masuk akal dan yang tidak masuk akal. Saya bisa merasakan keadilan dan yang tidak adanya keadilan. Karena itu, saya berjuang terus, saya dituduh mau jadi diktator, saya dituduh mau berkuasa, saya dituduh mau kudeta, tetapi saya sejak muda saya bersumpah sebagai prajurit adalah prajurit dari Tentara Nasional Indonesia, TNI adalah tentara rakyat, TNI lahir rakyat, waktu kita berjuang kita diberi makan oleh rakyat Indonesia. Waktu kita menyatakan kemerdekaan, waktu kita menyatakan kemerdekaan tanggal 17 Agustus 1945 tidak ada anggaran, belum ada Kementerian Keuangan, belum ada pajak, belum ada bea cukai, siapa yang biayai pejuang-pejuang, siapa yang mendukung perang kemerdekaan, yang mendukung perang kemerdekaan adalah rakyat Indonesia, yang memberi makan kepada tentara pejuang-pejuang adalah para petani Indonesia. Kita tidak bakal merdeka tanpa jasa para petani kita, Saudara-saudara sekalian.

Saudara-saudara sekalian,
Saya masuk tentara tahun '70, tahun '70, tahun '70, tetapi saya merasakan setiap saya latihan di desa-desa Jawa Tengah, Jawa Barat, rakyat keluar dari rumah, rumah-rumah yang sederhana, rumah-rumah gedek yang lantainya masih tanah, mereka keluar dari rumah, mereka memberi minuman teh, mereka memberi pisang, mereka memberi singkong kepada kami, Saudara-saudara sekalian, padahal untuk masak itu dia harus ambil kayu yang cukup jauh, dia harus ambil air yang cukup jauh, begitu cintanya rakyat kepada tentara, begitu sadarnya para petani terhadap negara bangsa Indonesia. Para petanilah yang paling setia, yang paling loyal dan yang paling merah putih di Republik Indonesia ini, Saudara-saudara sekalian.

Dan, saya tidak habis pikir, puluhan tahun para petani kita, para nelayan kita kurang dihormati, kurang dibela, kurang dilindungi. Waktu saya berhenti dari tentara saya merasa dihormati, saya merasa terhormat, tokoh-tokoh HKTI, tokoh-tokoh KTNA minta saya mantan Panglima Kostrad untuk menjadi Ketua Umum HKTI, Saudara-saudara sekalian. Dan, saya terima ajakan itu sebagai ajakan yang sangat mulia, saya diminta membela kepentingan petani dan nelayan Indonesia. Ini sungguh kehormatan bagi saya. Saya ingat waktu saya masih sangat muda, rakyat yang memberi makan kepada saya, saya tidak lupa, ini kesempatan pikiran saya, saya membalas budi, saya membayar hutang kembali pada para petani Indonesia. Saya jadi jenderal karena petani Indonesia, saya jadi jenderal karena rakyat Indonesia. Pangkat yang saya emban adalah dari rakyat, karena itu saya sekarang harus berbakti untuk rakyat. Dan, ini adalah kesadaran dari pembantu-pembantu saya semua. Mereka, Saudara-saudara sekalian, banyak di antara tokoh-tokoh ini sebenarnya mereka sudah mapan. Tuhan sudah memberi kebaikan dan rezeki kepada mereka.

Saudara Amran pengusaha yang sukses, beliau jadi menteri adalah pengorbanan. Beliau menteri yang, enggak tahu saya sehari mungkin tidur tiga, empat jam. Saya kadang-kadang merasa prihatin, tapi saya dalam hati juga bangga. Saudara Zulkifli Hasan demikian juga masih mau berjuang, masih mau terjun di politik. Orang-orang yang masuk ke politik ini juga merasa aneh juga Saudara masih mau masuk politik. Politik di Indonesia ini pengorbanan, ingin mengabdi, ingin berbuat baik selalu di kuyu-kuyu, selalu dicari-cari kesalahan dan kejelekannya. Tetapi tidak apa-apa. Saya selalu katakan semakin naik ke puncak, semakin diterpa angin yang kencang, mereka yang kuat yang akan sampai di atas.

Saudara-saudara,
Para pemimpin, para pejabat, para Gubernur/Bupati, para Wali Kota, para dirut-dirut BUMN, jangan gentar, jangan ragu-ragu, para adik-adik saya, Menteri-menteri ini jangan. Kehormatan, berjuang untuk rakyat, kehormatan, kita semua akan dipanggil yang Mahakuasa, itu kepastian saudara-saudara. Dan, selalu saya katakan, kalau gajah meninggal dia tinggalkan gading, harimau meninggal dia tinggalkan belang. Manusia pada saat kita dipanggil yang kita tinggalkan hanya nama, nama, nama baik. Tetapi pada saat kita dipanggil apakah rakyat [mengatakan], ""Dia waktu mimpin dia orang baik, waktu dia memimpin dia selalu membela rakyat, waktu dia memimpin dia selalu membela keadilan, waktu dia memimpin dia selalu membela orang yang lemah, waktu dia pimpin dia selalu membela orang yang miskin, waktu dia memimpin dia selalu tegakkan keadilan.""Saya kira keluarga kita semua akan merasa bangga. Daripada nanti kalau dipanggil [rakyat], ""Dia dulu maling, dia dulu koruptor, dia dulu curi uang rakyat, dia memperkaya diri"".

Jadi, Saudara-saudara, bersyukurlah kalau kau diberi kepercayaan, ini kesempatan kita berbakti, kesempatan memberi yang terbaik yang bisa kita berikan, karena Saudara-saudara kadang-kadang kebenaran dan keadilan hanya bisa datang dengan kepemimpinan yang berani dan jujur. Karena itu, Saudara-saudara, hari ini kita telah mencatat suatu kemenangan yang penting. Tidak ada bangsa yang merdeka kalau makan tidak bisa tersedia untuk rakyat, ndak ada, tidak mungkin. Tidak mungkin bangsa itu merdeka, kalau makan pangan tergantung bangsa lain. Dan, ini sudah dibuktikan, begitu ada Covid-19 negara yang punya beras tidak mau jual ke kita. Saya tahu waktu itu, saya sudah menteri, saya ngerti benar-benar. Presiden kita waktu itu sampaikan ke saya, beliau terbang ke sini, terbang ke sana, nego sama pemimpin-pemimpin negara yang punya beras. Akhirnya karena hubungan baik beliau dengan beberapa tokoh, akhirnya mereka waktu Covid-19 adalah pembuka mata, waktu Covid-19 pandemi ada warning, adalah peringatan, adalah lampu kuning bagi bangsa Indonesia, jangan mau, jangan lengah, jangan tergantung bangsa lain apalagi untuk makan. Juga, untuk BBM, untuk energi.

Saudara-saudara,
Yang Mahakuasa telah memberi karunia yang luar biasa, ternyata dari pertanian kita bisa tidak tergantung bangsa lain, juga soal makan tetapi juga soal energi. Dari kelapa sawit kita bisa menghasilkan solar, dari singkong kita bisa menghasilkan etanol untuk bensin, dari tebu kita juga bisa hasilkan etanol, Saudara-saudara sekalian, luar biasa. Waktu saya dilantik jadi Presiden memang saya beri target 4 tahun swasembada beras, swasembada pangan. Terima kasih seluruh komunitas pertanian di Indonesia Saudara bekerja keras, Saudara bersatu, Saudara kompak, Saudara hasilkan yang empat tahun saudara berikan kepada bangsa dan negara, satu tahun kita sudah swasembada, satu tahun kita sudah berdiri di atas kaki kita sendiri, satu tahun kita tidak tergantung bangsa-bangsa lain, Saudara-saudara sekalian.

Saudara-saudara,
Saya sungguh meyakini dan saya sungguh bangga bahwa hari ini Saudara-saudara berhasil sebagai putra-putri terbaik bangsa. Saudara buktikan bahwa Indonesia bisa. Ada elit kita sebagian yang kerjanya hanya ngejek, hujat, fitnah, nyinyir, enggak ada keberhasilan bangsa Indonesia. Atlet-atlet kita berjuang, enggak ada mereka ucapan selamat. Enggak ada mereka menghargai usaha pemerintah, malah selalu ngenyek, ini aneh ya, aneh ini, kesehatan jiwa mereka agak aneh gitu. Saya sendiri bingung tetapi biarlah enggak ada urusan itu, saya kira sedikit mereka itu, mereka pintarnya hanya di sosmed, enggak jelas juga itu, jangan-jangan mereka di bayar. Yang penting Saudara-saudara, hari ini Saudara memberi kepada bangsa dan negara bukti yang nyata. Saudara telah menurut saya mencatat tonggak penting dalam kemerdekaan bangsa Indonesia.

Saudara-saudara,
Banyak tokoh-tokoh penting ngomong ke saya beberapa bulan yang lalu [mengatakan], ""Pak Bowo, enggak mungkin swasembada Indonesia itu"", sungguh ini ngomong ke saya, tidak mungkin swasembada itu. ""Amran itu hati-hati, amran itu kadang-kadang banyak janjinya saja.""Tetapi hari ini, Saudara-saudara sekalian, Saudara Andi Amran Sulaiman saya beri bintang jasa utama. Dia bersama kalian, jajaran kalian semua ini, semua kalian telah mengamankan masa depan bangsa Indonesia. Dan, saya percaya habis ini kita tidak akan bisa diberhentikan. Saya melihat tadi produk-produk hilirisasi, produk-produk dari pertanian luar biasa.

Saudara-saudara,
Nanti dengan swasembada pangan dimana-mana, tidak hanya beras tetapi jagung saya dijanjikan oleh Pak Amran, oleh Wakil Menteri Pertanian, didukung oleh TNI dan Polri, dijanjikan bahwa jagung pun kita dalam waktu dekat akan swasembada. Pakan akan murah untuk seluruh peternak dan petani, kita akan turunkan harga pakan. Kita sudah turunkan harga pupuk, kalau bisa kita turunkan lagi harga pupuk, Saudara-saudara sekalian. Saya ingin jadi presiden, saya ingin jadi presiden, prestasi saya yang saya idam-idamkan kalau saya bisa jadi presiden di mana harga-harga turun, harga pangan turun, harga pupuk turun, harga benih turun, harga untuk rakyat-rakyat kita turun terjangkau di semua bidang. Saya ingin nanti anak-anak petani kembali anak-anaknya bisa sekolah tinggi, anak-anaknya bisa jadi insinyur, anak-anaknya bisa jadi dokter, anak-anaknya bisa jadi jenderal seperti sekarang itu Menteri Pertanian-mu anaknya petani, Wakil Menteri Pertanian-mu anaknya petani, sekarang jadi Menteri dan jadi Wakil Menteri. Kalau dia itu petani asli, mereka ini, kulitnya hitam enggak ada petani yang benar kulitnya putih, yang kulitnya putih itu bintang film atau penyanyi, penyanyi band. Memang Menteri Pertanian dan Wakil Menteri Pertanian ini cocok, cocok itu, kalau berjalan itu, kalau berjalan itu serasi, nomor 1 dan nomor 2, sama-sama hitam. Kalau malam gelap itu enggak kelihatan itu, hanya giginya yang kelihatan kalau senyum.

Saudara-saudara,
Tetapi saya bangga dengan kalian, ya. Hari ini bahagia bagi saya, bahagia, saya senang sekali. Dan, saya melihat tadi penuh harapan, penuh keyakinan. Kalau banyak tokoh nyinyir mengatakan kita tidak bisa swasembada pangan, hari ini kita buktikan kita swasembada pangan. Sekarang setelah kita swasembada pangan, saya dengar lagi, ""Oh iya, tetapi paling swasembada pangannya paling setahun, dua tahun.""Enggak apa-apa kita buktikan tiap tahun kita buktikan swasembada, swasembada, swasembada, swasembada, swasembada, swasembada, tidak hanya swasembada beras [tetapi] jagung, singkong, semuanya kita swasembada nanti, bawang putih kita harus swasembada.

Saudara-saudara,
Ternak, ikan, semuanya kita akan produksi besar-besaran, kita akan buka ribuan desa-desa nelayan, kita akan buka ratusan budi daya ikan. Saudara-saudara sekalian, rakyat kita, anak-anak kita harus makan protein yang banyak, dia harus tumbuh kuat, tumbuh pintar dan tumbuh menjadi masa depan Indonesia yang hebat.

Saudara-saudara sekalian,
Ini rencana besar kita, ini hari ini saya sungguh terima kasih, hari ini saya merasa dapat dorongan, saya merasa dapat kekuatan energi, saya merasa sepertinya menjadi 30 tahun lebih muda, karena saya melihat tadi penghasilan petani kita naik. Dan, saya juga dapat laporan dari Menteri Kelautan, Menteri Kelautan ada? Hasil daripada nelayan-nelayan kita juga naik dan di tahun-tahun mendatang akan lebih naik lagi. Tahun 2026 ini kita targetkan 1.100 desa nelayan, tahun-tahun depan mungkin lebih banyak lagi.

Hari ini kita sudah memberi makan bergizi gratis 55 juta anak Indonesia, 55 juta dalam satu tahun, belum ada bangsa lain yang bisa seperti kita, Saudara-saudara. Walaupun terus kita dinyinyir tidak ada apa-apa, yang penting kita bekerja untuk rakyat. Tadi waktu saya datang, rakyat banyak juga yang teriak, ""Pak, desa kami belum terima MBG."" Saya minta maaf kemampuan kita tetapi insyaallah tahun 2026 ini seluruh desa di Indonesia akan menerima MBG. Sasaran kita Desember 2026 semua desa mendapatkan MBG, mudah-mudahan bisa lebih cepat tetapi Desember kita harus semua anak Indonesia dan semua ibu hamil dan semua orang tua lansia juga kita beri makan.

Saya kira mungkin bangsa Indonesia adalah bangsa nanti yang terbukti mengurus rakyatnya yang sebaik-baiknya, tetapi nah ada tetapinya, tetapi para pejabat, para pemimpin, rekan-rekan saya pembantu-pembantu saya saya minta dukunganmu mari kita bersatu, mari kita kompak. Kita melawan korupsi, kita berantas penyelewengan, kita tegakkan hukum, jangan ragu-ragu, jangan ragu-ragu. Kita sudah mengawasi, sudah sita 4 juta hektare kebun kelapa sawit yang melanggar hukum sudah kita sita. Jampidsus benar? Jaksa Agung? Dan, tahun 2026 mungkin kita akan sita tambahan 4 atau 5 juta lagi. Kita sudah bertindak terhadap ratusan tambang ilegal, sudah ratusan triliun kita selamatkan, masih banyak yang bocor, terus kita kerja. Karena, Saudara-saudara, uang rakyat harus benar-benar harus dinikmati oleh seluruh rakyat Indonesia. Tidak boleh sepeser rupiah pun tidak sampai ke rakyat. Ini tekad saya sebagai presiden yang dilantik dan dipilih oleh rakyat, ini tugas Kabinet Merah Putih.

Alhamdulillah, setelah satu tahun saya melihat kabinet yang saya pimpin bekerja saya bangga. Kerja sama kita cukup baik, kita sudah menjadi tim yang tidak menunggu perintah sudah mengerti, ibarat tim sepak bola masing-masing sudah mengerti tugasnya, yang striker, yang di tengah, yang bertahan, yang cadangan pun tahu menjadi cadangan yang baik, pada saatnya akan dimainkan.

Saudara-saudara sekalian,

Saya kira cukup yang ingin saya sampaikan, terima kasih. Hanya itu yang bisa saya sampaikan, tadi Menteri Pertanian [mengatakan], ""Terima kasih, terima kasih, terima kasih"", beliau sudah mewakili saya, tetapi saya sampaikan penghargaan terima kasih kepada saya secara garis besar kepada semua, semua Gubernur, semua Bupati, semua pemimpin, saya tidak mandang partai mana, kelompok mana, tidak ada. Saya ndak tanya, saya enggak mau tahu, kita semua putra merah putih, kita semua anak bangsa Indonesia. Persaingan baik, enggak ada urusan, bertanding bagus, masa mau bertanding, enggak ada lawan tanding, enggak seru dong, benar. Kita mau lomba 100 meter, lari sendiri enggak ada lawannya, enggak lucu itu, ya kan? Itu dagelan namanya itu. Enggak apa-apa, tetapi bersaing tujuannya sama, begitu siapapun yang menang harus bekerja, harus membela rakyat, harus bekerja sesungguhnya untuk rakyat Indonesia. Jangan berkuasa habis itu menjual diri, iya kan? Aku satu tahun saja jadi Presiden geleng-geleng kepala juga saya, berapa kali saya mau disogok, bolak-balik datang minta ini, minta itu. Tegakkan peraturan, tegakkan sesuai dengan kepentingan dan negara, saya ndak ikut yang lain-lain.

Kemarin, saya dikasih daftar. Pak, ini daftar sekian puluh perusahaan yang melanggar yang mau dicabut izinnya, silakan Bapak pelajari. Saya bilang, ""Saya enggak mau, saya enggak mau lihat itu, karena saya takut ada teman saya di situ."" Iya kan?"" Enggak enak, bisa terpengaruh saya. Begitu lihat daftar, oh teman saya, begitu lihat eh ini Gerindra lagi. Jadi lebih baik saya enggak lihat, saya enggak mau tahu. Jadi kalau yang dicabut ya salahkan saja Jaksa Agung, iya kan? Memang kalian Menteri-menteri kalian diangkat iya kan, kalian diangkat untuk ya untuk dihujat, enggak apa-apa. Saya enggak mau baca karena saya tidak mau terpengaruh. Kemarin ada Menteri [mengatakan], ""Pak, pak, tolong di baca ini Pak, ini ada nama-namanya."" Eh, jangan-jangan. Saya takut ada teman saya di situ atau ada anggota Gerindra, kalau sekarang saya bilang saya enggak tahu, saya serahkan ke aparat penegak hukum. Mereka tanya ""Pak, apa petunjuk?"", yang melanggar tindak, sederhana. Bahasa Indonesia enggak usah ditafsirkan. Undang-Undang Dasar 1945 Pasal 33 jelas, enggak usah ada penerjemah: Bumi dan air dan semua kekayaan yang terkandung didalamnya dikuasai negara dan dipergunakan sebesar-besarnya untuk kemakmuran rakyat. Apa yang kurang jelas? Yang tidak paham keluar saja dari jabatan, segera mengundurkan diri, banyak yang bisa gantikan Saudara-saudara ya. Enggak usah takut. Anak-anak muda yang baik-baik itu mau berjuang untuk kebaikan.

Jadi, Saudara-saudara, terima kasih pengabdianmu. Prestasi luar biasa ini membuat kita tambah percaya dari hasil menuju hasil, dari kemenangan menuju kemenangan-kemenangan baru. Kepercayaan diri kita mampu, Indonesia mampu, Indonesia cerah, Indonesia semangat, Indonesia makmur dan kemakmuran harus sungguh di tangan rakyat Indonesia.

Saudara-saudara sekalian,
Saya ini mantan tentara, prajurit, di tentara ada adab tentara, kebiasaan tentara, yaitu bawahan hormat atasan, itu, itu di Indonesia saja. Di beberapa negara, atasan dan bawahan hormat bersamaan. Tetapi, saya punya dari sejak muda saya memimpin pasukan tempur, saya punya kebiasaan. Kadang-kadang saya memimpin pasukan saya dengan keras, tapi akhirnya mendapat keberhasilan dan akhirnya saya menjadi kagum dan bangga dengan anak buah saya, dan akhirnya saya yang hormat mereka duluan.

Saudara-saudara sekalian,
Izinkanlah saya mengikuti naluri saya, mengikuti kebiasaan saya dari sejak muda. Izinkan saya hormat kepada seluruh dari kalian yang telah berjuang mengabdi sehingga kita swasembada pangan.

Terima kasih.

Wassalamu'alaikum warahmatullahi wabarakatuh.
Salam sejahtera bagi kita sekalian,
Syalom,
Salve,
Om santi santi santi om,
Namo Buddhaya,
Salam kebajikan.

Merdeka!
Merdeka!
Merdeka!

Hidup Petani!
Petani Makmur!
Indonesia Sejahtera !
Indonesia Maju!

Terima kasih.
Selamat Berjuang!

Dengan mengucap bismillahirrahmanirrahim, pada pagi hari ini, hari Rabu tanggal 7 Januari 2026, saya Prabowo Subianto, Presiden Republik Indonesia, dengan ini mengumumkan telah tercapainya swasembada pangan tahun 2025 bagi seluruh bangsa Indonesia.

Terima kasih.",24220,3388,1701,809,26334373815c3bc7667d520e4bb95f1a94aaa7a2620107cd580829bbdd17c955,"{""remove_urls"": true, ""remove_email"": true, ""remove_source_note"": true, ""normalize_unicode"": true, ""normalize_whitespace"": true, ""lowercase_for_tokenization"": true, ""remove_numbers_for_tokens"": true, ""min_token_length"": 3, ""apply_general_stopwords"": true, ""apply_domain_stopwords"": true, ""stemming_enabled"": false}",2026-06-11T21:38:26
SPCH_003_PERESMIAN_INFRASTRUKTUR_ENERGI,NASKAH-PIDATO-PRABOWO-PERESMIAN-INFRASTRUKTUR-ENERGI.txt,"Bismillahirrahmanirrahim.

Assalamu’alaikum warahmatullahi wabarakatuh,
Selamat sore,
Salam sejahtera bagi kita sekalian,
Syalom,
Salve,
Om swastiastu,
Namo Buddhaya,
Salam kebajikan.

Yang saya hormati Menteri Energi dan Sumber Daya Mineral (ESDM) Saudara Bahlil Lahadalia, Direktur Utama PT Pertamina Saudara Simon Aloysius Mantiri beserta jajaran direksi Pertamina, Komisaris Utama PT Pertamina Mochamad Iriawan dengan semua jajaran komisaris yang hadir, Ketua Badan Pemeriksa Keuangan Republik Indonesia Saudari Isma Yatun yang saya hormati.
Para Ketua Komisi DPR RI: Ketua Komisi VI Saudari Anggia Erma Rini beserta jajaran Komisi VI yang hadir, Ketua Komisi XII Saudara Bambang Patijaya beserta jajaran Komisi XII yang hadir;
Para Menteri dan Wakil Menteri Kabinet Merah Putih yang hadir. Menko Infrastruktur dan Pembangunan Kewilayahan Saudara Agus Harimurti Yudhoyono, Menteri Luar Negeri Saudara Sugiono, Menteri Sekretaris Negara Saudara Prasetyo Hadi, Panglima Tentara Nasional Indonesia Jenderal TNI Agus Subiyanto, Kapolri Jenderal Polisi Listyo Sigit Prabowo, Kepala Badan Pengendalian Pembangunan dan Investigasi Khusus Saudara Aris Marsudiyanto, Sekretaris Kabinet RI Letnan Kolonel Infantri Teddy Indra Wijaya, Kepala Badan Komunikasi Pemerintah Saudara Angga Raka Prabowo, Wakil Menteri Investasi Saudara Todotua Pasaribu. Coba dicatat, tidak hadir.

Yang saya hormati Gubernur Kalimantan Timur Saudara Rudy Mas’ud beserta Forkopimda (Forum Koordinasi Pimpinan Daerah) Provinsi Kalimantan Timur. Saya lihat hadir Panglima, Pangdam (Panglima Komando Daerah Militer), Kapolda juga hadir dengan anggota, Kepala Kejaksaan, dan anggota Forkopimda yang lain. Wali Kota Balikpapan, tadi Saudara Rudy adalah Gubernur, Saudara Rahmad Wali Kota. Ini saudara ini? Kakak adik? Kakak adik, ya. Tidak apa-apa asal dipilih benar, ya. Wakil Gubernur hadir? Wakil Gubernur? Ini soalnya orang Gerindra di sini ini. Jangan Golkar saja. Friend, friend, kita friend.

Hadir juga saya dicatat di sini Sultan Kutai Kartanegara Ing Martadipura Sultan Aji Muhammad Arifin. Hadir? Yang Mulia. Sultan, kok, ditaruh di belakang? Di depan. Yang saya hormati dan banggakan para tokoh masyarakat, tokoh agama, serta seluruh hadirin undangan, rekan-rekan pers dan media yang turut hadir.

Saudara-saudara sekalian,
Tentunya kita selalu memanjatkan puji syukur ke hadirat Tuhan Mahabesar, Mahakuasa, yang memiliki sekalian alam, hanya kepadaNya lah kita berdoa dan hanya kepadaNya lah kita meminta pertolongan. Kita bersyukur atas segala karunia, kebaikan, kedamaian yang masih diberikan kepada kita, atas segala kesehatan diberikan kepada kita sehingga kita dapat berkumpul di sore hari ini untuk melaksanakan suatu acara yang bersejarah, yaitu Peresmian Infrastruktur Energi Terintegrasi Pertamina Refinery Development Master Plan (RDMP) Balikpapan. Tadi kita sudah disebut bahwa acara seperti ini pernah dilakukan tahun ‘94, berarti 32 tahun yang lalu. Ya, lumayan, ya, cukup bersejarah. Tentunya saya menyambut bahagia dan merasa sangat bangga atas yang kita hasilkan hari ini dengan peresmian ini, dan saya ucapkan terima kasih kepada semua unsur, semua pihak, semua jajaran personalia yang bekerja keras sehingga kita berhasil mencapai hal ini. Para insinyur, para pekerja, aparat keamanan, pemerintah daerah, manajemen, dan masyarakat Balikpapan serta Kalimantan Timur. Ini adalah prestasi yang sangat penting bagi negara dan bangsa.

Kita mengerti bahwa peradaban modern itu tergantung hal-hal yang esensial bagi berdirinya sebuah negara merdeka. Tentunya pertama, negara merdeka harus bisa menghasilkan pangannya sendiri. Ini sangat mendasar. Tidak masuk akal suatu negara ingin merdeka kalau tergantung makan dari luar negara tersebut, dan ini harus kita yakini.

Yang kedua, selain pangan, energi juga harus bisa kita hasilkan sendiri. Dan, alhamdulillah sebenarnya bangsa Indonesia dibeli karunia yang luar biasa dari Yang Maha Kuasa, kita punya sumber-sumber energi yang sangat besar. Cadangan batu bara kita salah satu yang terbesar di dunia. Kita juga punya kemampuan menghasilkan energi dari tanaman, dari kelapa sawit kita bisa hasilkan solar, diesel, biodiesel. Dari, dari batu bara kita bisa hasilkan gas, kita juga bisa hasilkan bensin, kita bisa hasilkan produk-produk energi lainnya. Kita bisa produksi DMA (dimetilasetamida) yang merupakan bisa menggantikan impor LPG kita dari luar. Kita juga punya geotermal terbesar di dunia yang belum kita manfaatkan secara maksimal. Juga kemampuan kita di energi dari air dan juga, Saudara-saudara, ke depan kita juga akan mengembangkan tenaga surya dengan panel-panel kita akan elektrifikasi sehingga kita sungguh-sungguh dapat menghasilkan energi kita sendiri. Tidak perlu kita impor energi dari luar. Ini sasaran kita. Kita harapkan dalam lima tahun kita bisa mencapai ini, tapi tidak ada masalah kalau tidak lima tahun, tahun keenam, kalau tidak tahun keenam, tahun ketujuh, yang penting kita harus menuju ke situ. Tapi, siapa tahu dengan kerja keras kita bisa menghasilkan lebih cepat.

Sebagai contoh, waktu saya mengambil alih kepimpinan nasional setelah saya menerima mandat dari rakyat, saya dilantik tanggal 20 Oktober, saya beri target kepada tim saya untuk swasembada beras dalam waktu empat tahun. Ternyata kita berhasil dalam satu tahun. Ini sesuatu yang tidak diduga-duga oleh siapapun. Ini hasil kerja keras daripada tim kita. Dari sinergi kabinet yang saya pimpin. K/L-K/L (kementerian/lembaga) bekerja sama, semuanya. Kita memangkas regulasi yang tidak masuk akal.

Dulu pupuk sulit, langka, para petani menjerit. Pabrik pupuk milik negara. Pupuk kita subsidi, tetapi sampai ke petani sangat sulit. Waktu itu ada 145 peraturan, 145 peraturan. Ada 11 K/L yang harus menyetujui, harus juga tanda tangan gubernur dan bupati. Jadi dari pabrik sampai ke petani mungkin dibutuhkan 13 tanda tangan. Bayangkan. Kita hilangkan itu semua, 145 peraturan kita hapus, dan sekarang tidak perlu 13 tanda tangan. Cukup satu tanda tangan, satu instruksi. Kemudian pupuk itu langsung ke petani dan petani tidak perlu pakai macam-macam. Cukup kartu penduduk, cukup disetujui oleh kepala desa, benar dia petani di sini. Dan, akhirnya kita berhasil. Pertama kali dalam sejarah bangsa kita, kita berhasil menurunkan harga pupuk sebesar 20 persen. Sesungguhnya Menteri Pertanian melaporkan bisa menurunkan 25 persen. Tapi saya kasih tahu biarlah pabrik dapat keuntungan lima persen sehingga kita turunkan cukup 20 persen. Tetapi petani sudah sangat terima kasih. Dan, walaupun kita turunkan harga, ternyata volume pupuk naik 700 ribu ton. Jadi, petani sekarang harga terjangkau, barang ada. Ini contoh.

Sekarang juga perberasan. Perberasan, petani-petani beras sekarang penghasilannya naik. Nilai tukar petani naik, dari 106 jadi 125, tertinggi selama sejarah Republik Indonesia. Cadangan kita juga tertinggi, produksi kita, beras kita tertinggi selama sejarah Republik Indonesia. Saya kira harus diakui prestasi dan pekerjaan daripada tim ekonomi kita, tim pertanian kita. Membanggakan, ya. Dan ini bukan kita, apa, menepuk dada, tapi ini harus kita lakukan. Kita harus jadi bangsa yang percaya diri. Kita harus jadi bangsa yang bangga dengan prestasi kita. Kita tidak boleh jadi bangsa yang rendah diri. Bangsa yang selalu merasa kalah, merasa selalu tidak mampu bersaing sama bangsa lain. Kita tidak boleh. Di setiap bidang kehidupan, kita harus menjadi bangsa yang kuat, bangsa yang percaya diri, bangsa yang mampu berdiri di atas kaki kita sendiri.

Karena itu saya berbahagia, bangga. Hari ini satu langkah lagi di bidang energi kita menuju kemampuan kita untuk mandiri, kemampuan kita untuk berdiri di atas kaki kita sendiri. Kita tidak boleh tergantung energi kita dari luar. Tidak boleh. Kita ingin merdeka dan kita mampu. Kita miliki semua, diberi karunia oleh Yang Maha Kuasa. Tinggal kita mampu atau tidak sebagai bangsa.

Masalah kita harus akui, jangan kita tutup-tutupi. Pertamina yang sebenarnya adalah national champion kita. Pertamina mungkin satu-satunya perusahaan Indonesia yang masuk Fortune (Global) 500, ya. Satu-satunya perusahaan Indonesia yang nilainya adalah 100 miliar dolar dan harusnya menghasilkan yang lebih baik lagi untuk negara dan bangsa. Dan, kita harus mengakui bahwa beberapa tahun belakangan rakyat pun merasa bahwa terjadi manajemen, terjadi permainan-permainan tidak sehat di Pertamina dan di pengaturan ESDM kita. Ada pihak-pihak, saya tidak mengerti, orang-orang Indonesia yang pintar-pintar, pintar tapi serakah, mengatur mau impor dari luar. Dengan impor dari luar dia manipulasi harga dan dia kutip, sehingga ada pihak, segelintir orang yang kaya raya di atas penderitaan rakyat.

Karena itu, waktu saya menjadi presiden, saya bertekad untuk membersihkan Pertamina. Saya angkat Saudara Simon Aloysius dengan beberapa anak-anak muda dan saya beri tugas. Jangan korupsi, jangan kau cari kaya di atas kepercayaan ini. Direktur Utama Pertamina sangat strategis, Anda bertanggung jawab atas sebuah perusahaan 100 miliar dolar. Godaan akan banyak, tapi Saudara harus teguh dengan semua jajarannya dan saya kasih wewenang seluas-luasnya, siapa yang Anda nilai tidak bagus, pecat. Jangan ragu-ragu. Demi bangsa dan rakyat harus tega. Enggak ada itu. Banyak anak muda yang hebat-hebat, cari.

Saudara-saudara,
Ini tekad kita semua. Terus saya pesankan, mari kita hasilkan untuk rakyat kita pemerintahan yang bersih, manajemen yang amanah, mengelola sumber kekayaan bangsa dengan sebaik-baiknya, Saudara-saudara sekalian. Malu kita dengan bangsa lain dan malu terutama dengan rakyat kita. Praktik-praktik markup penipuan. Markup itu adalah penipuan dan pencurian, mencuri di siang bolong. Dan, sekarang teknologi, sekarang ada, sehingga cepat ketahuan kalau markup. Kalau ada pejabat yang ingin melaksanakan praktik-praktik lama, saya kira sangat keliru. Kita prihatin, saya tidak tahu berapa direksi Pertamina yang sudah masuk penjara, saya tidak tahu. Karena negara dan bangsa membutuhkan dan menuntut manajemen yang terbaik. Kelola dengan baik.

Saya sangat terkesan tadi, Direktur Utama mengatakan menggunakan istilah Pertamina Wira Perwira. Ini luar biasa, ini saya kira napasnya seperti itu. Napasnya harus seperti itu. Bangsa-bangsa yang bangkit, bangsa-bangsa yang kuat.

Kita harus contoh. Jepang, Korea. Bangsa yang tidak punya sumber daya seperti kita, tapi kuat. Nasionalismenya kuat. Kalau tidak salah semua perusahaan di Korea, di Jepang, ada saatnya mereka semua berdiri, lagu kebangsaan dikumandangkan. Semangat nasionalis, semangat patriotik cinta tanah air ini yang harus mendorong semua jajaran Pertamina, terutama yang paling atas. Karena, kita mengerti sifat manusia, yang menentukan adalah para pemimpin. Jadi pemimpin itu harus ing ngarso sung tulodo, memberi contoh. Kalau pemimpinnya maling, anak buahnya tidak semangat.

Pengalaman saya di tentara, pemimpin itu maling cepat anak buah tahu, cepat sekali. Mungkin orang luar tidak tahu, mungkin BPK bisa dikibuli, KPK bisa dikibuli, tapi anak buah akan tahu. Di tentara itu kalau komandan-komandannya maling, pemimpinnya maling, itu dikasih julukan kapal keruk dan seumur hidup dia akan membawa nama itu, kapal keruk. Pemimpin harus memberi contoh. Saya terima kasih semangat tadi. Wira, benar. Pejuang, kesatria, pendekar.

Saudara-saudara,
Perang kemerdekaan ada beberapa fase. Perang kemerdekaan pertama tentunya ratusan tahun yang dulu. Perang kemerdekaan yang kita berhasil rebut kedaulatan tahun ‘45. Habis itu, perang kemerdekaan atau perang untuk mempertahankan kemerdekaan. Kemudian, perang untuk mengisi, mengisi kemerdekaan. Dan, untuk mengisi kemerdekaan, kita harus mengelola sumber daya dan sumber-sumber kekayaan kita. Jadi, setiap unsur yang diberi tugas dan tanggung jawab mengelola kekayaan negara harus menjalankan misi itu dengan penuh rasa tanggung jawab, dengan penuh cinta tanah air, dengan penuh patriotisme, dengan penuh suri tauladan. Kesatria, pembela tanah air.

Terlalu banyak pengalaman kita, direksi-direksi BUMN saya katakan saja tidak baik. Saya beri tugas kepada Kepala Danantara dan beberapa menteri-menteri yang bertanggung jawab untuk membersihkan semua BUMN. BUMN sangat banyak. Banyak yang rugi, sudah rugi, minta tantiem lagi. Enggak tahu malu. Ndableg, menurut saya. Kalau enggak mau, kalau enggak sanggup mengabdi dengan penghasilan yang tersedia, berhenti saja. Segera minta berhenti. Banyak yang siap menggantikan Saudara-saudara. Saya percaya, banyak yang siap menggantikan.

Saya kira, yang paling penting itu, kita menuju swasembada energi, kita mampu. Selama ini menurut saya, tidak ada will. Selama ini banyak di posisi manajemen, di posisi kritis, membohongi atasan, menipu atasan, menipu presiden untuk mencari keuntungan pribadi. Sekarang harus hentikan seperti itu. Kita harus benar-benar menjaga kekayaan negara, karena kita butuh itu untuk memperkuat bangsa kita, menghilangkan kemiskinan, menghilangkan kelaparan, mengejar industri, mengejar teknologi untuk kita hadapi tahun-tahun yang akan datang.

Saudara-saudara,
Persaingan global sekarang sangat ketat. Kalau kita tidak kuat tapi kita kaya, bisa-bisa kekayaan kita direbut. Karena itu, kita harus bekerja keras. Program hilirisasi kita membutuhkan uang. Tapi, saya optimis dengan pengelolaan yang baik, kita akan mampu mencapai tujuan hilirisasi itu.

Tahun ini dalam waktu dekat, saya diberi laporan, kita akan mulai 34 proyek waste to energy, yaitu sampah kita ubah, kita bersihkan menjadi listrik. Ini sangat penting karena kita butuh sekarang membersihkan sampah kita dari kota-kota kita. Sampah itu sudah menumpuk luar biasa. Ini sudah akan menjadi bencana. Belasan tahun tidak bisa kita wujudkan proyek sampah yang baik. Kita sekarang akan mulai 34 proyek, tendernya dibuka mungkin hari-hari ini, tapi ini butuh waktu dua tahun sampai berfungsi.

Kita juga dalam waktu beberapa minggu ini kita akan mulai, kita harapkan minimal enam proyek hilirisasi, mungkin bisa sampai 11. Nilainya adalah kurang lebih 6 miliar dolar dan kita juga akan menerima investasi besar-besaran dari luar. Saya perkirakan cukup besar investasi yang akan masuk. Kita untuk itu harus benar-benar siapkan awak, siapkan manajemen, siapkan manager-manager muda yang bisa menjaga, mengelola proyek-proyek ini. Total kita butuh sampai industrialisasi yang benar mungkin, rencananya mungkin 10 tahun sampai 15-20 tahun, tapi kita ingin mempercepat. Saya sangat optimis ini bisa berjalan. Saya orang yang tidak suka banyak janji, sehingga mungkin saya dituduh kurang komunikatif. Tapi,sekarang saya sudah buktikan.

Yang dulu dikatakan MBG, Makan Bergizi [Gratis] tidak mungkin berhasil. Ada tokoh-tokoh mengatakan tidak mungkin berhasil, pasti gagal. Tapi ternyata hari ini kita sudah mencapai 58 juta penerima manfaat, 58 juta. Kalau Singapura itu jumlah penduduknya enam juta, berarti kita memberi makan berapa, ya? Sembilan, ya? Sembilan Singapura, Sembilan Singapura kita kasih makan tiap hari. Lumayan, ya? Not bad, ya? Negara yang selalu dianggap tidak bisa apa-apa, kita bisa kasih makan 58 juta orang tiap hari, termasuk ibu hamil diantar makan ke rumah, termasuk lansia diantar makan ke rumah. Not bad, Saudara-saudara sekalian. Dan, insyaallah dan saya percaya yakin akhir tahun 2026, Desember 2026, kita akan mencapai 82 juta penerima manfaat.

Negara-negara lain seperti Brasil, dia mencapai 41 juta dalam 11 tahun. Kita 58 juta dalam satu tahun yang dianggap tidak mungkin dari segi manajemen. Ini sekarang kita sedang dibicarakan di mana-mana. Kita menjadi studi kasus bagaimana bisa kita hasilkan seperti ini.

Sama juga, tadi swasembada pangan [dan] Makan Bergizi, Koperasi Merah Putih banyak yang mengatakan untuk apa Koperasi Merah Putih? Kita akan buktikan akhir Desember 2026 nanti akan ada minimal 40 ribu koperasi sudah beroperasi, sudah berjalan. Ekonomi nanti bergerak dari bawah. Pertumbuhannya nanti akan membanggakan kita semua.

Saudara-saudara sekalian,
Saya kira itu yang ingin saya sampaikan. Selamat. Terima kasih,m Pertamina. Terima kasih, ESDM. Lanjutkan pekerjaan ini. Saya titip benar-benar, ya. Hasilkan Pertamina yang hebat, Pertamina yang efisien, Pertamina yang jadi national champion kebanggaan seluruh bangsa. Pertamina harus kembali menjadi agent of development, agent of modernization.

Dulu, Pertamina di awal-awalnya dipimpin oleh Pak Ibnu Sutowo menjadi agent of change, agent of development, agent of modernization. Pertamina dulu punya bagian advanced technology, dimulai dari Pertamina. Advanced technology ini dipimpin oleh seorang insinyur pulang dari Jerman namanya B.J. Habibie. Bagian ini di Pertamina akhirnya menjadi BPPT (Badan Pengkajian dan Penerapan Teknologi). Akhirnya menjadi Nurtanio, IPTN (Industri Pesawat Terbang Nusantara), PTDI (PT Dirgantara Indonesia), menjadi PT PAL (Penataran Angkatan Laut), dan sebagainya, dan sebagainya.

Pertamina, agent of change, agent of development, agent of modernization. Pertamina dulu, Pertamina dulu, Pak Ibnu Sutowo yang menggagas food estate mulai dikerjakan di Sumatra Selatan. Tapi, ya, tentunya yang disampaikan Menteri ESDM, ada pihak-pihak yang selalu, menurut saya, tidak patriotik di dalam tubuh kita. Tapi mungkin saya tidak mengerti, apa sudah dibeli oleh bangsa lain. Akhirnya, akhirnya berusaha menggagalkan kemampuan kita sendiri, menggagalkan prestasi kita sendiri. Kita dibuat tergantung impor beras, impor garam, impor… Negara tiga perempatnya laut, impor ikan. Luar biasa. Ya, kan?

Saya diberitahu juga oleh para pakar cadangan minyak kita sangat besar, cadangan gas kita sangat besar. Tinggal kita mengelola dan mengejarnya. Saya minta, ya, ESDM segera perluas eksplorasi, segera mempermudah mereka yang mau eksplorasi, ya. Jangan dikutip-kutip di depan.

Jaga terus kepercayaan rakyat. Teruskan prestasi ini. Semoga kita semua diberi kebaikan oleh Yang Maha Kuasa. Terima kasih.

Wassalamu’alaikum warahmatullahi wabarakatuh,
Syalom,
Salve,
Om santi santi om,
Namo Buddhaya,
Salam kebajikan,
Rahayu rahayu.

Terima kasih.",18090,utf-8,17990,2543,54,881ebf65c5148e942e7fb142ee7950d6d91a5381cdbb4683c7b96a3beb024fda,Peresmian Infrastruktur Energi,national,filename_contains_national_event_keyword,,date_not_found,id,,,MISSING_SOURCE_URL,MISSING_SOURCE_URL;MISSING_EVENT_DATE,"Bismillahirrahmanirrahim.

Assalamu'alaikum warahmatullahi wabarakatuh,
Selamat sore,
Salam sejahtera bagi kita sekalian,
Syalom,
Salve,
Om swastiastu,
Namo Buddhaya,
Salam kebajikan.

Yang saya hormati Menteri Energi dan Sumber Daya Mineral (ESDM) Saudara Bahlil Lahadalia, Direktur Utama PT Pertamina Saudara Simon Aloysius Mantiri beserta jajaran direksi Pertamina, Komisaris Utama PT Pertamina Mochamad Iriawan dengan semua jajaran komisaris yang hadir, Ketua Badan Pemeriksa Keuangan Republik Indonesia Saudari Isma Yatun yang saya hormati.
Para Ketua Komisi DPR RI: Ketua Komisi VI Saudari Anggia Erma Rini beserta jajaran Komisi VI yang hadir, Ketua Komisi XII Saudara Bambang Patijaya beserta jajaran Komisi XII yang hadir;
Para Menteri dan Wakil Menteri Kabinet Merah Putih yang hadir. Menko Infrastruktur dan Pembangunan Kewilayahan Saudara Agus Harimurti Yudhoyono, Menteri Luar Negeri Saudara Sugiono, Menteri Sekretaris Negara Saudara Prasetyo Hadi, Panglima Tentara Nasional Indonesia Jenderal TNI Agus Subiyanto, Kapolri Jenderal Polisi Listyo Sigit Prabowo, Kepala Badan Pengendalian Pembangunan dan Investigasi Khusus Saudara Aris Marsudiyanto, Sekretaris Kabinet RI Letnan Kolonel Infantri Teddy Indra Wijaya, Kepala Badan Komunikasi Pemerintah Saudara Angga Raka Prabowo, Wakil Menteri Investasi Saudara Todotua Pasaribu. Coba dicatat, tidak hadir.

Yang saya hormati Gubernur Kalimantan Timur Saudara Rudy Mas'ud beserta Forkopimda (Forum Koordinasi Pimpinan Daerah) Provinsi Kalimantan Timur. Saya lihat hadir Panglima, Pangdam (Panglima Komando Daerah Militer), Kapolda juga hadir dengan anggota, Kepala Kejaksaan, dan anggota Forkopimda yang lain. Wali Kota Balikpapan, tadi Saudara Rudy adalah Gubernur, Saudara Rahmad Wali Kota. Ini saudara ini? Kakak adik? Kakak adik, ya. Tidak apa-apa asal dipilih benar, ya. Wakil Gubernur hadir? Wakil Gubernur? Ini soalnya orang Gerindra di sini ini. Jangan Golkar saja. Friend, friend, kita friend.

Hadir juga saya dicatat di sini Sultan Kutai Kartanegara Ing Martadipura Sultan Aji Muhammad Arifin. Hadir? Yang Mulia. Sultan, kok, ditaruh di belakang? Di depan. Yang saya hormati dan banggakan para tokoh masyarakat, tokoh agama, serta seluruh hadirin undangan, rekan-rekan pers dan media yang turut hadir.

Saudara-saudara sekalian,
Tentunya kita selalu memanjatkan puji syukur ke hadirat Tuhan Mahabesar, Mahakuasa, yang memiliki sekalian alam, hanya kepadaNya lah kita berdoa dan hanya kepadaNya lah kita meminta pertolongan. Kita bersyukur atas segala karunia, kebaikan, kedamaian yang masih diberikan kepada kita, atas segala kesehatan diberikan kepada kita sehingga kita dapat berkumpul di sore hari ini untuk melaksanakan suatu acara yang bersejarah, yaitu Peresmian Infrastruktur Energi Terintegrasi Pertamina Refinery Development Master Plan (RDMP) Balikpapan. Tadi kita sudah disebut bahwa acara seperti ini pernah dilakukan tahun '94, berarti 32 tahun yang lalu. Ya, lumayan, ya, cukup bersejarah. Tentunya saya menyambut bahagia dan merasa sangat bangga atas yang kita hasilkan hari ini dengan peresmian ini, dan saya ucapkan terima kasih kepada semua unsur, semua pihak, semua jajaran personalia yang bekerja keras sehingga kita berhasil mencapai hal ini. Para insinyur, para pekerja, aparat keamanan, pemerintah daerah, manajemen, dan masyarakat Balikpapan serta Kalimantan Timur. Ini adalah prestasi yang sangat penting bagi negara dan bangsa.

Kita mengerti bahwa peradaban modern itu tergantung hal-hal yang esensial bagi berdirinya sebuah negara merdeka. Tentunya pertama, negara merdeka harus bisa menghasilkan pangannya sendiri. Ini sangat mendasar. Tidak masuk akal suatu negara ingin merdeka kalau tergantung makan dari luar negara tersebut, dan ini harus kita yakini.

Yang kedua, selain pangan, energi juga harus bisa kita hasilkan sendiri. Dan, alhamdulillah sebenarnya bangsa Indonesia dibeli karunia yang luar biasa dari Yang Maha Kuasa, kita punya sumber-sumber energi yang sangat besar. Cadangan batu bara kita salah satu yang terbesar di dunia. Kita juga punya kemampuan menghasilkan energi dari tanaman, dari kelapa sawit kita bisa hasilkan solar, diesel, biodiesel. Dari, dari batu bara kita bisa hasilkan gas, kita juga bisa hasilkan bensin, kita bisa hasilkan produk-produk energi lainnya. Kita bisa produksi DMA (dimetilasetamida) yang merupakan bisa menggantikan impor LPG kita dari luar. Kita juga punya geotermal terbesar di dunia yang belum kita manfaatkan secara maksimal. Juga kemampuan kita di energi dari air dan juga, Saudara-saudara, ke depan kita juga akan mengembangkan tenaga surya dengan panel-panel kita akan elektrifikasi sehingga kita sungguh-sungguh dapat menghasilkan energi kita sendiri. Tidak perlu kita impor energi dari luar. Ini sasaran kita. Kita harapkan dalam lima tahun kita bisa mencapai ini, tapi tidak ada masalah kalau tidak lima tahun, tahun keenam, kalau tidak tahun keenam, tahun ketujuh, yang penting kita harus menuju ke situ. Tapi, siapa tahu dengan kerja keras kita bisa menghasilkan lebih cepat.

Sebagai contoh, waktu saya mengambil alih kepimpinan nasional setelah saya menerima mandat dari rakyat, saya dilantik tanggal 20 Oktober, saya beri target kepada tim saya untuk swasembada beras dalam waktu empat tahun. Ternyata kita berhasil dalam satu tahun. Ini sesuatu yang tidak diduga-duga oleh siapapun. Ini hasil kerja keras daripada tim kita. Dari sinergi kabinet yang saya pimpin. K/L-K/L (kementerian/lembaga) bekerja sama, semuanya. Kita memangkas regulasi yang tidak masuk akal.

Dulu pupuk sulit, langka, para petani menjerit. Pabrik pupuk milik negara. Pupuk kita subsidi, tetapi sampai ke petani sangat sulit. Waktu itu ada 145 peraturan, 145 peraturan. Ada 11 K/L yang harus menyetujui, harus juga tanda tangan gubernur dan bupati. Jadi dari pabrik sampai ke petani mungkin dibutuhkan 13 tanda tangan. Bayangkan. Kita hilangkan itu semua, 145 peraturan kita hapus, dan sekarang tidak perlu 13 tanda tangan. Cukup satu tanda tangan, satu instruksi. Kemudian pupuk itu langsung ke petani dan petani tidak perlu pakai macam-macam. Cukup kartu penduduk, cukup disetujui oleh kepala desa, benar dia petani di sini. Dan, akhirnya kita berhasil. Pertama kali dalam sejarah bangsa kita, kita berhasil menurunkan harga pupuk sebesar 20 persen. Sesungguhnya Menteri Pertanian melaporkan bisa menurunkan 25 persen. Tapi saya kasih tahu biarlah pabrik dapat keuntungan lima persen sehingga kita turunkan cukup 20 persen. Tetapi petani sudah sangat terima kasih. Dan, walaupun kita turunkan harga, ternyata volume pupuk naik 700 ribu ton. Jadi, petani sekarang harga terjangkau, barang ada. Ini contoh.

Sekarang juga perberasan. Perberasan, petani-petani beras sekarang penghasilannya naik. Nilai tukar petani naik, dari 106 jadi 125, tertinggi selama sejarah Republik Indonesia. Cadangan kita juga tertinggi, produksi kita, beras kita tertinggi selama sejarah Republik Indonesia. Saya kira harus diakui prestasi dan pekerjaan daripada tim ekonomi kita, tim pertanian kita. Membanggakan, ya. Dan ini bukan kita, apa, menepuk dada, tapi ini harus kita lakukan. Kita harus jadi bangsa yang percaya diri. Kita harus jadi bangsa yang bangga dengan prestasi kita. Kita tidak boleh jadi bangsa yang rendah diri. Bangsa yang selalu merasa kalah, merasa selalu tidak mampu bersaing sama bangsa lain. Kita tidak boleh. Di setiap bidang kehidupan, kita harus menjadi bangsa yang kuat, bangsa yang percaya diri, bangsa yang mampu berdiri di atas kaki kita sendiri.

Karena itu saya berbahagia, bangga. Hari ini satu langkah lagi di bidang energi kita menuju kemampuan kita untuk mandiri, kemampuan kita untuk berdiri di atas kaki kita sendiri. Kita tidak boleh tergantung energi kita dari luar. Tidak boleh. Kita ingin merdeka dan kita mampu. Kita miliki semua, diberi karunia oleh Yang Maha Kuasa. Tinggal kita mampu atau tidak sebagai bangsa.

Masalah kita harus akui, jangan kita tutup-tutupi. Pertamina yang sebenarnya adalah national champion kita. Pertamina mungkin satu-satunya perusahaan Indonesia yang masuk Fortune (Global) 500, ya. Satu-satunya perusahaan Indonesia yang nilainya adalah 100 miliar dolar dan harusnya menghasilkan yang lebih baik lagi untuk negara dan bangsa. Dan, kita harus mengakui bahwa beberapa tahun belakangan rakyat pun merasa bahwa terjadi manajemen, terjadi permainan-permainan tidak sehat di Pertamina dan di pengaturan ESDM kita. Ada pihak-pihak, saya tidak mengerti, orang-orang Indonesia yang pintar-pintar, pintar tapi serakah, mengatur mau impor dari luar. Dengan impor dari luar dia manipulasi harga dan dia kutip, sehingga ada pihak, segelintir orang yang kaya raya di atas penderitaan rakyat.

Karena itu, waktu saya menjadi presiden, saya bertekad untuk membersihkan Pertamina. Saya angkat Saudara Simon Aloysius dengan beberapa anak-anak muda dan saya beri tugas. Jangan korupsi, jangan kau cari kaya di atas kepercayaan ini. Direktur Utama Pertamina sangat strategis, Anda bertanggung jawab atas sebuah perusahaan 100 miliar dolar. Godaan akan banyak, tapi Saudara harus teguh dengan semua jajarannya dan saya kasih wewenang seluas-luasnya, siapa yang Anda nilai tidak bagus, pecat. Jangan ragu-ragu. Demi bangsa dan rakyat harus tega. Enggak ada itu. Banyak anak muda yang hebat-hebat, cari.

Saudara-saudara,
Ini tekad kita semua. Terus saya pesankan, mari kita hasilkan untuk rakyat kita pemerintahan yang bersih, manajemen yang amanah, mengelola sumber kekayaan bangsa dengan sebaik-baiknya, Saudara-saudara sekalian. Malu kita dengan bangsa lain dan malu terutama dengan rakyat kita. Praktik-praktik markup penipuan. Markup itu adalah penipuan dan pencurian, mencuri di siang bolong. Dan, sekarang teknologi, sekarang ada, sehingga cepat ketahuan kalau markup. Kalau ada pejabat yang ingin melaksanakan praktik-praktik lama, saya kira sangat keliru. Kita prihatin, saya tidak tahu berapa direksi Pertamina yang sudah masuk penjara, saya tidak tahu. Karena negara dan bangsa membutuhkan dan menuntut manajemen yang terbaik. Kelola dengan baik.

Saya sangat terkesan tadi, Direktur Utama mengatakan menggunakan istilah Pertamina Wira Perwira. Ini luar biasa, ini saya kira napasnya seperti itu. Napasnya harus seperti itu. Bangsa-bangsa yang bangkit, bangsa-bangsa yang kuat.

Kita harus contoh. Jepang, Korea. Bangsa yang tidak punya sumber daya seperti kita, tapi kuat. Nasionalismenya kuat. Kalau tidak salah semua perusahaan di Korea, di Jepang, ada saatnya mereka semua berdiri, lagu kebangsaan dikumandangkan. Semangat nasionalis, semangat patriotik cinta tanah air ini yang harus mendorong semua jajaran Pertamina, terutama yang paling atas. Karena, kita mengerti sifat manusia, yang menentukan adalah para pemimpin. Jadi pemimpin itu harus ing ngarso sung tulodo, memberi contoh. Kalau pemimpinnya maling, anak buahnya tidak semangat.

Pengalaman saya di tentara, pemimpin itu maling cepat anak buah tahu, cepat sekali. Mungkin orang luar tidak tahu, mungkin BPK bisa dikibuli, KPK bisa dikibuli, tapi anak buah akan tahu. Di tentara itu kalau komandan-komandannya maling, pemimpinnya maling, itu dikasih julukan kapal keruk dan seumur hidup dia akan membawa nama itu, kapal keruk. Pemimpin harus memberi contoh. Saya terima kasih semangat tadi. Wira, benar. Pejuang, kesatria, pendekar.

Saudara-saudara,
Perang kemerdekaan ada beberapa fase. Perang kemerdekaan pertama tentunya ratusan tahun yang dulu. Perang kemerdekaan yang kita berhasil rebut kedaulatan tahun '45. Habis itu, perang kemerdekaan atau perang untuk mempertahankan kemerdekaan. Kemudian, perang untuk mengisi, mengisi kemerdekaan. Dan, untuk mengisi kemerdekaan, kita harus mengelola sumber daya dan sumber-sumber kekayaan kita. Jadi, setiap unsur yang diberi tugas dan tanggung jawab mengelola kekayaan negara harus menjalankan misi itu dengan penuh rasa tanggung jawab, dengan penuh cinta tanah air, dengan penuh patriotisme, dengan penuh suri tauladan. Kesatria, pembela tanah air.

Terlalu banyak pengalaman kita, direksi-direksi BUMN saya katakan saja tidak baik. Saya beri tugas kepada Kepala Danantara dan beberapa menteri-menteri yang bertanggung jawab untuk membersihkan semua BUMN. BUMN sangat banyak. Banyak yang rugi, sudah rugi, minta tantiem lagi. Enggak tahu malu. Ndableg, menurut saya. Kalau enggak mau, kalau enggak sanggup mengabdi dengan penghasilan yang tersedia, berhenti saja. Segera minta berhenti. Banyak yang siap menggantikan Saudara-saudara. Saya percaya, banyak yang siap menggantikan.

Saya kira, yang paling penting itu, kita menuju swasembada energi, kita mampu. Selama ini menurut saya, tidak ada will. Selama ini banyak di posisi manajemen, di posisi kritis, membohongi atasan, menipu atasan, menipu presiden untuk mencari keuntungan pribadi. Sekarang harus hentikan seperti itu. Kita harus benar-benar menjaga kekayaan negara, karena kita butuh itu untuk memperkuat bangsa kita, menghilangkan kemiskinan, menghilangkan kelaparan, mengejar industri, mengejar teknologi untuk kita hadapi tahun-tahun yang akan datang.

Saudara-saudara,
Persaingan global sekarang sangat ketat. Kalau kita tidak kuat tapi kita kaya, bisa-bisa kekayaan kita direbut. Karena itu, kita harus bekerja keras. Program hilirisasi kita membutuhkan uang. Tapi, saya optimis dengan pengelolaan yang baik, kita akan mampu mencapai tujuan hilirisasi itu.

Tahun ini dalam waktu dekat, saya diberi laporan, kita akan mulai 34 proyek waste to energy, yaitu sampah kita ubah, kita bersihkan menjadi listrik. Ini sangat penting karena kita butuh sekarang membersihkan sampah kita dari kota-kota kita. Sampah itu sudah menumpuk luar biasa. Ini sudah akan menjadi bencana. Belasan tahun tidak bisa kita wujudkan proyek sampah yang baik. Kita sekarang akan mulai 34 proyek, tendernya dibuka mungkin hari-hari ini, tapi ini butuh waktu dua tahun sampai berfungsi.

Kita juga dalam waktu beberapa minggu ini kita akan mulai, kita harapkan minimal enam proyek hilirisasi, mungkin bisa sampai 11. Nilainya adalah kurang lebih 6 miliar dolar dan kita juga akan menerima investasi besar-besaran dari luar. Saya perkirakan cukup besar investasi yang akan masuk. Kita untuk itu harus benar-benar siapkan awak, siapkan manajemen, siapkan manager-manager muda yang bisa menjaga, mengelola proyek-proyek ini. Total kita butuh sampai industrialisasi yang benar mungkin, rencananya mungkin 10 tahun sampai 15-20 tahun, tapi kita ingin mempercepat. Saya sangat optimis ini bisa berjalan. Saya orang yang tidak suka banyak janji, sehingga mungkin saya dituduh kurang komunikatif. Tapi,sekarang saya sudah buktikan.

Yang dulu dikatakan MBG, Makan Bergizi [Gratis] tidak mungkin berhasil. Ada tokoh-tokoh mengatakan tidak mungkin berhasil, pasti gagal. Tapi ternyata hari ini kita sudah mencapai 58 juta penerima manfaat, 58 juta. Kalau Singapura itu jumlah penduduknya enam juta, berarti kita memberi makan berapa, ya? Sembilan, ya? Sembilan Singapura, Sembilan Singapura kita kasih makan tiap hari. Lumayan, ya? Not bad, ya? Negara yang selalu dianggap tidak bisa apa-apa, kita bisa kasih makan 58 juta orang tiap hari, termasuk ibu hamil diantar makan ke rumah, termasuk lansia diantar makan ke rumah. Not bad, Saudara-saudara sekalian. Dan, insyaallah dan saya percaya yakin akhir tahun 2026, Desember 2026, kita akan mencapai 82 juta penerima manfaat.

Negara-negara lain seperti Brasil, dia mencapai 41 juta dalam 11 tahun. Kita 58 juta dalam satu tahun yang dianggap tidak mungkin dari segi manajemen. Ini sekarang kita sedang dibicarakan di mana-mana. Kita menjadi studi kasus bagaimana bisa kita hasilkan seperti ini.

Sama juga, tadi swasembada pangan [dan] Makan Bergizi, Koperasi Merah Putih banyak yang mengatakan untuk apa Koperasi Merah Putih? Kita akan buktikan akhir Desember 2026 nanti akan ada minimal 40 ribu koperasi sudah beroperasi, sudah berjalan. Ekonomi nanti bergerak dari bawah. Pertumbuhannya nanti akan membanggakan kita semua.

Saudara-saudara sekalian,
Saya kira itu yang ingin saya sampaikan. Selamat. Terima kasih,m Pertamina. Terima kasih, ESDM. Lanjutkan pekerjaan ini. Saya titip benar-benar, ya. Hasilkan Pertamina yang hebat, Pertamina yang efisien, Pertamina yang jadi national champion kebanggaan seluruh bangsa. Pertamina harus kembali menjadi agent of development, agent of modernization.

Dulu, Pertamina di awal-awalnya dipimpin oleh Pak Ibnu Sutowo menjadi agent of change, agent of development, agent of modernization. Pertamina dulu punya bagian advanced technology, dimulai dari Pertamina. Advanced technology ini dipimpin oleh seorang insinyur pulang dari Jerman namanya B.J. Habibie. Bagian ini di Pertamina akhirnya menjadi BPPT (Badan Pengkajian dan Penerapan Teknologi). Akhirnya menjadi Nurtanio, IPTN (Industri Pesawat Terbang Nusantara), PTDI (PT Dirgantara Indonesia), menjadi PT PAL (Penataran Angkatan Laut), dan sebagainya, dan sebagainya.

Pertamina, agent of change, agent of development, agent of modernization. Pertamina dulu, Pertamina dulu, Pak Ibnu Sutowo yang menggagas food estate mulai dikerjakan di Sumatra Selatan. Tapi, ya, tentunya yang disampaikan Menteri ESDM, ada pihak-pihak yang selalu, menurut saya, tidak patriotik di dalam tubuh kita. Tapi mungkin saya tidak mengerti, apa sudah dibeli oleh bangsa lain. Akhirnya, akhirnya berusaha menggagalkan kemampuan kita sendiri, menggagalkan prestasi kita sendiri. Kita dibuat tergantung impor beras, impor garam, impor... Negara tiga perempatnya laut, impor ikan. Luar biasa. Ya, kan?

Saya diberitahu juga oleh para pakar cadangan minyak kita sangat besar, cadangan gas kita sangat besar. Tinggal kita mengelola dan mengejarnya. Saya minta, ya, ESDM segera perluas eksplorasi, segera mempermudah mereka yang mau eksplorasi, ya. Jangan dikutip-kutip di depan.

Jaga terus kepercayaan rakyat. Teruskan prestasi ini. Semoga kita semua diberi kebaikan oleh Yang Maha Kuasa. Terima kasih.

Wassalamu'alaikum warahmatullahi wabarakatuh,
Syalom,
Salve,
Om santi santi om,
Namo Buddhaya,
Salam kebajikan,
Rahayu rahayu.

Terima kasih.","bismillahirrahmanirrahim.

assalamu'alaikum warahmatullahi wabarakatuh,
selamat sore,
salam sejahtera bagi kita sekalian,
syalom,
salve,
om swastiastu,
namo buddhaya,
salam kebajikan.

yang saya hormati menteri energi dan sumber daya mineral (esdm) saudara bahlil lahadalia, direktur utama pt pertamina saudara simon aloysius mantiri beserta jajaran direksi pertamina, komisaris utama pt pertamina mochamad iriawan dengan semua jajaran komisaris yang hadir, ketua badan pemeriksa keuangan republik indonesia saudari isma yatun yang saya hormati.
para ketua komisi dpr ri: ketua komisi vi saudari anggia erma rini beserta jajaran komisi vi yang hadir, ketua komisi xii saudara bambang patijaya beserta jajaran komisi xii yang hadir;
para menteri dan wakil menteri kabinet merah putih yang hadir. menko infrastruktur dan pembangunan kewilayahan saudara agus harimurti yudhoyono, menteri luar negeri saudara sugiono, menteri sekretaris negara saudara prasetyo hadi, panglima tentara nasional indonesia jenderal tni agus subiyanto, kapolri jenderal polisi listyo sigit prabowo, kepala badan pengendalian pembangunan dan investigasi khusus saudara aris marsudiyanto, sekretaris kabinet ri letnan kolonel infantri teddy indra wijaya, kepala badan komunikasi pemerintah saudara angga raka prabowo, wakil menteri investasi saudara todotua pasaribu. coba dicatat, tidak hadir.

yang saya hormati gubernur kalimantan timur saudara rudy mas'ud beserta forkopimda (forum koordinasi pimpinan daerah) provinsi kalimantan timur. saya lihat hadir panglima, pangdam (panglima komando daerah militer), kapolda juga hadir dengan anggota, kepala kejaksaan, dan anggota forkopimda yang lain. wali kota balikpapan, tadi saudara rudy adalah gubernur, saudara rahmad wali kota. ini saudara ini? kakak adik? kakak adik, ya. tidak apa-apa asal dipilih benar, ya. wakil gubernur hadir? wakil gubernur? ini soalnya orang gerindra di sini ini. jangan golkar saja. friend, friend, kita friend.

hadir juga saya dicatat di sini sultan kutai kartanegara ing martadipura sultan aji muhammad arifin. hadir? yang mulia. sultan, kok, ditaruh di belakang? di depan. yang saya hormati dan banggakan para tokoh masyarakat, tokoh agama, serta seluruh hadirin undangan, rekan-rekan pers dan media yang turut hadir.

saudara-saudara sekalian,
tentunya kita selalu memanjatkan puji syukur ke hadirat tuhan mahabesar, mahakuasa, yang memiliki sekalian alam, hanya kepadanya lah kita berdoa dan hanya kepadanya lah kita meminta pertolongan. kita bersyukur atas segala karunia, kebaikan, kedamaian yang masih diberikan kepada kita, atas segala kesehatan diberikan kepada kita sehingga kita dapat berkumpul di sore hari ini untuk melaksanakan suatu acara yang bersejarah, yaitu peresmian infrastruktur energi terintegrasi pertamina refinery development master plan (rdmp) balikpapan. tadi kita sudah disebut bahwa acara seperti ini pernah dilakukan tahun '94, berarti 32 tahun yang lalu. ya, lumayan, ya, cukup bersejarah. tentunya saya menyambut bahagia dan merasa sangat bangga atas yang kita hasilkan hari ini dengan peresmian ini, dan saya ucapkan terima kasih kepada semua unsur, semua pihak, semua jajaran personalia yang bekerja keras sehingga kita berhasil mencapai hal ini. para insinyur, para pekerja, aparat keamanan, pemerintah daerah, manajemen, dan masyarakat balikpapan serta kalimantan timur. ini adalah prestasi yang sangat penting bagi negara dan bangsa.

kita mengerti bahwa peradaban modern itu tergantung hal-hal yang esensial bagi berdirinya sebuah negara merdeka. tentunya pertama, negara merdeka harus bisa menghasilkan pangannya sendiri. ini sangat mendasar. tidak masuk akal suatu negara ingin merdeka kalau tergantung makan dari luar negara tersebut, dan ini harus kita yakini.

yang kedua, selain pangan, energi juga harus bisa kita hasilkan sendiri. dan, alhamdulillah sebenarnya bangsa indonesia dibeli karunia yang luar biasa dari yang maha kuasa, kita punya sumber-sumber energi yang sangat besar. cadangan batu bara kita salah satu yang terbesar di dunia. kita juga punya kemampuan menghasilkan energi dari tanaman, dari kelapa sawit kita bisa hasilkan solar, diesel, biodiesel. dari, dari batu bara kita bisa hasilkan gas, kita juga bisa hasilkan bensin, kita bisa hasilkan produk-produk energi lainnya. kita bisa produksi dma (dimetilasetamida) yang merupakan bisa menggantikan impor lpg kita dari luar. kita juga punya geotermal terbesar di dunia yang belum kita manfaatkan secara maksimal. juga kemampuan kita di energi dari air dan juga, saudara-saudara, ke depan kita juga akan mengembangkan tenaga surya dengan panel-panel kita akan elektrifikasi sehingga kita sungguh-sungguh dapat menghasilkan energi kita sendiri. tidak perlu kita impor energi dari luar. ini sasaran kita. kita harapkan dalam lima tahun kita bisa mencapai ini, tapi tidak ada masalah kalau tidak lima tahun, tahun keenam, kalau tidak tahun keenam, tahun ketujuh, yang penting kita harus menuju ke situ. tapi, siapa tahu dengan kerja keras kita bisa menghasilkan lebih cepat.

sebagai contoh, waktu saya mengambil alih kepimpinan nasional setelah saya menerima mandat dari rakyat, saya dilantik tanggal 20 oktober, saya beri target kepada tim saya untuk swasembada beras dalam waktu empat tahun. ternyata kita berhasil dalam satu tahun. ini sesuatu yang tidak diduga-duga oleh siapapun. ini hasil kerja keras daripada tim kita. dari sinergi kabinet yang saya pimpin. k/l-k/l (kementerian/lembaga) bekerja sama, semuanya. kita memangkas regulasi yang tidak masuk akal.

dulu pupuk sulit, langka, para petani menjerit. pabrik pupuk milik negara. pupuk kita subsidi, tetapi sampai ke petani sangat sulit. waktu itu ada 145 peraturan, 145 peraturan. ada 11 k/l yang harus menyetujui, harus juga tanda tangan gubernur dan bupati. jadi dari pabrik sampai ke petani mungkin dibutuhkan 13 tanda tangan. bayangkan. kita hilangkan itu semua, 145 peraturan kita hapus, dan sekarang tidak perlu 13 tanda tangan. cukup satu tanda tangan, satu instruksi. kemudian pupuk itu langsung ke petani dan petani tidak perlu pakai macam-macam. cukup kartu penduduk, cukup disetujui oleh kepala desa, benar dia petani di sini. dan, akhirnya kita berhasil. pertama kali dalam sejarah bangsa kita, kita berhasil menurunkan harga pupuk sebesar 20 persen. sesungguhnya menteri pertanian melaporkan bisa menurunkan 25 persen. tapi saya kasih tahu biarlah pabrik dapat keuntungan lima persen sehingga kita turunkan cukup 20 persen. tetapi petani sudah sangat terima kasih. dan, walaupun kita turunkan harga, ternyata volume pupuk naik 700 ribu ton. jadi, petani sekarang harga terjangkau, barang ada. ini contoh.

sekarang juga perberasan. perberasan, petani-petani beras sekarang penghasilannya naik. nilai tukar petani naik, dari 106 jadi 125, tertinggi selama sejarah republik indonesia. cadangan kita juga tertinggi, produksi kita, beras kita tertinggi selama sejarah republik indonesia. saya kira harus diakui prestasi dan pekerjaan daripada tim ekonomi kita, tim pertanian kita. membanggakan, ya. dan ini bukan kita, apa, menepuk dada, tapi ini harus kita lakukan. kita harus jadi bangsa yang percaya diri. kita harus jadi bangsa yang bangga dengan prestasi kita. kita tidak boleh jadi bangsa yang rendah diri. bangsa yang selalu merasa kalah, merasa selalu tidak mampu bersaing sama bangsa lain. kita tidak boleh. di setiap bidang kehidupan, kita harus menjadi bangsa yang kuat, bangsa yang percaya diri, bangsa yang mampu berdiri di atas kaki kita sendiri.

karena itu saya berbahagia, bangga. hari ini satu langkah lagi di bidang energi kita menuju kemampuan kita untuk mandiri, kemampuan kita untuk berdiri di atas kaki kita sendiri. kita tidak boleh tergantung energi kita dari luar. tidak boleh. kita ingin merdeka dan kita mampu. kita miliki semua, diberi karunia oleh yang maha kuasa. tinggal kita mampu atau tidak sebagai bangsa.

masalah kita harus akui, jangan kita tutup-tutupi. pertamina yang sebenarnya adalah national champion kita. pertamina mungkin satu-satunya perusahaan indonesia yang masuk fortune (global) 500, ya. satu-satunya perusahaan indonesia yang nilainya adalah 100 miliar dolar dan harusnya menghasilkan yang lebih baik lagi untuk negara dan bangsa. dan, kita harus mengakui bahwa beberapa tahun belakangan rakyat pun merasa bahwa terjadi manajemen, terjadi permainan-permainan tidak sehat di pertamina dan di pengaturan esdm kita. ada pihak-pihak, saya tidak mengerti, orang-orang indonesia yang pintar-pintar, pintar tapi serakah, mengatur mau impor dari luar. dengan impor dari luar dia manipulasi harga dan dia kutip, sehingga ada pihak, segelintir orang yang kaya raya di atas penderitaan rakyat.

karena itu, waktu saya menjadi presiden, saya bertekad untuk membersihkan pertamina. saya angkat saudara simon aloysius dengan beberapa anak-anak muda dan saya beri tugas. jangan korupsi, jangan kau cari kaya di atas kepercayaan ini. direktur utama pertamina sangat strategis, anda bertanggung jawab atas sebuah perusahaan 100 miliar dolar. godaan akan banyak, tapi saudara harus teguh dengan semua jajarannya dan saya kasih wewenang seluas-luasnya, siapa yang anda nilai tidak bagus, pecat. jangan ragu-ragu. demi bangsa dan rakyat harus tega. enggak ada itu. banyak anak muda yang hebat-hebat, cari.

saudara-saudara,
ini tekad kita semua. terus saya pesankan, mari kita hasilkan untuk rakyat kita pemerintahan yang bersih, manajemen yang amanah, mengelola sumber kekayaan bangsa dengan sebaik-baiknya, saudara-saudara sekalian. malu kita dengan bangsa lain dan malu terutama dengan rakyat kita. praktik-praktik markup penipuan. markup itu adalah penipuan dan pencurian, mencuri di siang bolong. dan, sekarang teknologi, sekarang ada, sehingga cepat ketahuan kalau markup. kalau ada pejabat yang ingin melaksanakan praktik-praktik lama, saya kira sangat keliru. kita prihatin, saya tidak tahu berapa direksi pertamina yang sudah masuk penjara, saya tidak tahu. karena negara dan bangsa membutuhkan dan menuntut manajemen yang terbaik. kelola dengan baik.

saya sangat terkesan tadi, direktur utama mengatakan menggunakan istilah pertamina wira perwira. ini luar biasa, ini saya kira napasnya seperti itu. napasnya harus seperti itu. bangsa-bangsa yang bangkit, bangsa-bangsa yang kuat.

kita harus contoh. jepang, korea. bangsa yang tidak punya sumber daya seperti kita, tapi kuat. nasionalismenya kuat. kalau tidak salah semua perusahaan di korea, di jepang, ada saatnya mereka semua berdiri, lagu kebangsaan dikumandangkan. semangat nasionalis, semangat patriotik cinta tanah air ini yang harus mendorong semua jajaran pertamina, terutama yang paling atas. karena, kita mengerti sifat manusia, yang menentukan adalah para pemimpin. jadi pemimpin itu harus ing ngarso sung tulodo, memberi contoh. kalau pemimpinnya maling, anak buahnya tidak semangat.

pengalaman saya di tentara, pemimpin itu maling cepat anak buah tahu, cepat sekali. mungkin orang luar tidak tahu, mungkin bpk bisa dikibuli, kpk bisa dikibuli, tapi anak buah akan tahu. di tentara itu kalau komandan-komandannya maling, pemimpinnya maling, itu dikasih julukan kapal keruk dan seumur hidup dia akan membawa nama itu, kapal keruk. pemimpin harus memberi contoh. saya terima kasih semangat tadi. wira, benar. pejuang, kesatria, pendekar.

saudara-saudara,
perang kemerdekaan ada beberapa fase. perang kemerdekaan pertama tentunya ratusan tahun yang dulu. perang kemerdekaan yang kita berhasil rebut kedaulatan tahun '45. habis itu, perang kemerdekaan atau perang untuk mempertahankan kemerdekaan. kemudian, perang untuk mengisi, mengisi kemerdekaan. dan, untuk mengisi kemerdekaan, kita harus mengelola sumber daya dan sumber-sumber kekayaan kita. jadi, setiap unsur yang diberi tugas dan tanggung jawab mengelola kekayaan negara harus menjalankan misi itu dengan penuh rasa tanggung jawab, dengan penuh cinta tanah air, dengan penuh patriotisme, dengan penuh suri tauladan. kesatria, pembela tanah air.

terlalu banyak pengalaman kita, direksi-direksi bumn saya katakan saja tidak baik. saya beri tugas kepada kepala danantara dan beberapa menteri-menteri yang bertanggung jawab untuk membersihkan semua bumn. bumn sangat banyak. banyak yang rugi, sudah rugi, minta tantiem lagi. enggak tahu malu. ndableg, menurut saya. kalau enggak mau, kalau enggak sanggup mengabdi dengan penghasilan yang tersedia, berhenti saja. segera minta berhenti. banyak yang siap menggantikan saudara-saudara. saya percaya, banyak yang siap menggantikan.

saya kira, yang paling penting itu, kita menuju swasembada energi, kita mampu. selama ini menurut saya, tidak ada will. selama ini banyak di posisi manajemen, di posisi kritis, membohongi atasan, menipu atasan, menipu presiden untuk mencari keuntungan pribadi. sekarang harus hentikan seperti itu. kita harus benar-benar menjaga kekayaan negara, karena kita butuh itu untuk memperkuat bangsa kita, menghilangkan kemiskinan, menghilangkan kelaparan, mengejar industri, mengejar teknologi untuk kita hadapi tahun-tahun yang akan datang.

saudara-saudara,
persaingan global sekarang sangat ketat. kalau kita tidak kuat tapi kita kaya, bisa-bisa kekayaan kita direbut. karena itu, kita harus bekerja keras. program hilirisasi kita membutuhkan uang. tapi, saya optimis dengan pengelolaan yang baik, kita akan mampu mencapai tujuan hilirisasi itu.

tahun ini dalam waktu dekat, saya diberi laporan, kita akan mulai 34 proyek waste to energy, yaitu sampah kita ubah, kita bersihkan menjadi listrik. ini sangat penting karena kita butuh sekarang membersihkan sampah kita dari kota-kota kita. sampah itu sudah menumpuk luar biasa. ini sudah akan menjadi bencana. belasan tahun tidak bisa kita wujudkan proyek sampah yang baik. kita sekarang akan mulai 34 proyek, tendernya dibuka mungkin hari-hari ini, tapi ini butuh waktu dua tahun sampai berfungsi.

kita juga dalam waktu beberapa minggu ini kita akan mulai, kita harapkan minimal enam proyek hilirisasi, mungkin bisa sampai 11. nilainya adalah kurang lebih 6 miliar dolar dan kita juga akan menerima investasi besar-besaran dari luar. saya perkirakan cukup besar investasi yang akan masuk. kita untuk itu harus benar-benar siapkan awak, siapkan manajemen, siapkan manager-manager muda yang bisa menjaga, mengelola proyek-proyek ini. total kita butuh sampai industrialisasi yang benar mungkin, rencananya mungkin 10 tahun sampai 15-20 tahun, tapi kita ingin mempercepat. saya sangat optimis ini bisa berjalan. saya orang yang tidak suka banyak janji, sehingga mungkin saya dituduh kurang komunikatif. tapi,sekarang saya sudah buktikan.

yang dulu dikatakan mbg, makan bergizi [gratis] tidak mungkin berhasil. ada tokoh-tokoh mengatakan tidak mungkin berhasil, pasti gagal. tapi ternyata hari ini kita sudah mencapai 58 juta penerima manfaat, 58 juta. kalau singapura itu jumlah penduduknya enam juta, berarti kita memberi makan berapa, ya? sembilan, ya? sembilan singapura, sembilan singapura kita kasih makan tiap hari. lumayan, ya? not bad, ya? negara yang selalu dianggap tidak bisa apa-apa, kita bisa kasih makan 58 juta orang tiap hari, termasuk ibu hamil diantar makan ke rumah, termasuk lansia diantar makan ke rumah. not bad, saudara-saudara sekalian. dan, insyaallah dan saya percaya yakin akhir tahun 2026, desember 2026, kita akan mencapai 82 juta penerima manfaat.

negara-negara lain seperti brasil, dia mencapai 41 juta dalam 11 tahun. kita 58 juta dalam satu tahun yang dianggap tidak mungkin dari segi manajemen. ini sekarang kita sedang dibicarakan di mana-mana. kita menjadi studi kasus bagaimana bisa kita hasilkan seperti ini.

sama juga, tadi swasembada pangan [dan] makan bergizi, koperasi merah putih banyak yang mengatakan untuk apa koperasi merah putih? kita akan buktikan akhir desember 2026 nanti akan ada minimal 40 ribu koperasi sudah beroperasi, sudah berjalan. ekonomi nanti bergerak dari bawah. pertumbuhannya nanti akan membanggakan kita semua.

saudara-saudara sekalian,
saya kira itu yang ingin saya sampaikan. selamat. terima kasih,m pertamina. terima kasih, esdm. lanjutkan pekerjaan ini. saya titip benar-benar, ya. hasilkan pertamina yang hebat, pertamina yang efisien, pertamina yang jadi national champion kebanggaan seluruh bangsa. pertamina harus kembali menjadi agent of development, agent of modernization.

dulu, pertamina di awal-awalnya dipimpin oleh pak ibnu sutowo menjadi agent of change, agent of development, agent of modernization. pertamina dulu punya bagian advanced technology, dimulai dari pertamina. advanced technology ini dipimpin oleh seorang insinyur pulang dari jerman namanya b.j. habibie. bagian ini di pertamina akhirnya menjadi bppt (badan pengkajian dan penerapan teknologi). akhirnya menjadi nurtanio, iptn (industri pesawat terbang nusantara), ptdi (pt dirgantara indonesia), menjadi pt pal (penataran angkatan laut), dan sebagainya, dan sebagainya.

pertamina, agent of change, agent of development, agent of modernization. pertamina dulu, pertamina dulu, pak ibnu sutowo yang menggagas food estate mulai dikerjakan di sumatra selatan. tapi, ya, tentunya yang disampaikan menteri esdm, ada pihak-pihak yang selalu, menurut saya, tidak patriotik di dalam tubuh kita. tapi mungkin saya tidak mengerti, apa sudah dibeli oleh bangsa lain. akhirnya, akhirnya berusaha menggagalkan kemampuan kita sendiri, menggagalkan prestasi kita sendiri. kita dibuat tergantung impor beras, impor garam, impor... negara tiga perempatnya laut, impor ikan. luar biasa. ya, kan?

saya diberitahu juga oleh para pakar cadangan minyak kita sangat besar, cadangan gas kita sangat besar. tinggal kita mengelola dan mengejarnya. saya minta, ya, esdm segera perluas eksplorasi, segera mempermudah mereka yang mau eksplorasi, ya. jangan dikutip-kutip di depan.

jaga terus kepercayaan rakyat. teruskan prestasi ini. semoga kita semua diberi kebaikan oleh yang maha kuasa. terima kasih.

wassalamu'alaikum warahmatullahi wabarakatuh,
syalom,
salve,
om santi santi om,
namo buddhaya,
salam kebajikan,
rahayu rahayu.

terima kasih.","[""assalamu'alaikum"", ""selamat"", ""sore"", ""sejahtera"", ""energi"", ""sumber"", ""daya"", ""mineral"", ""esdm"", ""bahlil"", ""lahadalia"", ""direktur"", ""utama"", ""pertamina"", ""simon"", ""aloysius"", ""mantiri"", ""beserta"", ""jajaran"", ""direksi"", ""pertamina"", ""komisaris"", ""utama"", ""pertamina"", ""mochamad"", ""iriawan"", ""jajaran"", ""komisaris"", ""hadir"", ""ketua"", ""badan"", ""pemeriksa"", ""keuangan"", ""indonesia"", ""saudari"", ""isma"", ""yatun"", ""ketua"", ""komisi"", ""dpr"", ""ketua"", ""komisi"", ""saudari"", ""anggia"", ""erma"", ""rini"", ""beserta"", ""jajaran"", ""komisi"", ""hadir"", ""ketua"", ""komisi"", ""xii"", ""bambang"", ""patijaya"", ""beserta"", ""jajaran"", ""komisi"", ""xii"", ""hadir"", ""kabinet"", ""merah"", ""putih"", ""hadir"", ""menko"", ""infrastruktur"", ""pembangunan"", ""kewilayahan"", ""agus"", ""harimurti"", ""yudhoyono"", ""negeri"", ""sugiono"", ""sekretaris"", ""negara"", ""prasetyo"", ""hadi"", ""panglima"", ""tentara"", ""nasional"", ""indonesia"", ""jenderal"", ""tni"", ""agus"", ""subiyanto"", ""kapolri"", ""jenderal"", ""polisi"", ""listyo"", ""sigit"", ""badan"", ""pengendalian"", ""pembangunan"", ""investigasi"", ""aris"", ""marsudiyanto"", ""sekretaris"", ""kabinet"", ""letnan"", ""kolonel"", ""infantri"", ""teddy"", ""indra"", ""wijaya"", ""badan"", ""komunikasi"", ""pemerintah"", ""angga"", ""raka"", ""investasi"", ""todotua"", ""pasaribu"", ""coba"", ""dicatat"", ""hadir"", ""kalimantan"", ""timur"", ""rudy"", ""mas'ud"", ""beserta"", ""forkopimda"", ""forum"", ""koordinasi"", ""pimpinan"", ""daerah"", ""provinsi"", ""kalimantan"", ""timur"", ""lihat"", ""hadir"", ""panglima"", ""pangdam"", ""panglima"", ""komando"", ""daerah"", ""militer"", ""kapolda"", ""hadir"", ""anggota"", ""kejaksaan"", ""anggota"", ""forkopimda"", ""balikpapan"", ""rudy"", ""rahmad"", ""kakak"", ""adik"", ""kakak"", ""adik"", ""apa-apa"", ""asal"", ""dipilih"", ""hadir"", ""soalnya"", ""gerindra"", ""golkar"", ""friend"", ""friend"", ""friend"", ""hadir"", ""dicatat"", ""sultan"", ""kutai"", ""kartanegara"", ""ing"", ""martadipura"", ""sultan"", ""aji"", ""muhammad"", ""arifin"", ""hadir"", ""mulia"", ""sultan"", ""ditaruh"", ""tokoh"", ""masyarakat"", ""tokoh"", ""agama"", ""rekan-rekan"", ""pers"", ""media"", ""turut"", ""hadir"", ""tentunya"", ""memanjatkan"", ""puji"", ""syukur"", ""hadirat"", ""tuhan"", ""mahabesar"", ""mahakuasa"", ""memiliki"", ""alam"", ""kepadanya"", ""berdoa"", ""kepadanya"", ""meminta"", ""pertolongan"", ""bersyukur"", ""segala"", ""karunia"", ""kebaikan"", ""kedamaian"", ""diberikan"", ""segala"", ""kesehatan"", ""diberikan"", ""berkumpul"", ""sore"", ""melaksanakan"", ""acara"", ""bersejarah"", ""peresmian"", ""infrastruktur"", ""energi"", ""terintegrasi"", ""pertamina"", ""refinery"", ""development"", ""master"", ""plan"", ""rdmp"", ""balikpapan"", ""disebut"", ""acara"", ""dilakukan"", ""tahun"", ""berarti"", ""tahun"", ""lumayan"", ""bersejarah"", ""tentunya"", ""menyambut"", ""bahagia"", ""merasa"", ""bangga"", ""hasilkan"", ""peresmian"", ""ucapkan"", ""kasih"", ""unsur"", ""pihak"", ""jajaran"", ""personalia"", ""bekerja"", ""keras"", ""berhasil"", ""mencapai"", ""insinyur"", ""pekerja"", ""aparat"", ""keamanan"", ""pemerintah"", ""daerah"", ""manajemen"", ""masyarakat"", ""balikpapan"", ""kalimantan"", ""timur"", ""prestasi"", ""penting"", ""negara"", ""bangsa"", ""mengerti"", ""peradaban"", ""modern"", ""tergantung"", ""hal-hal"", ""esensial"", ""berdirinya"", ""negara"", ""merdeka"", ""tentunya"", ""pertama"", ""negara"", ""merdeka"", ""menghasilkan"", ""pangannya"", ""mendasar"", ""masuk"", ""akal"", ""negara"", ""merdeka"", ""tergantung"", ""makan"", ""negara"", ""tersebut"", ""yakini"", ""kedua"", ""pangan"", ""energi"", ""hasilkan"", ""alhamdulillah"", ""bangsa"", ""indonesia"", ""dibeli"", ""karunia"", ""biasa"", ""maha"", ""kuasa"", ""punya"", ""sumber-sumber"", ""energi"", ""besar"", ""cadangan"", ""batu"", ""bara"", ""salah"", ""terbesar"", ""dunia"", ""punya"", ""kemampuan"", ""menghasilkan"", ""energi"", ""tanaman"", ""kelapa"", ""sawit"", ""hasilkan"", ""solar"", ""diesel"", ""biodiesel"", ""batu"", ""bara"", ""hasilkan"", ""gas"", ""hasilkan"", ""bensin"", ""hasilkan"", ""produk-produk"", ""energi"", ""lainnya"", ""produksi"", ""dma"", ""dimetilasetamida"", ""merupakan"", ""menggantikan"", ""impor"", ""lpg"", ""punya"", ""geotermal"", ""terbesar"", ""dunia"", ""manfaatkan"", ""secara"", ""maksimal"", ""kemampuan"", ""energi"", ""air"", ""mengembangkan"", ""tenaga"", ""surya"", ""panel-panel"", ""elektrifikasi"", ""sungguh-sungguh"", ""menghasilkan"", ""energi"", ""impor"", ""energi"", ""sasaran"", ""harapkan"", ""lima"", ""tahun"", ""mencapai"", ""masalah"", ""lima"", ""tahun"", ""tahun"", ""keenam"", ""tahun"", ""keenam"", ""tahun"", ""ketujuh"", ""penting"", ""menuju"", ""tahu"", ""kerja"", ""keras"", ""menghasilkan"", ""lebih"", ""cepat"", ""contoh"", ""mengambil"", ""alih"", ""kepimpinan"", ""nasional"", ""setelah"", ""menerima"", ""mandat"", ""rakyat"", ""dilantik"", ""tanggal"", ""oktober"", ""beri"", ""target"", ""tim"", ""swasembada"", ""beras"", ""empat"", ""tahun"", ""ternyata"", ""berhasil"", ""tahun"", ""sesuatu"", ""diduga-duga"", ""siapapun"", ""hasil"", ""kerja"", ""keras"", ""tim"", ""sinergi"", ""kabinet"", ""pimpin"", ""l-k"", ""kementerian"", ""lembaga"", ""bekerja"", ""semuanya"", ""memangkas"", ""regulasi"", ""masuk"", ""akal"", ""pupuk"", ""sulit"", ""langka"", ""petani"", ""menjerit"", ""pabrik"", ""pupuk"", ""milik"", ""negara"", ""pupuk"", ""subsidi"", ""petani"", ""sulit"", ""peraturan"", ""peraturan"", ""menyetujui"", ""tanda"", ""tangan"", ""pabrik"", ""petani"", ""dibutuhkan"", ""tanda"", ""tangan"", ""bayangkan"", ""hilangkan"", ""peraturan"", ""hapus"", ""sekarang"", ""tanda"", ""tangan"", ""tanda"", ""tangan"", ""instruksi"", ""pupuk"", ""langsung"", ""petani"", ""petani"", ""pakai"", ""macam-macam"", ""kartu"", ""penduduk"", ""disetujui"", ""desa"", ""petani"", ""akhirnya"", ""berhasil"", ""pertama"", ""kali"", ""sejarah"", ""bangsa"", ""berhasil"", ""menurunkan"", ""harga"", ""pupuk"", ""sebesar"", ""persen"", ""sesungguhnya"", ""pertanian"", ""melaporkan"", ""menurunkan"", ""persen"", ""kasih"", ""tahu"", ""biarlah"", ""pabrik"", ""keuntungan"", ""lima"", ""persen"", ""turunkan"", ""persen"", ""petani"", ""kasih"", ""walaupun"", ""turunkan"", ""harga"", ""ternyata"", ""volume"", ""pupuk"", ""naik"", ""ribu"", ""ton"", ""petani"", ""sekarang"", ""harga"", ""terjangkau"", ""barang"", ""contoh"", ""sekarang"", ""perberasan"", ""perberasan"", ""petani-petani"", ""beras"", ""sekarang"", ""penghasilannya"", ""naik"", ""nilai"", ""tukar"", ""petani"", ""naik"", ""tertinggi"", ""selama"", ""sejarah"", ""indonesia"", ""cadangan"", ""tertinggi"", ""produksi"", ""beras"", ""tertinggi"", ""selama"", ""sejarah"", ""indonesia"", ""diakui"", ""prestasi"", ""pekerjaan"", ""tim"", ""ekonomi"", ""tim"", ""pertanian"", ""membanggakan"", ""menepuk"", ""dada"", ""lakukan"", ""bangsa"", ""percaya"", ""bangsa"", ""bangga"", ""prestasi"", ""boleh"", ""bangsa"", ""rendah"", ""bangsa"", ""merasa"", ""kalah"", ""merasa"", ""bersaing"", ""bangsa"", ""boleh"", ""setiap"", ""bidang"", ""kehidupan"", ""menjadi"", ""bangsa"", ""kuat"", ""bangsa"", ""percaya"", ""bangsa"", ""berdiri"", ""kaki"", ""berbahagia"", ""bangga"", ""langkah"", ""bidang"", ""energi"", ""menuju"", ""kemampuan"", ""mandiri"", ""kemampuan"", ""berdiri"", ""kaki"", ""boleh"", ""tergantung"", ""energi"", ""boleh"", ""merdeka"", ""miliki"", ""karunia"", ""maha"", ""kuasa"", ""tinggal"", ""bangsa"", ""masalah"", ""akui"", ""tutup-tutupi"", ""pertamina"", ""national"", ""champion"", ""pertamina"", ""satu-satunya"", ""perusahaan"", ""indonesia"", ""masuk"", ""fortune"", ""global"", ""satu-satunya"", ""perusahaan"", ""indonesia"", ""nilainya"", ""miliar"", ""dolar"", ""harusnya"", ""menghasilkan"", ""lebih"", ""negara"", ""bangsa"", ""mengakui"", ""tahun"", ""belakangan"", ""rakyat"", ""merasa"", ""terjadi"", ""manajemen"", ""terjadi"", ""permainan-permainan"", ""sehat"", ""pertamina"", ""pengaturan"", ""esdm"", ""pihak-pihak"", ""mengerti"", ""orang-orang"", ""indonesia"", ""pintar-pintar"", ""pintar"", ""serakah"", ""mengatur"", ""impor"", ""impor"", ""manipulasi"", ""harga"", ""kutip"", ""pihak"", ""segelintir"", ""kaya"", ""raya"", ""penderitaan"", ""rakyat"", ""menjadi"", ""bertekad"", ""membersihkan"", ""pertamina"", ""angkat"", ""simon"", ""aloysius"", ""anak-anak"", ""muda"", ""beri"", ""tugas"", ""korupsi"", ""kau"", ""cari"", ""kaya"", ""kepercayaan"", ""direktur"", ""utama"", ""pertamina"", ""strategis"", ""bertanggung"", ""perusahaan"", ""miliar"", ""dolar"", ""godaan"", ""teguh"", ""jajarannya"", ""kasih"", ""wewenang"", ""seluas-luasnya"", ""nilai"", ""bagus"", ""pecat"", ""ragu-ragu"", ""bangsa"", ""rakyat"", ""tega"", ""enggak"", ""anak"", ""muda"", ""hebat-hebat"", ""cari"", ""tekad"", ""pesankan"", ""mari"", ""hasilkan"", ""rakyat"", ""pemerintahan"", ""bersih"", ""manajemen"", ""amanah"", ""mengelola"", ""sumber"", ""kekayaan"", ""bangsa"", ""sebaik-baiknya"", ""malu"", ""bangsa"", ""malu"", ""terutama"", ""rakyat"", ""praktik-praktik"", ""markup"", ""penipuan"", ""markup"", ""penipuan"", ""pencurian"", ""mencuri"", ""siang"", ""bolong"", ""sekarang"", ""teknologi"", ""sekarang"", ""cepat"", ""ketahuan"", ""markup"", ""pejabat"", ""melaksanakan"", ""praktik-praktik"", ""lama"", ""keliru"", ""prihatin"", ""tahu"", ""berapa"", ""direksi"", ""pertamina"", ""masuk"", ""penjara"", ""tahu"", ""negara"", ""bangsa"", ""membutuhkan"", ""menuntut"", ""manajemen"", ""terbaik"", ""kelola"", ""terkesan"", ""direktur"", ""utama"", ""mengatakan"", ""menggunakan"", ""istilah"", ""pertamina"", ""wira"", ""perwira"", ""biasa"", ""napasnya"", ""napasnya"", ""bangsa-bangsa"", ""bangkit"", ""bangsa-bangsa"", ""kuat"", ""contoh"", ""jepang"", ""korea"", ""bangsa"", ""punya"", ""sumber"", ""daya"", ""kuat"", ""nasionalismenya"", ""kuat"", ""salah"", ""perusahaan"", ""korea"", ""jepang"", ""saatnya"", ""berdiri"", ""lagu"", ""kebangsaan"", ""dikumandangkan"", ""semangat"", ""nasionalis"", ""semangat"", ""patriotik"", ""cinta"", ""tanah"", ""air"", ""mendorong"", ""jajaran"", ""pertamina"", ""terutama"", ""mengerti"", ""sifat"", ""manusia"", ""menentukan"", ""pemimpin"", ""pemimpin"", ""ing"", ""ngarso"", ""sung"", ""tulodo"", ""memberi"", ""contoh"", ""pemimpinnya"", ""maling"", ""anak"", ""buahnya"", ""semangat"", ""pengalaman"", ""tentara"", ""pemimpin"", ""maling"", ""cepat"", ""anak"", ""buah"", ""tahu"", ""cepat"", ""tahu"", ""bpk"", ""dikibuli"", ""kpk"", ""dikibuli"", ""anak"", ""buah"", ""tahu"", ""tentara"", ""komandan-komandannya"", ""maling"", ""pemimpinnya"", ""maling"", ""dikasih"", ""julukan"", ""kapal"", ""keruk"", ""seumur"", ""hidup"", ""membawa"", ""nama"", ""kapal"", ""keruk"", ""pemimpin"", ""memberi"", ""contoh"", ""kasih"", ""semangat"", ""wira"", ""pejuang"", ""kesatria"", ""pendekar"", ""perang"", ""kemerdekaan"", ""fase"", ""perang"", ""kemerdekaan"", ""pertama"", ""tentunya"", ""ratusan"", ""tahun"", ""perang"", ""kemerdekaan"", ""berhasil"", ""rebut"", ""kedaulatan"", ""tahun"", ""habis"", ""perang"", ""kemerdekaan"", ""perang"", ""mempertahankan"", ""kemerdekaan"", ""perang"", ""mengisi"", ""mengisi"", ""kemerdekaan"", ""mengisi"", ""kemerdekaan"", ""mengelola"", ""sumber"", ""daya"", ""sumber-sumber"", ""kekayaan"", ""setiap"", ""unsur"", ""tugas"", ""tanggung"", ""mengelola"", ""kekayaan"", ""negara"", ""menjalankan"", ""misi"", ""penuh"", ""rasa"", ""tanggung"", ""penuh"", ""cinta"", ""tanah"", ""air"", ""penuh"", ""patriotisme"", ""penuh"", ""suri"", ""tauladan"", ""kesatria"", ""pembela"", ""tanah"", ""air"", ""terlalu"", ""pengalaman"", ""direksi-direksi"", ""bumn"", ""beri"", ""tugas"", ""danantara"", ""menteri-menteri"", ""bertanggung"", ""membersihkan"", ""bumn"", ""bumn"", ""rugi"", ""rugi"", ""minta"", ""tantiem"", ""enggak"", ""tahu"", ""malu"", ""ndableg"", ""menurut"", ""enggak"", ""enggak"", ""sanggup"", ""mengabdi"", ""penghasilan"", ""tersedia"", ""berhenti"", ""segera"", ""minta"", ""berhenti"", ""siap"", ""menggantikan"", ""percaya"", ""siap"", ""menggantikan"", ""penting"", ""menuju"", ""swasembada"", ""energi"", ""selama"", ""menurut"", ""will"", ""selama"", ""posisi"", ""manajemen"", ""posisi"", ""kritis"", ""membohongi"", ""atasan"", ""menipu"", ""atasan"", ""menipu"", ""mencari"", ""keuntungan"", ""pribadi"", ""sekarang"", ""hentikan"", ""benar-benar"", ""menjaga"", ""kekayaan"", ""negara"", ""butuh"", ""memperkuat"", ""bangsa"", ""menghilangkan"", ""kemiskinan"", ""menghilangkan"", ""kelaparan"", ""mengejar"", ""industri"", ""mengejar"", ""teknologi"", ""hadapi"", ""tahun-tahun"", ""datang"", ""persaingan"", ""global"", ""sekarang"", ""ketat"", ""kuat"", ""kaya"", ""bisa-bisa"", ""kekayaan"", ""direbut"", ""bekerja"", ""keras"", ""program"", ""hilirisasi"", ""membutuhkan"", ""uang"", ""optimis"", ""pengelolaan"", ""mencapai"", ""tujuan"", ""hilirisasi"", ""tahun"", ""laporan"", ""mulai"", ""proyek"", ""waste"", ""energy"", ""sampah"", ""ubah"", ""bersihkan"", ""menjadi"", ""listrik"", ""penting"", ""butuh"", ""sekarang"", ""membersihkan"", ""sampah"", ""kota-kota"", ""sampah"", ""menumpuk"", ""biasa"", ""menjadi"", ""bencana"", ""belasan"", ""tahun"", ""wujudkan"", ""proyek"", ""sampah"", ""sekarang"", ""mulai"", ""proyek"", ""tendernya"", ""dibuka"", ""hari-hari"", ""butuh"", ""tahun"", ""berfungsi"", ""minggu"", ""mulai"", ""harapkan"", ""minimal"", ""enam"", ""proyek"", ""hilirisasi"", ""nilainya"", ""kurang"", ""lebih"", ""miliar"", ""dolar"", ""menerima"", ""investasi"", ""besar-besaran"", ""perkirakan"", ""besar"", ""investasi"", ""masuk"", ""benar-benar"", ""siapkan"", ""awak"", ""siapkan"", ""manajemen"", ""siapkan"", ""manager-manager"", ""muda"", ""menjaga"", ""mengelola"", ""proyek-proyek"", ""total"", ""butuh"", ""industrialisasi"", ""rencananya"", ""tahun"", ""tahun"", ""mempercepat"", ""optimis"", ""berjalan"", ""suka"", ""janji"", ""dituduh"", ""kurang"", ""komunikatif"", ""sekarang"", ""buktikan"", ""dikatakan"", ""mbg"", ""makan"", ""bergizi"", ""gratis"", ""berhasil"", ""tokoh-tokoh"", ""mengatakan"", ""berhasil"", ""pasti"", ""gagal"", ""ternyata"", ""mencapai"", ""juta"", ""penerima"", ""manfaat"", ""juta"", ""singapura"", ""jumlah"", ""penduduknya"", ""enam"", ""juta"", ""berarti"", ""memberi"", ""makan"", ""berapa"", ""sembilan"", ""sembilan"", ""singapura"", ""sembilan"", ""singapura"", ""kasih"", ""makan"", ""lumayan"", ""not"", ""bad"", ""negara"", ""dianggap"", ""apa-apa"", ""kasih"", ""makan"", ""juta"", ""termasuk"", ""hamil"", ""diantar"", ""makan"", ""rumah"", ""termasuk"", ""lansia"", ""diantar"", ""makan"", ""rumah"", ""not"", ""bad"", ""insyaallah"", ""percaya"", ""yakin"", ""tahun"", ""desember"", ""mencapai"", ""juta"", ""penerima"", ""manfaat"", ""negara-negara"", ""brasil"", ""mencapai"", ""juta"", ""tahun"", ""juta"", ""tahun"", ""dianggap"", ""segi"", ""manajemen"", ""sekarang"", ""sedang"", ""dibicarakan"", ""mana-mana"", ""menjadi"", ""studi"", ""kasus"", ""bagaimana"", ""hasilkan"", ""swasembada"", ""pangan"", ""makan"", ""bergizi"", ""koperasi"", ""merah"", ""putih"", ""mengatakan"", ""koperasi"", ""merah"", ""putih"", ""buktikan"", ""desember"", ""minimal"", ""ribu"", ""koperasi"", ""beroperasi"", ""berjalan"", ""ekonomi"", ""bergerak"", ""pertumbuhannya"", ""membanggakan"", ""sampaikan"", ""selamat"", ""kasih"", ""pertamina"", ""kasih"", ""esdm"", ""lanjutkan"", ""pekerjaan"", ""titip"", ""benar-benar"", ""hasilkan"", ""pertamina"", ""hebat"", ""pertamina"", ""efisien"", ""pertamina"", ""national"", ""champion"", ""kebanggaan"", ""bangsa"", ""pertamina"", ""menjadi"", ""agent"", ""development"", ""agent"", ""modernization"", ""pertamina"", ""awal-awalnya"", ""dipimpin"", ""pak"", ""ibnu"", ""sutowo"", ""menjadi"", ""agent"", ""change"", ""agent"", ""development"", ""agent"", ""modernization"", ""pertamina"", ""punya"", ""bagian"", ""advanced"", ""technology"", ""dimulai"", ""pertamina"", ""advanced"", ""technology"", ""dipimpin"", ""seorang"", ""insinyur"", ""pulang"", ""jerman"", ""namanya"", ""habibie"", ""bagian"", ""pertamina"", ""akhirnya"", ""menjadi"", ""bppt"", ""badan"", ""pengkajian"", ""penerapan"", ""teknologi"", ""akhirnya"", ""menjadi"", ""nurtanio"", ""iptn"", ""industri"", ""pesawat"", ""terbang"", ""nusantara"", ""ptdi"", ""dirgantara"", ""indonesia"", ""menjadi"", ""pal"", ""penataran"", ""angkatan"", ""laut"", ""sebagainya"", ""sebagainya"", ""pertamina"", ""agent"", ""change"", ""agent"", ""development"", ""agent"", ""modernization"", ""pertamina"", ""pertamina"", ""pak"", ""ibnu"", ""sutowo"", ""menggagas"", ""food"", ""estate"", ""mulai"", ""dikerjakan"", ""sumatra"", ""selatan"", ""tentunya"", ""disampaikan"", ""esdm"", ""pihak-pihak"", ""menurut"", ""patriotik"", ""tubuh"", ""mengerti"", ""dibeli"", ""bangsa"", ""akhirnya"", ""akhirnya"", ""berusaha"", ""menggagalkan"", ""kemampuan"", ""menggagalkan"", ""prestasi"", ""dibuat"", ""tergantung"", ""impor"", ""beras"", ""impor"", ""garam"", ""impor"", ""negara"", ""perempatnya"", ""laut"", ""impor"", ""ikan"", ""biasa"", ""diberitahu"", ""pakar"", ""cadangan"", ""minyak"", ""besar"", ""cadangan"", ""gas"", ""besar"", ""tinggal"", ""mengelola"", ""mengejarnya"", ""minta"", ""esdm"", ""segera"", ""perluas"", ""eksplorasi"", ""segera"", ""mempermudah"", ""eksplorasi"", ""dikutip-kutip"", ""jaga"", ""kepercayaan"", ""rakyat"", ""teruskan"", ""prestasi"", ""semoga"", ""kebaikan"", ""maha"", ""kuasa"", ""kasih"", ""wassalamu'alaikum"", ""kasih""]",assalamu'alaikum selamat sore sejahtera energi sumber daya mineral esdm bahlil lahadalia direktur utama pertamina simon aloysius mantiri beserta jajaran direksi pertamina komisaris utama pertamina mochamad iriawan jajaran komisaris hadir ketua badan pemeriksa keuangan indonesia saudari isma yatun ketua komisi dpr ketua komisi saudari anggia erma rini beserta jajaran komisi hadir ketua komisi xii bambang patijaya beserta jajaran komisi xii hadir kabinet merah putih hadir menko infrastruktur pembangunan kewilayahan agus harimurti yudhoyono negeri sugiono sekretaris negara prasetyo hadi panglima tentara nasional indonesia jenderal tni agus subiyanto kapolri jenderal polisi listyo sigit badan pengendalian pembangunan investigasi aris marsudiyanto sekretaris kabinet letnan kolonel infantri teddy indra wijaya badan komunikasi pemerintah angga raka investasi todotua pasaribu coba dicatat hadir kalimantan timur rudy mas'ud beserta forkopimda forum koordinasi pimpinan daerah provinsi kalimantan timur lihat hadir panglima pangdam panglima komando daerah militer kapolda hadir anggota kejaksaan anggota forkopimda balikpapan rudy rahmad kakak adik kakak adik apa-apa asal dipilih hadir soalnya gerindra golkar friend friend friend hadir dicatat sultan kutai kartanegara ing martadipura sultan aji muhammad arifin hadir mulia sultan ditaruh tokoh masyarakat tokoh agama rekan-rekan pers media turut hadir tentunya memanjatkan puji syukur hadirat tuhan mahabesar mahakuasa memiliki alam kepadanya berdoa kepadanya meminta pertolongan bersyukur segala karunia kebaikan kedamaian diberikan segala kesehatan diberikan berkumpul sore melaksanakan acara bersejarah peresmian infrastruktur energi terintegrasi pertamina refinery development master plan rdmp balikpapan disebut acara dilakukan tahun berarti tahun lumayan bersejarah tentunya menyambut bahagia merasa bangga hasilkan peresmian ucapkan kasih unsur pihak jajaran personalia bekerja keras berhasil mencapai insinyur pekerja aparat keamanan pemerintah daerah manajemen masyarakat balikpapan kalimantan timur prestasi penting negara bangsa mengerti peradaban modern tergantung hal-hal esensial berdirinya negara merdeka tentunya pertama negara merdeka menghasilkan pangannya mendasar masuk akal negara merdeka tergantung makan negara tersebut yakini kedua pangan energi hasilkan alhamdulillah bangsa indonesia dibeli karunia biasa maha kuasa punya sumber-sumber energi besar cadangan batu bara salah terbesar dunia punya kemampuan menghasilkan energi tanaman kelapa sawit hasilkan solar diesel biodiesel batu bara hasilkan gas hasilkan bensin hasilkan produk-produk energi lainnya produksi dma dimetilasetamida merupakan menggantikan impor lpg punya geotermal terbesar dunia manfaatkan secara maksimal kemampuan energi air mengembangkan tenaga surya panel-panel elektrifikasi sungguh-sungguh menghasilkan energi impor energi sasaran harapkan lima tahun mencapai masalah lima tahun tahun keenam tahun keenam tahun ketujuh penting menuju tahu kerja keras menghasilkan lebih cepat contoh mengambil alih kepimpinan nasional setelah menerima mandat rakyat dilantik tanggal oktober beri target tim swasembada beras empat tahun ternyata berhasil tahun sesuatu diduga-duga siapapun hasil kerja keras tim sinergi kabinet pimpin l-k kementerian lembaga bekerja semuanya memangkas regulasi masuk akal pupuk sulit langka petani menjerit pabrik pupuk milik negara pupuk subsidi petani sulit peraturan peraturan menyetujui tanda tangan pabrik petani dibutuhkan tanda tangan bayangkan hilangkan peraturan hapus sekarang tanda tangan tanda tangan instruksi pupuk langsung petani petani pakai macam-macam kartu penduduk disetujui desa petani akhirnya berhasil pertama kali sejarah bangsa berhasil menurunkan harga pupuk sebesar persen sesungguhnya pertanian melaporkan menurunkan persen kasih tahu biarlah pabrik keuntungan lima persen turunkan persen petani kasih walaupun turunkan harga ternyata volume pupuk naik ribu ton petani sekarang harga terjangkau barang contoh sekarang perberasan perberasan petani-petani beras sekarang penghasilannya naik nilai tukar petani naik tertinggi selama sejarah indonesia cadangan tertinggi produksi beras tertinggi selama sejarah indonesia diakui prestasi pekerjaan tim ekonomi tim pertanian membanggakan menepuk dada lakukan bangsa percaya bangsa bangga prestasi boleh bangsa rendah bangsa merasa kalah merasa bersaing bangsa boleh setiap bidang kehidupan menjadi bangsa kuat bangsa percaya bangsa berdiri kaki berbahagia bangga langkah bidang energi menuju kemampuan mandiri kemampuan berdiri kaki boleh tergantung energi boleh merdeka miliki karunia maha kuasa tinggal bangsa masalah akui tutup-tutupi pertamina national champion pertamina satu-satunya perusahaan indonesia masuk fortune global satu-satunya perusahaan indonesia nilainya miliar dolar harusnya menghasilkan lebih negara bangsa mengakui tahun belakangan rakyat merasa terjadi manajemen terjadi permainan-permainan sehat pertamina pengaturan esdm pihak-pihak mengerti orang-orang indonesia pintar-pintar pintar serakah mengatur impor impor manipulasi harga kutip pihak segelintir kaya raya penderitaan rakyat menjadi bertekad membersihkan pertamina angkat simon aloysius anak-anak muda beri tugas korupsi kau cari kaya kepercayaan direktur utama pertamina strategis bertanggung perusahaan miliar dolar godaan teguh jajarannya kasih wewenang seluas-luasnya nilai bagus pecat ragu-ragu bangsa rakyat tega enggak anak muda hebat-hebat cari tekad pesankan mari hasilkan rakyat pemerintahan bersih manajemen amanah mengelola sumber kekayaan bangsa sebaik-baiknya malu bangsa malu terutama rakyat praktik-praktik markup penipuan markup penipuan pencurian mencuri siang bolong sekarang teknologi sekarang cepat ketahuan markup pejabat melaksanakan praktik-praktik lama keliru prihatin tahu berapa direksi pertamina masuk penjara tahu negara bangsa membutuhkan menuntut manajemen terbaik kelola terkesan direktur utama mengatakan menggunakan istilah pertamina wira perwira biasa napasnya napasnya bangsa-bangsa bangkit bangsa-bangsa kuat contoh jepang korea bangsa punya sumber daya kuat nasionalismenya kuat salah perusahaan korea jepang saatnya berdiri lagu kebangsaan dikumandangkan semangat nasionalis semangat patriotik cinta tanah air mendorong jajaran pertamina terutama mengerti sifat manusia menentukan pemimpin pemimpin ing ngarso sung tulodo memberi contoh pemimpinnya maling anak buahnya semangat pengalaman tentara pemimpin maling cepat anak buah tahu cepat tahu bpk dikibuli kpk dikibuli anak buah tahu tentara komandan-komandannya maling pemimpinnya maling dikasih julukan kapal keruk seumur hidup membawa nama kapal keruk pemimpin memberi contoh kasih semangat wira pejuang kesatria pendekar perang kemerdekaan fase perang kemerdekaan pertama tentunya ratusan tahun perang kemerdekaan berhasil rebut kedaulatan tahun habis perang kemerdekaan perang mempertahankan kemerdekaan perang mengisi mengisi kemerdekaan mengisi kemerdekaan mengelola sumber daya sumber-sumber kekayaan setiap unsur tugas tanggung mengelola kekayaan negara menjalankan misi penuh rasa tanggung penuh cinta tanah air penuh patriotisme penuh suri tauladan kesatria pembela tanah air terlalu pengalaman direksi-direksi bumn beri tugas danantara menteri-menteri bertanggung membersihkan bumn bumn rugi rugi minta tantiem enggak tahu malu ndableg menurut enggak enggak sanggup mengabdi penghasilan tersedia berhenti segera minta berhenti siap menggantikan percaya siap menggantikan penting menuju swasembada energi selama menurut will selama posisi manajemen posisi kritis membohongi atasan menipu atasan menipu mencari keuntungan pribadi sekarang hentikan benar-benar menjaga kekayaan negara butuh memperkuat bangsa menghilangkan kemiskinan menghilangkan kelaparan mengejar industri mengejar teknologi hadapi tahun-tahun datang persaingan global sekarang ketat kuat kaya bisa-bisa kekayaan direbut bekerja keras program hilirisasi membutuhkan uang optimis pengelolaan mencapai tujuan hilirisasi tahun laporan mulai proyek waste energy sampah ubah bersihkan menjadi listrik penting butuh sekarang membersihkan sampah kota-kota sampah menumpuk biasa menjadi bencana belasan tahun wujudkan proyek sampah sekarang mulai proyek tendernya dibuka hari-hari butuh tahun berfungsi minggu mulai harapkan minimal enam proyek hilirisasi nilainya kurang lebih miliar dolar menerima investasi besar-besaran perkirakan besar investasi masuk benar-benar siapkan awak siapkan manajemen siapkan manager-manager muda menjaga mengelola proyek-proyek total butuh industrialisasi rencananya tahun tahun mempercepat optimis berjalan suka janji dituduh kurang komunikatif sekarang buktikan dikatakan mbg makan bergizi gratis berhasil tokoh-tokoh mengatakan berhasil pasti gagal ternyata mencapai juta penerima manfaat juta singapura jumlah penduduknya enam juta berarti memberi makan berapa sembilan sembilan singapura sembilan singapura kasih makan lumayan not bad negara dianggap apa-apa kasih makan juta termasuk hamil diantar makan rumah termasuk lansia diantar makan rumah not bad insyaallah percaya yakin tahun desember mencapai juta penerima manfaat negara-negara brasil mencapai juta tahun juta tahun dianggap segi manajemen sekarang sedang dibicarakan mana-mana menjadi studi kasus bagaimana hasilkan swasembada pangan makan bergizi koperasi merah putih mengatakan koperasi merah putih buktikan desember minimal ribu koperasi beroperasi berjalan ekonomi bergerak pertumbuhannya membanggakan sampaikan selamat kasih pertamina kasih esdm lanjutkan pekerjaan titip benar-benar hasilkan pertamina hebat pertamina efisien pertamina national champion kebanggaan bangsa pertamina menjadi agent development agent modernization pertamina awal-awalnya dipimpin pak ibnu sutowo menjadi agent change agent development agent modernization pertamina punya bagian advanced technology dimulai pertamina advanced technology dipimpin seorang insinyur pulang jerman namanya habibie bagian pertamina akhirnya menjadi bppt badan pengkajian penerapan teknologi akhirnya menjadi nurtanio iptn industri pesawat terbang nusantara ptdi dirgantara indonesia menjadi pal penataran angkatan laut sebagainya sebagainya pertamina agent change agent development agent modernization pertamina pertamina pak ibnu sutowo menggagas food estate mulai dikerjakan sumatra selatan tentunya disampaikan esdm pihak-pihak menurut patriotik tubuh mengerti dibeli bangsa akhirnya akhirnya berusaha menggagalkan kemampuan menggagalkan prestasi dibuat tergantung impor beras impor garam impor negara perempatnya laut impor ikan biasa diberitahu pakar cadangan minyak besar cadangan gas besar tinggal mengelola mengejarnya minta esdm segera perluas eksplorasi segera mempermudah eksplorasi dikutip-kutip jaga kepercayaan rakyat teruskan prestasi semoga kebaikan maha kuasa kasih wassalamu'alaikum kasih,"Bismillahirrahmanirrahim.

Assalamu'alaikum warahmatullahi wabarakatuh,
Selamat sore,
Salam sejahtera bagi kita sekalian,
Syalom,
Salve,
Om swastiastu,
Namo Buddhaya,
Salam kebajikan.

Yang saya hormati Menteri Energi dan Sumber Daya Mineral (ESDM) Saudara Bahlil Lahadalia, Direktur Utama PT Pertamina Saudara Simon Aloysius Mantiri beserta jajaran direksi Pertamina, Komisaris Utama PT Pertamina Mochamad Iriawan dengan semua jajaran komisaris yang hadir, Ketua Badan Pemeriksa Keuangan Republik Indonesia Saudari Isma Yatun yang saya hormati.
Para Ketua Komisi DPR RI: Ketua Komisi VI Saudari Anggia Erma Rini beserta jajaran Komisi VI yang hadir, Ketua Komisi XII Saudara Bambang Patijaya beserta jajaran Komisi XII yang hadir;
Para Menteri dan Wakil Menteri Kabinet Merah Putih yang hadir. Menko Infrastruktur dan Pembangunan Kewilayahan Saudara Agus Harimurti Yudhoyono, Menteri Luar Negeri Saudara Sugiono, Menteri Sekretaris Negara Saudara Prasetyo Hadi, Panglima Tentara Nasional Indonesia Jenderal TNI Agus Subiyanto, Kapolri Jenderal Polisi Listyo Sigit Prabowo, Kepala Badan Pengendalian Pembangunan dan Investigasi Khusus Saudara Aris Marsudiyanto, Sekretaris Kabinet RI Letnan Kolonel Infantri Teddy Indra Wijaya, Kepala Badan Komunikasi Pemerintah Saudara Angga Raka Prabowo, Wakil Menteri Investasi Saudara Todotua Pasaribu. Coba dicatat, tidak hadir.

Yang saya hormati Gubernur Kalimantan Timur Saudara Rudy Mas'ud beserta Forkopimda (Forum Koordinasi Pimpinan Daerah) Provinsi Kalimantan Timur. Saya lihat hadir Panglima, Pangdam (Panglima Komando Daerah Militer), Kapolda juga hadir dengan anggota, Kepala Kejaksaan, dan anggota Forkopimda yang lain. Wali Kota Balikpapan, tadi Saudara Rudy adalah Gubernur, Saudara Rahmad Wali Kota. Ini saudara ini? Kakak adik? Kakak adik, ya. Tidak apa-apa asal dipilih benar, ya. Wakil Gubernur hadir? Wakil Gubernur? Ini soalnya orang Gerindra di sini ini. Jangan Golkar saja. Friend, friend, kita friend.

Hadir juga saya dicatat di sini Sultan Kutai Kartanegara Ing Martadipura Sultan Aji Muhammad Arifin. Hadir? Yang Mulia. Sultan, kok, ditaruh di belakang? Di depan. Yang saya hormati dan banggakan para tokoh masyarakat, tokoh agama, serta seluruh hadirin undangan, rekan-rekan pers dan media yang turut hadir.

Saudara-saudara sekalian,
Tentunya kita selalu memanjatkan puji syukur ke hadirat Tuhan Mahabesar, Mahakuasa, yang memiliki sekalian alam, hanya kepadaNya lah kita berdoa dan hanya kepadaNya lah kita meminta pertolongan. Kita bersyukur atas segala karunia, kebaikan, kedamaian yang masih diberikan kepada kita, atas segala kesehatan diberikan kepada kita sehingga kita dapat berkumpul di sore hari ini untuk melaksanakan suatu acara yang bersejarah, yaitu Peresmian Infrastruktur Energi Terintegrasi Pertamina Refinery Development Master Plan (RDMP) Balikpapan. Tadi kita sudah disebut bahwa acara seperti ini pernah dilakukan tahun '94, berarti 32 tahun yang lalu. Ya, lumayan, ya, cukup bersejarah. Tentunya saya menyambut bahagia dan merasa sangat bangga atas yang kita hasilkan hari ini dengan peresmian ini, dan saya ucapkan terima kasih kepada semua unsur, semua pihak, semua jajaran personalia yang bekerja keras sehingga kita berhasil mencapai hal ini. Para insinyur, para pekerja, aparat keamanan, pemerintah daerah, manajemen, dan masyarakat Balikpapan serta Kalimantan Timur. Ini adalah prestasi yang sangat penting bagi negara dan bangsa.

Kita mengerti bahwa peradaban modern itu tergantung hal-hal yang esensial bagi berdirinya sebuah negara merdeka. Tentunya pertama, negara merdeka harus bisa menghasilkan pangannya sendiri. Ini sangat mendasar. Tidak masuk akal suatu negara ingin merdeka kalau tergantung makan dari luar negara tersebut, dan ini harus kita yakini.

Yang kedua, selain pangan, energi juga harus bisa kita hasilkan sendiri. Dan, alhamdulillah sebenarnya bangsa Indonesia dibeli karunia yang luar biasa dari Yang Maha Kuasa, kita punya sumber-sumber energi yang sangat besar. Cadangan batu bara kita salah satu yang terbesar di dunia. Kita juga punya kemampuan menghasilkan energi dari tanaman, dari kelapa sawit kita bisa hasilkan solar, diesel, biodiesel. Dari, dari batu bara kita bisa hasilkan gas, kita juga bisa hasilkan bensin, kita bisa hasilkan produk-produk energi lainnya. Kita bisa produksi DMA (dimetilasetamida) yang merupakan bisa menggantikan impor LPG kita dari luar. Kita juga punya geotermal terbesar di dunia yang belum kita manfaatkan secara maksimal. Juga kemampuan kita di energi dari air dan juga, Saudara-saudara, ke depan kita juga akan mengembangkan tenaga surya dengan panel-panel kita akan elektrifikasi sehingga kita sungguh-sungguh dapat menghasilkan energi kita sendiri. Tidak perlu kita impor energi dari luar. Ini sasaran kita. Kita harapkan dalam lima tahun kita bisa mencapai ini, tapi tidak ada masalah kalau tidak lima tahun, tahun keenam, kalau tidak tahun keenam, tahun ketujuh, yang penting kita harus menuju ke situ. Tapi, siapa tahu dengan kerja keras kita bisa menghasilkan lebih cepat.

Sebagai contoh, waktu saya mengambil alih kepimpinan nasional setelah saya menerima mandat dari rakyat, saya dilantik tanggal 20 Oktober, saya beri target kepada tim saya untuk swasembada beras dalam waktu empat tahun. Ternyata kita berhasil dalam satu tahun. Ini sesuatu yang tidak diduga-duga oleh siapapun. Ini hasil kerja keras daripada tim kita. Dari sinergi kabinet yang saya pimpin. K/L-K/L (kementerian/lembaga) bekerja sama, semuanya. Kita memangkas regulasi yang tidak masuk akal.

Dulu pupuk sulit, langka, para petani menjerit. Pabrik pupuk milik negara. Pupuk kita subsidi, tetapi sampai ke petani sangat sulit. Waktu itu ada 145 peraturan, 145 peraturan. Ada 11 K/L yang harus menyetujui, harus juga tanda tangan gubernur dan bupati. Jadi dari pabrik sampai ke petani mungkin dibutuhkan 13 tanda tangan. Bayangkan. Kita hilangkan itu semua, 145 peraturan kita hapus, dan sekarang tidak perlu 13 tanda tangan. Cukup satu tanda tangan, satu instruksi. Kemudian pupuk itu langsung ke petani dan petani tidak perlu pakai macam-macam. Cukup kartu penduduk, cukup disetujui oleh kepala desa, benar dia petani di sini. Dan, akhirnya kita berhasil. Pertama kali dalam sejarah bangsa kita, kita berhasil menurunkan harga pupuk sebesar 20 persen. Sesungguhnya Menteri Pertanian melaporkan bisa menurunkan 25 persen. Tapi saya kasih tahu biarlah pabrik dapat keuntungan lima persen sehingga kita turunkan cukup 20 persen. Tetapi petani sudah sangat terima kasih. Dan, walaupun kita turunkan harga, ternyata volume pupuk naik 700 ribu ton. Jadi, petani sekarang harga terjangkau, barang ada. Ini contoh.

Sekarang juga perberasan. Perberasan, petani-petani beras sekarang penghasilannya naik. Nilai tukar petani naik, dari 106 jadi 125, tertinggi selama sejarah Republik Indonesia. Cadangan kita juga tertinggi, produksi kita, beras kita tertinggi selama sejarah Republik Indonesia. Saya kira harus diakui prestasi dan pekerjaan daripada tim ekonomi kita, tim pertanian kita. Membanggakan, ya. Dan ini bukan kita, apa, menepuk dada, tapi ini harus kita lakukan. Kita harus jadi bangsa yang percaya diri. Kita harus jadi bangsa yang bangga dengan prestasi kita. Kita tidak boleh jadi bangsa yang rendah diri. Bangsa yang selalu merasa kalah, merasa selalu tidak mampu bersaing sama bangsa lain. Kita tidak boleh. Di setiap bidang kehidupan, kita harus menjadi bangsa yang kuat, bangsa yang percaya diri, bangsa yang mampu berdiri di atas kaki kita sendiri.

Karena itu saya berbahagia, bangga. Hari ini satu langkah lagi di bidang energi kita menuju kemampuan kita untuk mandiri, kemampuan kita untuk berdiri di atas kaki kita sendiri. Kita tidak boleh tergantung energi kita dari luar. Tidak boleh. Kita ingin merdeka dan kita mampu. Kita miliki semua, diberi karunia oleh Yang Maha Kuasa. Tinggal kita mampu atau tidak sebagai bangsa.

Masalah kita harus akui, jangan kita tutup-tutupi. Pertamina yang sebenarnya adalah national champion kita. Pertamina mungkin satu-satunya perusahaan Indonesia yang masuk Fortune (Global) 500, ya. Satu-satunya perusahaan Indonesia yang nilainya adalah 100 miliar dolar dan harusnya menghasilkan yang lebih baik lagi untuk negara dan bangsa. Dan, kita harus mengakui bahwa beberapa tahun belakangan rakyat pun merasa bahwa terjadi manajemen, terjadi permainan-permainan tidak sehat di Pertamina dan di pengaturan ESDM kita. Ada pihak-pihak, saya tidak mengerti, orang-orang Indonesia yang pintar-pintar, pintar tapi serakah, mengatur mau impor dari luar. Dengan impor dari luar dia manipulasi harga dan dia kutip, sehingga ada pihak, segelintir orang yang kaya raya di atas penderitaan rakyat.

Karena itu, waktu saya menjadi presiden, saya bertekad untuk membersihkan Pertamina. Saya angkat Saudara Simon Aloysius dengan beberapa anak-anak muda dan saya beri tugas. Jangan korupsi, jangan kau cari kaya di atas kepercayaan ini. Direktur Utama Pertamina sangat strategis, Anda bertanggung jawab atas sebuah perusahaan 100 miliar dolar. Godaan akan banyak, tapi Saudara harus teguh dengan semua jajarannya dan saya kasih wewenang seluas-luasnya, siapa yang Anda nilai tidak bagus, pecat. Jangan ragu-ragu. Demi bangsa dan rakyat harus tega. Enggak ada itu. Banyak anak muda yang hebat-hebat, cari.

Saudara-saudara,
Ini tekad kita semua. Terus saya pesankan, mari kita hasilkan untuk rakyat kita pemerintahan yang bersih, manajemen yang amanah, mengelola sumber kekayaan bangsa dengan sebaik-baiknya, Saudara-saudara sekalian. Malu kita dengan bangsa lain dan malu terutama dengan rakyat kita. Praktik-praktik markup penipuan. Markup itu adalah penipuan dan pencurian, mencuri di siang bolong. Dan, sekarang teknologi, sekarang ada, sehingga cepat ketahuan kalau markup. Kalau ada pejabat yang ingin melaksanakan praktik-praktik lama, saya kira sangat keliru. Kita prihatin, saya tidak tahu berapa direksi Pertamina yang sudah masuk penjara, saya tidak tahu. Karena negara dan bangsa membutuhkan dan menuntut manajemen yang terbaik. Kelola dengan baik.

Saya sangat terkesan tadi, Direktur Utama mengatakan menggunakan istilah Pertamina Wira Perwira. Ini luar biasa, ini saya kira napasnya seperti itu. Napasnya harus seperti itu. Bangsa-bangsa yang bangkit, bangsa-bangsa yang kuat.

Kita harus contoh. Jepang, Korea. Bangsa yang tidak punya sumber daya seperti kita, tapi kuat. Nasionalismenya kuat. Kalau tidak salah semua perusahaan di Korea, di Jepang, ada saatnya mereka semua berdiri, lagu kebangsaan dikumandangkan. Semangat nasionalis, semangat patriotik cinta tanah air ini yang harus mendorong semua jajaran Pertamina, terutama yang paling atas. Karena, kita mengerti sifat manusia, yang menentukan adalah para pemimpin. Jadi pemimpin itu harus ing ngarso sung tulodo, memberi contoh. Kalau pemimpinnya maling, anak buahnya tidak semangat.

Pengalaman saya di tentara, pemimpin itu maling cepat anak buah tahu, cepat sekali. Mungkin orang luar tidak tahu, mungkin BPK bisa dikibuli, KPK bisa dikibuli, tapi anak buah akan tahu. Di tentara itu kalau komandan-komandannya maling, pemimpinnya maling, itu dikasih julukan kapal keruk dan seumur hidup dia akan membawa nama itu, kapal keruk. Pemimpin harus memberi contoh. Saya terima kasih semangat tadi. Wira, benar. Pejuang, kesatria, pendekar.

Saudara-saudara,
Perang kemerdekaan ada beberapa fase. Perang kemerdekaan pertama tentunya ratusan tahun yang dulu. Perang kemerdekaan yang kita berhasil rebut kedaulatan tahun '45. Habis itu, perang kemerdekaan atau perang untuk mempertahankan kemerdekaan. Kemudian, perang untuk mengisi, mengisi kemerdekaan. Dan, untuk mengisi kemerdekaan, kita harus mengelola sumber daya dan sumber-sumber kekayaan kita. Jadi, setiap unsur yang diberi tugas dan tanggung jawab mengelola kekayaan negara harus menjalankan misi itu dengan penuh rasa tanggung jawab, dengan penuh cinta tanah air, dengan penuh patriotisme, dengan penuh suri tauladan. Kesatria, pembela tanah air.

Terlalu banyak pengalaman kita, direksi-direksi BUMN saya katakan saja tidak baik. Saya beri tugas kepada Kepala Danantara dan beberapa menteri-menteri yang bertanggung jawab untuk membersihkan semua BUMN. BUMN sangat banyak. Banyak yang rugi, sudah rugi, minta tantiem lagi. Enggak tahu malu. Ndableg, menurut saya. Kalau enggak mau, kalau enggak sanggup mengabdi dengan penghasilan yang tersedia, berhenti saja. Segera minta berhenti. Banyak yang siap menggantikan Saudara-saudara. Saya percaya, banyak yang siap menggantikan.

Saya kira, yang paling penting itu, kita menuju swasembada energi, kita mampu. Selama ini menurut saya, tidak ada will. Selama ini banyak di posisi manajemen, di posisi kritis, membohongi atasan, menipu atasan, menipu presiden untuk mencari keuntungan pribadi. Sekarang harus hentikan seperti itu. Kita harus benar-benar menjaga kekayaan negara, karena kita butuh itu untuk memperkuat bangsa kita, menghilangkan kemiskinan, menghilangkan kelaparan, mengejar industri, mengejar teknologi untuk kita hadapi tahun-tahun yang akan datang.

Saudara-saudara,
Persaingan global sekarang sangat ketat. Kalau kita tidak kuat tapi kita kaya, bisa-bisa kekayaan kita direbut. Karena itu, kita harus bekerja keras. Program hilirisasi kita membutuhkan uang. Tapi, saya optimis dengan pengelolaan yang baik, kita akan mampu mencapai tujuan hilirisasi itu.

Tahun ini dalam waktu dekat, saya diberi laporan, kita akan mulai 34 proyek waste to energy, yaitu sampah kita ubah, kita bersihkan menjadi listrik. Ini sangat penting karena kita butuh sekarang membersihkan sampah kita dari kota-kota kita. Sampah itu sudah menumpuk luar biasa. Ini sudah akan menjadi bencana. Belasan tahun tidak bisa kita wujudkan proyek sampah yang baik. Kita sekarang akan mulai 34 proyek, tendernya dibuka mungkin hari-hari ini, tapi ini butuh waktu dua tahun sampai berfungsi.

Kita juga dalam waktu beberapa minggu ini kita akan mulai, kita harapkan minimal enam proyek hilirisasi, mungkin bisa sampai 11. Nilainya adalah kurang lebih 6 miliar dolar dan kita juga akan menerima investasi besar-besaran dari luar. Saya perkirakan cukup besar investasi yang akan masuk. Kita untuk itu harus benar-benar siapkan awak, siapkan manajemen, siapkan manager-manager muda yang bisa menjaga, mengelola proyek-proyek ini. Total kita butuh sampai industrialisasi yang benar mungkin, rencananya mungkin 10 tahun sampai 15-20 tahun, tapi kita ingin mempercepat. Saya sangat optimis ini bisa berjalan. Saya orang yang tidak suka banyak janji, sehingga mungkin saya dituduh kurang komunikatif. Tapi,sekarang saya sudah buktikan.

Yang dulu dikatakan MBG, Makan Bergizi [Gratis] tidak mungkin berhasil. Ada tokoh-tokoh mengatakan tidak mungkin berhasil, pasti gagal. Tapi ternyata hari ini kita sudah mencapai 58 juta penerima manfaat, 58 juta. Kalau Singapura itu jumlah penduduknya enam juta, berarti kita memberi makan berapa, ya? Sembilan, ya? Sembilan Singapura, Sembilan Singapura kita kasih makan tiap hari. Lumayan, ya? Not bad, ya? Negara yang selalu dianggap tidak bisa apa-apa, kita bisa kasih makan 58 juta orang tiap hari, termasuk ibu hamil diantar makan ke rumah, termasuk lansia diantar makan ke rumah. Not bad, Saudara-saudara sekalian. Dan, insyaallah dan saya percaya yakin akhir tahun 2026, Desember 2026, kita akan mencapai 82 juta penerima manfaat.

Negara-negara lain seperti Brasil, dia mencapai 41 juta dalam 11 tahun. Kita 58 juta dalam satu tahun yang dianggap tidak mungkin dari segi manajemen. Ini sekarang kita sedang dibicarakan di mana-mana. Kita menjadi studi kasus bagaimana bisa kita hasilkan seperti ini.

Sama juga, tadi swasembada pangan [dan] Makan Bergizi, Koperasi Merah Putih banyak yang mengatakan untuk apa Koperasi Merah Putih? Kita akan buktikan akhir Desember 2026 nanti akan ada minimal 40 ribu koperasi sudah beroperasi, sudah berjalan. Ekonomi nanti bergerak dari bawah. Pertumbuhannya nanti akan membanggakan kita semua.

Saudara-saudara sekalian,
Saya kira itu yang ingin saya sampaikan. Selamat. Terima kasih,m Pertamina. Terima kasih, ESDM. Lanjutkan pekerjaan ini. Saya titip benar-benar, ya. Hasilkan Pertamina yang hebat, Pertamina yang efisien, Pertamina yang jadi national champion kebanggaan seluruh bangsa. Pertamina harus kembali menjadi agent of development, agent of modernization.

Dulu, Pertamina di awal-awalnya dipimpin oleh Pak Ibnu Sutowo menjadi agent of change, agent of development, agent of modernization. Pertamina dulu punya bagian advanced technology, dimulai dari Pertamina. Advanced technology ini dipimpin oleh seorang insinyur pulang dari Jerman namanya B.J. Habibie. Bagian ini di Pertamina akhirnya menjadi BPPT (Badan Pengkajian dan Penerapan Teknologi). Akhirnya menjadi Nurtanio, IPTN (Industri Pesawat Terbang Nusantara), PTDI (PT Dirgantara Indonesia), menjadi PT PAL (Penataran Angkatan Laut), dan sebagainya, dan sebagainya.

Pertamina, agent of change, agent of development, agent of modernization. Pertamina dulu, Pertamina dulu, Pak Ibnu Sutowo yang menggagas food estate mulai dikerjakan di Sumatra Selatan. Tapi, ya, tentunya yang disampaikan Menteri ESDM, ada pihak-pihak yang selalu, menurut saya, tidak patriotik di dalam tubuh kita. Tapi mungkin saya tidak mengerti, apa sudah dibeli oleh bangsa lain. Akhirnya, akhirnya berusaha menggagalkan kemampuan kita sendiri, menggagalkan prestasi kita sendiri. Kita dibuat tergantung impor beras, impor garam, impor... Negara tiga perempatnya laut, impor ikan. Luar biasa. Ya, kan?

Saya diberitahu juga oleh para pakar cadangan minyak kita sangat besar, cadangan gas kita sangat besar. Tinggal kita mengelola dan mengejarnya. Saya minta, ya, ESDM segera perluas eksplorasi, segera mempermudah mereka yang mau eksplorasi, ya. Jangan dikutip-kutip di depan.

Jaga terus kepercayaan rakyat. Teruskan prestasi ini. Semoga kita semua diberi kebaikan oleh Yang Maha Kuasa. Terima kasih.

Wassalamu'alaikum warahmatullahi wabarakatuh,
Syalom,
Salve,
Om santi santi om,
Namo Buddhaya,
Salam kebajikan,
Rahayu rahayu.

Terima kasih.","Bismillahirrahmanirrahim.

Assalamu'alaikum warahmatullahi wabarakatuh,
Selamat sore,
Salam sejahtera bagi kita sekalian,
Syalom,
Salve,
Om swastiastu,
Namo Buddhaya,
Salam kebajikan.

Yang saya hormati Menteri Energi dan Sumber Daya Mineral (ESDM) Saudara Bahlil Lahadalia, Direktur Utama PT Pertamina Saudara Simon Aloysius Mantiri beserta jajaran direksi Pertamina, Komisaris Utama PT Pertamina Mochamad Iriawan dengan semua jajaran komisaris yang hadir, Ketua Badan Pemeriksa Keuangan Republik Indonesia Saudari Isma Yatun yang saya hormati.
Para Ketua Komisi DPR RI: Ketua Komisi VI Saudari Anggia Erma Rini beserta jajaran Komisi VI yang hadir, Ketua Komisi XII Saudara Bambang Patijaya beserta jajaran Komisi XII yang hadir;
Para Menteri dan Wakil Menteri Kabinet Merah Putih yang hadir. Menko Infrastruktur dan Pembangunan Kewilayahan Saudara Agus Harimurti Yudhoyono, Menteri Luar Negeri Saudara Sugiono, Menteri Sekretaris Negara Saudara Prasetyo Hadi, Panglima Tentara Nasional Indonesia Jenderal TNI Agus Subiyanto, Kapolri Jenderal Polisi Listyo Sigit Prabowo, Kepala Badan Pengendalian Pembangunan dan Investigasi Khusus Saudara Aris Marsudiyanto, Sekretaris Kabinet RI Letnan Kolonel Infantri Teddy Indra Wijaya, Kepala Badan Komunikasi Pemerintah Saudara Angga Raka Prabowo, Wakil Menteri Investasi Saudara Todotua Pasaribu. Coba dicatat, tidak hadir.

Yang saya hormati Gubernur Kalimantan Timur Saudara Rudy Mas'ud beserta Forkopimda (Forum Koordinasi Pimpinan Daerah) Provinsi Kalimantan Timur. Saya lihat hadir Panglima, Pangdam (Panglima Komando Daerah Militer), Kapolda juga hadir dengan anggota, Kepala Kejaksaan, dan anggota Forkopimda yang lain. Wali Kota Balikpapan, tadi Saudara Rudy adalah Gubernur, Saudara Rahmad Wali Kota. Ini saudara ini? Kakak adik? Kakak adik, ya. Tidak apa-apa asal dipilih benar, ya. Wakil Gubernur hadir? Wakil Gubernur? Ini soalnya orang Gerindra di sini ini. Jangan Golkar saja. Friend, friend, kita friend.

Hadir juga saya dicatat di sini Sultan Kutai Kartanegara Ing Martadipura Sultan Aji Muhammad Arifin. Hadir? Yang Mulia. Sultan, kok, ditaruh di belakang? Di depan. Yang saya hormati dan banggakan para tokoh masyarakat, tokoh agama, serta seluruh hadirin undangan, rekan-rekan pers dan media yang turut hadir.

Saudara-saudara sekalian,
Tentunya kita selalu memanjatkan puji syukur ke hadirat Tuhan Mahabesar, Mahakuasa, yang memiliki sekalian alam, hanya kepadaNya lah kita berdoa dan hanya kepadaNya lah kita meminta pertolongan. Kita bersyukur atas segala karunia, kebaikan, kedamaian yang masih diberikan kepada kita, atas segala kesehatan diberikan kepada kita sehingga kita dapat berkumpul di sore hari ini untuk melaksanakan suatu acara yang bersejarah, yaitu Peresmian Infrastruktur Energi Terintegrasi Pertamina Refinery Development Master Plan (RDMP) Balikpapan. Tadi kita sudah disebut bahwa acara seperti ini pernah dilakukan tahun '94, berarti 32 tahun yang lalu. Ya, lumayan, ya, cukup bersejarah. Tentunya saya menyambut bahagia dan merasa sangat bangga atas yang kita hasilkan hari ini dengan peresmian ini, dan saya ucapkan terima kasih kepada semua unsur, semua pihak, semua jajaran personalia yang bekerja keras sehingga kita berhasil mencapai hal ini. Para insinyur, para pekerja, aparat keamanan, pemerintah daerah, manajemen, dan masyarakat Balikpapan serta Kalimantan Timur. Ini adalah prestasi yang sangat penting bagi negara dan bangsa.

Kita mengerti bahwa peradaban modern itu tergantung hal-hal yang esensial bagi berdirinya sebuah negara merdeka. Tentunya pertama, negara merdeka harus bisa menghasilkan pangannya sendiri. Ini sangat mendasar. Tidak masuk akal suatu negara ingin merdeka kalau tergantung makan dari luar negara tersebut, dan ini harus kita yakini.

Yang kedua, selain pangan, energi juga harus bisa kita hasilkan sendiri. Dan, alhamdulillah sebenarnya bangsa Indonesia dibeli karunia yang luar biasa dari Yang Maha Kuasa, kita punya sumber-sumber energi yang sangat besar. Cadangan batu bara kita salah satu yang terbesar di dunia. Kita juga punya kemampuan menghasilkan energi dari tanaman, dari kelapa sawit kita bisa hasilkan solar, diesel, biodiesel. Dari, dari batu bara kita bisa hasilkan gas, kita juga bisa hasilkan bensin, kita bisa hasilkan produk-produk energi lainnya. Kita bisa produksi DMA (dimetilasetamida) yang merupakan bisa menggantikan impor LPG kita dari luar. Kita juga punya geotermal terbesar di dunia yang belum kita manfaatkan secara maksimal. Juga kemampuan kita di energi dari air dan juga, Saudara-saudara, ke depan kita juga akan mengembangkan tenaga surya dengan panel-panel kita akan elektrifikasi sehingga kita sungguh-sungguh dapat menghasilkan energi kita sendiri. Tidak perlu kita impor energi dari luar. Ini sasaran kita. Kita harapkan dalam lima tahun kita bisa mencapai ini, tapi tidak ada masalah kalau tidak lima tahun, tahun keenam, kalau tidak tahun keenam, tahun ketujuh, yang penting kita harus menuju ke situ. Tapi, siapa tahu dengan kerja keras kita bisa menghasilkan lebih cepat.

Sebagai contoh, waktu saya mengambil alih kepimpinan nasional setelah saya menerima mandat dari rakyat, saya dilantik tanggal 20 Oktober, saya beri target kepada tim saya untuk swasembada beras dalam waktu empat tahun. Ternyata kita berhasil dalam satu tahun. Ini sesuatu yang tidak diduga-duga oleh siapapun. Ini hasil kerja keras daripada tim kita. Dari sinergi kabinet yang saya pimpin. K/L-K/L (kementerian/lembaga) bekerja sama, semuanya. Kita memangkas regulasi yang tidak masuk akal.

Dulu pupuk sulit, langka, para petani menjerit. Pabrik pupuk milik negara. Pupuk kita subsidi, tetapi sampai ke petani sangat sulit. Waktu itu ada 145 peraturan, 145 peraturan. Ada 11 K/L yang harus menyetujui, harus juga tanda tangan gubernur dan bupati. Jadi dari pabrik sampai ke petani mungkin dibutuhkan 13 tanda tangan. Bayangkan. Kita hilangkan itu semua, 145 peraturan kita hapus, dan sekarang tidak perlu 13 tanda tangan. Cukup satu tanda tangan, satu instruksi. Kemudian pupuk itu langsung ke petani dan petani tidak perlu pakai macam-macam. Cukup kartu penduduk, cukup disetujui oleh kepala desa, benar dia petani di sini. Dan, akhirnya kita berhasil. Pertama kali dalam sejarah bangsa kita, kita berhasil menurunkan harga pupuk sebesar 20 persen. Sesungguhnya Menteri Pertanian melaporkan bisa menurunkan 25 persen. Tapi saya kasih tahu biarlah pabrik dapat keuntungan lima persen sehingga kita turunkan cukup 20 persen. Tetapi petani sudah sangat terima kasih. Dan, walaupun kita turunkan harga, ternyata volume pupuk naik 700 ribu ton. Jadi, petani sekarang harga terjangkau, barang ada. Ini contoh.

Sekarang juga perberasan. Perberasan, petani-petani beras sekarang penghasilannya naik. Nilai tukar petani naik, dari 106 jadi 125, tertinggi selama sejarah Republik Indonesia. Cadangan kita juga tertinggi, produksi kita, beras kita tertinggi selama sejarah Republik Indonesia. Saya kira harus diakui prestasi dan pekerjaan daripada tim ekonomi kita, tim pertanian kita. Membanggakan, ya. Dan ini bukan kita, apa, menepuk dada, tapi ini harus kita lakukan. Kita harus jadi bangsa yang percaya diri. Kita harus jadi bangsa yang bangga dengan prestasi kita. Kita tidak boleh jadi bangsa yang rendah diri. Bangsa yang selalu merasa kalah, merasa selalu tidak mampu bersaing sama bangsa lain. Kita tidak boleh. Di setiap bidang kehidupan, kita harus menjadi bangsa yang kuat, bangsa yang percaya diri, bangsa yang mampu berdiri di atas kaki kita sendiri.

Karena itu saya berbahagia, bangga. Hari ini satu langkah lagi di bidang energi kita menuju kemampuan kita untuk mandiri, kemampuan kita untuk berdiri di atas kaki kita sendiri. Kita tidak boleh tergantung energi kita dari luar. Tidak boleh. Kita ingin merdeka dan kita mampu. Kita miliki semua, diberi karunia oleh Yang Maha Kuasa. Tinggal kita mampu atau tidak sebagai bangsa.

Masalah kita harus akui, jangan kita tutup-tutupi. Pertamina yang sebenarnya adalah national champion kita. Pertamina mungkin satu-satunya perusahaan Indonesia yang masuk Fortune (Global) 500, ya. Satu-satunya perusahaan Indonesia yang nilainya adalah 100 miliar dolar dan harusnya menghasilkan yang lebih baik lagi untuk negara dan bangsa. Dan, kita harus mengakui bahwa beberapa tahun belakangan rakyat pun merasa bahwa terjadi manajemen, terjadi permainan-permainan tidak sehat di Pertamina dan di pengaturan ESDM kita. Ada pihak-pihak, saya tidak mengerti, orang-orang Indonesia yang pintar-pintar, pintar tapi serakah, mengatur mau impor dari luar. Dengan impor dari luar dia manipulasi harga dan dia kutip, sehingga ada pihak, segelintir orang yang kaya raya di atas penderitaan rakyat.

Karena itu, waktu saya menjadi presiden, saya bertekad untuk membersihkan Pertamina. Saya angkat Saudara Simon Aloysius dengan beberapa anak-anak muda dan saya beri tugas. Jangan korupsi, jangan kau cari kaya di atas kepercayaan ini. Direktur Utama Pertamina sangat strategis, Anda bertanggung jawab atas sebuah perusahaan 100 miliar dolar. Godaan akan banyak, tapi Saudara harus teguh dengan semua jajarannya dan saya kasih wewenang seluas-luasnya, siapa yang Anda nilai tidak bagus, pecat. Jangan ragu-ragu. Demi bangsa dan rakyat harus tega. Enggak ada itu. Banyak anak muda yang hebat-hebat, cari.

Saudara-saudara,
Ini tekad kita semua. Terus saya pesankan, mari kita hasilkan untuk rakyat kita pemerintahan yang bersih, manajemen yang amanah, mengelola sumber kekayaan bangsa dengan sebaik-baiknya, Saudara-saudara sekalian. Malu kita dengan bangsa lain dan malu terutama dengan rakyat kita. Praktik-praktik markup penipuan. Markup itu adalah penipuan dan pencurian, mencuri di siang bolong. Dan, sekarang teknologi, sekarang ada, sehingga cepat ketahuan kalau markup. Kalau ada pejabat yang ingin melaksanakan praktik-praktik lama, saya kira sangat keliru. Kita prihatin, saya tidak tahu berapa direksi Pertamina yang sudah masuk penjara, saya tidak tahu. Karena negara dan bangsa membutuhkan dan menuntut manajemen yang terbaik. Kelola dengan baik.

Saya sangat terkesan tadi, Direktur Utama mengatakan menggunakan istilah Pertamina Wira Perwira. Ini luar biasa, ini saya kira napasnya seperti itu. Napasnya harus seperti itu. Bangsa-bangsa yang bangkit, bangsa-bangsa yang kuat.

Kita harus contoh. Jepang, Korea. Bangsa yang tidak punya sumber daya seperti kita, tapi kuat. Nasionalismenya kuat. Kalau tidak salah semua perusahaan di Korea, di Jepang, ada saatnya mereka semua berdiri, lagu kebangsaan dikumandangkan. Semangat nasionalis, semangat patriotik cinta tanah air ini yang harus mendorong semua jajaran Pertamina, terutama yang paling atas. Karena, kita mengerti sifat manusia, yang menentukan adalah para pemimpin. Jadi pemimpin itu harus ing ngarso sung tulodo, memberi contoh. Kalau pemimpinnya maling, anak buahnya tidak semangat.

Pengalaman saya di tentara, pemimpin itu maling cepat anak buah tahu, cepat sekali. Mungkin orang luar tidak tahu, mungkin BPK bisa dikibuli, KPK bisa dikibuli, tapi anak buah akan tahu. Di tentara itu kalau komandan-komandannya maling, pemimpinnya maling, itu dikasih julukan kapal keruk dan seumur hidup dia akan membawa nama itu, kapal keruk. Pemimpin harus memberi contoh. Saya terima kasih semangat tadi. Wira, benar. Pejuang, kesatria, pendekar.

Saudara-saudara,
Perang kemerdekaan ada beberapa fase. Perang kemerdekaan pertama tentunya ratusan tahun yang dulu. Perang kemerdekaan yang kita berhasil rebut kedaulatan tahun '45. Habis itu, perang kemerdekaan atau perang untuk mempertahankan kemerdekaan. Kemudian, perang untuk mengisi, mengisi kemerdekaan. Dan, untuk mengisi kemerdekaan, kita harus mengelola sumber daya dan sumber-sumber kekayaan kita. Jadi, setiap unsur yang diberi tugas dan tanggung jawab mengelola kekayaan negara harus menjalankan misi itu dengan penuh rasa tanggung jawab, dengan penuh cinta tanah air, dengan penuh patriotisme, dengan penuh suri tauladan. Kesatria, pembela tanah air.

Terlalu banyak pengalaman kita, direksi-direksi BUMN saya katakan saja tidak baik. Saya beri tugas kepada Kepala Danantara dan beberapa menteri-menteri yang bertanggung jawab untuk membersihkan semua BUMN. BUMN sangat banyak. Banyak yang rugi, sudah rugi, minta tantiem lagi. Enggak tahu malu. Ndableg, menurut saya. Kalau enggak mau, kalau enggak sanggup mengabdi dengan penghasilan yang tersedia, berhenti saja. Segera minta berhenti. Banyak yang siap menggantikan Saudara-saudara. Saya percaya, banyak yang siap menggantikan.

Saya kira, yang paling penting itu, kita menuju swasembada energi, kita mampu. Selama ini menurut saya, tidak ada will. Selama ini banyak di posisi manajemen, di posisi kritis, membohongi atasan, menipu atasan, menipu presiden untuk mencari keuntungan pribadi. Sekarang harus hentikan seperti itu. Kita harus benar-benar menjaga kekayaan negara, karena kita butuh itu untuk memperkuat bangsa kita, menghilangkan kemiskinan, menghilangkan kelaparan, mengejar industri, mengejar teknologi untuk kita hadapi tahun-tahun yang akan datang.

Saudara-saudara,
Persaingan global sekarang sangat ketat. Kalau kita tidak kuat tapi kita kaya, bisa-bisa kekayaan kita direbut. Karena itu, kita harus bekerja keras. Program hilirisasi kita membutuhkan uang. Tapi, saya optimis dengan pengelolaan yang baik, kita akan mampu mencapai tujuan hilirisasi itu.

Tahun ini dalam waktu dekat, saya diberi laporan, kita akan mulai 34 proyek waste to energy, yaitu sampah kita ubah, kita bersihkan menjadi listrik. Ini sangat penting karena kita butuh sekarang membersihkan sampah kita dari kota-kota kita. Sampah itu sudah menumpuk luar biasa. Ini sudah akan menjadi bencana. Belasan tahun tidak bisa kita wujudkan proyek sampah yang baik. Kita sekarang akan mulai 34 proyek, tendernya dibuka mungkin hari-hari ini, tapi ini butuh waktu dua tahun sampai berfungsi.

Kita juga dalam waktu beberapa minggu ini kita akan mulai, kita harapkan minimal enam proyek hilirisasi, mungkin bisa sampai 11. Nilainya adalah kurang lebih 6 miliar dolar dan kita juga akan menerima investasi besar-besaran dari luar. Saya perkirakan cukup besar investasi yang akan masuk. Kita untuk itu harus benar-benar siapkan awak, siapkan manajemen, siapkan manager-manager muda yang bisa menjaga, mengelola proyek-proyek ini. Total kita butuh sampai industrialisasi yang benar mungkin, rencananya mungkin 10 tahun sampai 15-20 tahun, tapi kita ingin mempercepat. Saya sangat optimis ini bisa berjalan. Saya orang yang tidak suka banyak janji, sehingga mungkin saya dituduh kurang komunikatif. Tapi,sekarang saya sudah buktikan.

Yang dulu dikatakan MBG, Makan Bergizi [Gratis] tidak mungkin berhasil. Ada tokoh-tokoh mengatakan tidak mungkin berhasil, pasti gagal. Tapi ternyata hari ini kita sudah mencapai 58 juta penerima manfaat, 58 juta. Kalau Singapura itu jumlah penduduknya enam juta, berarti kita memberi makan berapa, ya? Sembilan, ya? Sembilan Singapura, Sembilan Singapura kita kasih makan tiap hari. Lumayan, ya? Not bad, ya? Negara yang selalu dianggap tidak bisa apa-apa, kita bisa kasih makan 58 juta orang tiap hari, termasuk ibu hamil diantar makan ke rumah, termasuk lansia diantar makan ke rumah. Not bad, Saudara-saudara sekalian. Dan, insyaallah dan saya percaya yakin akhir tahun 2026, Desember 2026, kita akan mencapai 82 juta penerima manfaat.

Negara-negara lain seperti Brasil, dia mencapai 41 juta dalam 11 tahun. Kita 58 juta dalam satu tahun yang dianggap tidak mungkin dari segi manajemen. Ini sekarang kita sedang dibicarakan di mana-mana. Kita menjadi studi kasus bagaimana bisa kita hasilkan seperti ini.

Sama juga, tadi swasembada pangan [dan] Makan Bergizi, Koperasi Merah Putih banyak yang mengatakan untuk apa Koperasi Merah Putih? Kita akan buktikan akhir Desember 2026 nanti akan ada minimal 40 ribu koperasi sudah beroperasi, sudah berjalan. Ekonomi nanti bergerak dari bawah. Pertumbuhannya nanti akan membanggakan kita semua.

Saudara-saudara sekalian,
Saya kira itu yang ingin saya sampaikan. Selamat. Terima kasih,m Pertamina. Terima kasih, ESDM. Lanjutkan pekerjaan ini. Saya titip benar-benar, ya. Hasilkan Pertamina yang hebat, Pertamina yang efisien, Pertamina yang jadi national champion kebanggaan seluruh bangsa. Pertamina harus kembali menjadi agent of development, agent of modernization.

Dulu, Pertamina di awal-awalnya dipimpin oleh Pak Ibnu Sutowo menjadi agent of change, agent of development, agent of modernization. Pertamina dulu punya bagian advanced technology, dimulai dari Pertamina. Advanced technology ini dipimpin oleh seorang insinyur pulang dari Jerman namanya B.J. Habibie. Bagian ini di Pertamina akhirnya menjadi BPPT (Badan Pengkajian dan Penerapan Teknologi). Akhirnya menjadi Nurtanio, IPTN (Industri Pesawat Terbang Nusantara), PTDI (PT Dirgantara Indonesia), menjadi PT PAL (Penataran Angkatan Laut), dan sebagainya, dan sebagainya.

Pertamina, agent of change, agent of development, agent of modernization. Pertamina dulu, Pertamina dulu, Pak Ibnu Sutowo yang menggagas food estate mulai dikerjakan di Sumatra Selatan. Tapi, ya, tentunya yang disampaikan Menteri ESDM, ada pihak-pihak yang selalu, menurut saya, tidak patriotik di dalam tubuh kita. Tapi mungkin saya tidak mengerti, apa sudah dibeli oleh bangsa lain. Akhirnya, akhirnya berusaha menggagalkan kemampuan kita sendiri, menggagalkan prestasi kita sendiri. Kita dibuat tergantung impor beras, impor garam, impor... Negara tiga perempatnya laut, impor ikan. Luar biasa. Ya, kan?

Saya diberitahu juga oleh para pakar cadangan minyak kita sangat besar, cadangan gas kita sangat besar. Tinggal kita mengelola dan mengejarnya. Saya minta, ya, ESDM segera perluas eksplorasi, segera mempermudah mereka yang mau eksplorasi, ya. Jangan dikutip-kutip di depan.

Jaga terus kepercayaan rakyat. Teruskan prestasi ini. Semoga kita semua diberi kebaikan oleh Yang Maha Kuasa. Terima kasih.

Wassalamu'alaikum warahmatullahi wabarakatuh,
Syalom,
Salve,
Om santi santi om,
Namo Buddhaya,
Salam kebajikan,
Rahayu rahayu.

Terima kasih.",17992,2507,1349,708,21a4c17de04d641e88f06fed801890b44f6bc962c4aba84aec111eec50ee4b4d,"{""remove_urls"": true, ""remove_email"": true, ""remove_source_note"": true, ""normalize_unicode"": true, ""normalize_whitespace"": true, ""lowercase_for_tokenization"": true, ""remove_numbers_for_tokens"": true, ""min_token_length"": 3, ""apply_general_stopwords"": true, ""apply_domain_stopwords"": true, ""stemming_enabled"": false}",2026-06-11T21:38:26
SPCH_004_PERESMIAN_166_SEKOLAH,NASKAH-PIDATO-PRABOWO-PERESMIAN-166-SEKOLAH.txt,"Bismillahirrahmanirrahim,

Assalamu’alaikum warahmatullahi wabarakatuh,
Selamat pagi oh sudah selamat siang,
Salam sejahtera bagi kita sekalian,
Syalom,
Salve,
Om swastiastu,
Namo Buddhaya, 
Salam kebajikan.

Yang saya hormati, Menteri Sosial Saudara Saifullah Yusuf sebagai penyelenggara, Wakil Menteri Sosial Saudara Agus Jabo Priyono bersama seluruh jajaran Kementerian Sosial;
Menteri Koordinator Pemberdayaan Masyarakat, Saudara Abdul Muhaimin Iskandar; Para menteri koordinator, para menteri, para kepala badan, Panglima TNI, Kapolri, serta seluruh anggota Kabinet Merah Putih, para wakil menteri, wakil kepala badan yang hadir, yang saya hormati;
Para kepala daerah yang hadir, Gubernur Kalimantan Selatan Saudara Muhidin yang saya hormati, Gubernur Jawa Timur Saudari Khofifah Indar Parawansa yang saya hormati, Gubernur Jambi Saudara Al Haris yang saya hormati, Gubernur Sulawesi Tenggara Saudara Andi Sumangerukka, Gubernur Nusa Tenggara Timur Saudara Emanuel Melkiades Laka yang saya hormati; Gubernur Maluku Utara Saudari Sherly Tjoanda, kok yang tepuk tangan Gubernur Maluku Utara;
Gubernur Nusa Tenggara Barat Saudara Lalu Muhamad Iqbal yang saya hormati.

Para gubernur, para bupati, dan wali kota, mungkin yang hadir juga ini banyak sekali bupati, ini bupati yang hadir di sini, ya? Bupati Ogan Komering Ulu Saudara Teddy Meilwansyah, Bupati Kepulauan Anambas Saudara Aneng, Bupati Natuna Saudara Cen Sui Lan, Bupati Kaur Saudara Gusril Pausi, Bupati Lampung Selatan Saudara Radityo Egy Pratama, Bupati Lebak Saudara Moch. Hasbi Asyidiki Jayabaya, Bupati Pandeglang Saudari R. Dewi Setiani, Bupati Sumedang Saudara Dony Ahmad Munir, Bupati Kuningan Saudara Dian Rachmat Yanuar, Bupati Majalengka Saudara Eman Suherman, Bupati Wonosobo Saudara Agus Subagiyo, Bupati Cilacap Saudara Syamsul Auliya Rachman, Bupati Rembang Saudara Harno, Bupati Sragen Saudara Sigit Pamungkas, Bupati Katingan Saudara Saiful, Bupati Barito Kuala Saudara Bahrul Ilmi, Bupati Bua Lemo Saudara Rum Pagau, Bupati Pangkajene Kepulauan Saudara Muhammad Yusran Lalogau, Bupati Soppeng Saudara Suwardi Haseng, Bupati Buton Tengah Saudara Azhari, Bupati Maluku Tengah Saudara Zulkarnain Awat Amir, Bupati Bone Saudara Andi Asman Sulaiman, Wali Kota Bandar Lampung Saudari Eva Dwiana, Wali Kota Cirebon Saudara Effendi Edo, Wali Kota Kediri Saudari Vinanda Prameswari, Prameswati, sorry, ya, Wali Kota Blitar Saudara Syauqul Muhibbin, Wali Kota Pasuruan Saudara Adi Wibowo, Wali Kota Palangkaraya Saudara Fairid Naparin, Wali Kota Banjarbaru Saudari Erna Lisa Halaby.

Menko-Menko yang hadir tadi, ya, Menteri Koordinator Pembangunan Manusia dan Kebudayaan Saudara Pratikno, tadi Saudara Muhaimin sudah tadi saya sebut, Menteri Sekretaris Negara, Prasetyo Hadi, Saudara Prasetyo Hadi, Menteri Luar Negeri Saudara Sugiono, Menteri Pendidikan Dasar dan Menengah Profesor Abdul Mu’ti, Menteri Pendidikan Tinggi, Sains, dan Teknologi Profesor Brian Yuliarto, Menteri Komunikasi dan Digital Saudara Meutya Viada Hafid, yang saya hormati Menteri Pekerjaan Umum Saudara Dody Hanggodo, Menteri Pendayagunaan Aparatur Negara dan Reformasi Bidokrasi Saudari Rini Widyantini, Menteri Pemberdayaan Perempuan dan Perlindungan Anak Saudari Arifah Choiri Fauzi, Menteri Perhubungan Saudara Dudy Purwagandhi.

Tadi Panglima TNI Jenderal TNI Agus Subiyanto, Kapolri Jenderal Polisi Listyo Sigit Prabowo tadi sudah disebut, Sekretaris Kabinet RI Letkol Teddy Indra Wijaya, Kepala Staf Kepresidenan Saudara Muhammad Qodari, Kepala Badan Komunikasi Pemerintah Saudara Angga Raka Prabowo. Nama Prabowo kok, banyak sekali ini. Pasti orang baik, yang namanya Prabowo ini, mudah-mudahan, insyaallah. Kepala Badan Pusat Statistik Saudari Amalia Widyasanti, Kepala Badan Pengawasan Keuangan dan Pembangunan Saudara Muhammad Yusuf Ateh. Kau asal mana ya, Pak Ateh? Sunda? Ha? Palembang-Sunda? Oke. Kepala Badan Percepatan Pengentasan Kemiskinan Saudara Budiman Sudjatmiko. Ada? Coba dicatat ini. Ini sambil saya absen, ini absen sebetulnya ini. Kepala Perpustakaan Nasional RI Saudara Aminudin Aziz, ya, bagus hadir, saya catat ini. Wakil Menteri Kesehatan Saudara Benjamin Paulus Octavianus, Wakil Menteri Dalam Negeri Saudara Letnan Jenderal Polisi Akhmad Wiyagus, Wakil Menteri Agraria dan Tata Ruang Saudara Ossy Dermawan, terima kasih.

Saudara-saudara,
Terima kasih kesabaran Saudara-saudara. Kenapa saya bacakan satu-satu? Karena mereka sudah membuat atau mengeluarkan suatu usaha, tenaga, mereka meluangkan waktu mereka hadir jauh-jauh ke sini, jadi saya kira pantas untuk disebut. Eh, Menteri [Kepala] Bappenas, belum, ya? Wah, enggak ada ini, [Kepala] Bappenas di sini, wah, aduh, gimana? Hah? Mana, sekpri? Gimana, sekpri? Ngarang,kau. Wah, pelakunya ini. Sekpri saya, Saudara Agung Surahman akan menikah tanggal 18, 18 Januari ini, hari Sabtu. Berapa hari sebelum menikah, masih mau kerja, masih mau masuk. Jadi walaupun tadi agak kurang, ya saya maafkan, lah. Apa? Enggak dengar saya, kau. Kaget saya pagi-pagi, “Saya ikut, Pak”, “Lo, kau kan, mau menikah sebentar lagi, sudah siap semua?”, “Sudah, Pak, sudah siap semua”, masih mau hadir, ya, walaupun kurang-kurang dikit, ya. Profesor Rahmat Pambudi [Menteri PPN/Kepala Bappenas], terima kasih. Kenapa kau buka kopiah? Supaya kelihatan pintar. Jadi, kalau orang botak itu pasti pintar. Orang pintar belum tentu botak tapi kalau orang botak pasti pintar, dan saya beruntung karena tim saya banyak orang botak. Di sini ada berapa dirut? Dirut Agrinas Pangan, ini orang dari Timor Timur tadinya, tapi loyal sama merah-putih, ikut ke sini, beliau namanya Joao Mota, namanya panjang sekali, Joao Angelo De Sousa Mota, benar? Kepala juga mulai botak, pintar pasti.

Saudara-saudara sekalian,
Saya hari ini sangat bahagia, Saudara-saudara sekalian. Saya ucapkan terima kasih kepada semua unsur dan semua K/L, semua lembaga, semua elemen yang telah bekerja mewujudkan suatu langkah. Menurut saya ini langkah, langkah terobosan, langkah berani, terima kasih semuanya, kita telah mewujudkan upaya ini. Dan, saya terus terang saja cukup bahagia, cukup besar hati, saya terharu sebetulnya, melihat dampak daripada upaya kita. Yang saya katakan Saudara-saudara, cara bernegara, cara bernegara. Oh iya, ini saya lihat ada asisten khusus saya juga, Saudara Yuza, botak juga, kan? Saya punya dua asisten khusus, ya, di bidang komunikasi, yang nyusun pidato-pidato saya, yang satu namanya Agung juga, Acil, orang Garut, ya. You lihat, kan, dua-duanya botak, kan? Nah, jadi teori saya benar, mereka pintar-pintar, dan memang mereka pintar-pintar, terima kasih.

Jadi Saudara-saudara,
Cara berpikir, dan cara berpikir tentang bernegara, cara berpikir tentang pembangunan yang konvensional, yang normatif adalah membangun pertumbuhan, ya, dan ada pemikiran selama ini, ya, pemikiran neoliberal, biar yang kaya enggak apa-apa 0,1 persen, lama-lama menurut teori ini, karena pertumbuhan, kekayaan menumpuk, enggak apa-apa menumpuk di atas, lama-lama akan menetes ke bawah. Nah, ini teori, tapi kenyataannya menetesnya kapan sampai ke bawah? Jangan-jangan menetesnya 300 tahun, kita sudah mati semua. Ini menurut saya, tidak tepat untuk kita, untuk negara seperti kita, yang pernah dijajah, yang merdeka karena perjuangan, merdeka karena ratusan tahun perjuangan, di mana waktu kita merdeka, ya, sebagian besar rakyat kita, ya, tidak punya apa-apa. Kemudian kita bangun, bagus pertumbuhan, ternyata kalau kita hanya mengejar pertumbuhan, dan tidak melihat, tidak berani melihat, pertumbuhan ini benar-benar dirasakan enggak oleh rakyat yang paling bawah? Nah, di situ, disitu tugas para pemimpin. Kita harus berani melihat, kita harus berani melihat kekurangan kita, dan kita harus ambil langkah. Langkah kita harus berani.

Saudara-saudara,
Pertumbuhan harus disertai oleh pemerataan suatu sistem yang tidak cepat. Mengusahakan, mengupayakan pemerataan, sistem itu kurang bermanfaat bagi sebuah bangsa. Saya ingatkan Saudara-saudara sekalian, tujuan bernegara kita, tujuan kita merdeka adalah untuk membawa kesejahteraan, kehidupan yang lebih baik untuk seluruh rakyat Indonesia. Berkali-kali, pendiri-pendiri bangsa kita menggarisbawahi itu, ada dalam Pembukaan Undang-Undang Dasar 1945. Kita harus memajukan kesejahteraan umum, dan juga, yang pertama kita melindungi segenap tumpah darah Indonesia. Melindungi apa? Melindungi dari mana? Melindungi dari ancaman. Ancaman apa? Melindungi dari ancaman kelaparan, melindungi dari ancaman kemiskinan, melindungi dari ancaman penderitaan, melindungi dari ancaman penyakit, ini tujuan kita merdeka. Untuk apa kita merdeka? Kita punya lagu kebangsaan, apa lagu kebangsaan itu hanya untuk dinyanyikan?

Saudara-saudara sekalian,
Saya ingatkan kembali ke semua unsur, terutama orang-orang pintar. Saudara-saudara, kita bernegara untuk memperbaiki kehidupan seluruh rakyat Indonesia, bukan segelintir rakyat, seluruh rakyat Indonesia, itu tujuan bernegara. Dan, untuk itu, saya berterima kasih, waktu saya memang melakukan perintisan karier sebagai prajurit, prajurit TNI karena TNI memang adalah tentara rakyat, TNI dari tahun awal kemerdekaan seterusnya, selalu berada di tempat-tempat yang paling susah. Hari ini pun, TNI bersama Polri terjun di tempat yang paling susah di mana rakyat menderita akibat bencana di Sumatra dan di beberapa tempat, bersama lembaga-lembaga lain, bersama relawan, tapi TNI dan Polri terjun. TNI dan Polri sebenarnya adalah satu, adalah satu, karena TNI dan Polri lahir dari perjuangan kemerdekaan. Saya selalu ingatkan, ya memang kalau negara yang maju, seolah-olah maju, negara Barat, negara apa, tuh, seolah mau pisahkan, polisi urusannya hanya kamtibmas. Lahirnya republik, polisi ikut perang, polisi ikut perang. Di awal, karena kita enggak punya anggaran, kita tidak jelas, awal republik, lahirnya republik. Jadi khusus di Indonesia dan dulu pernah kita jadi satu, tapi enggak apa-apa, yang penting adalah sifat, nafas, semangat, kesadaran, kesadaran berbangsa, cinta tanah air, ini yang paling penting. Dan, saya melihat, hari ini kita buktikan, semua unsur ikut, dan tidak kecil peranan para gubernur dan para bupati kita.

Dan, saya terima kasih, program-program kita berhasil karena dukungan semua, dukungan bupati, dukungan wali kota, dukungan gubernur, dukungan pimpinan polisi, pimpinan tentara, dukungan semua, ke K/L-K/L di mana-mana. Ini bukti kita berbuat sehingga anak-anak kita hari ini, yang tadinya mungkin sulit sekolah, sekarang mereka punya harapan. Saya terkesima hari ini, terus terang saja, terkesima. Bisa ada anak yang tidak punya dalam beberapa bahasa, luar biasa, yang mereka itu, yang bahasa Inggrisnya, menurut saya luar biasa, karena saya besar di luar negeri. Kalau saya bahasa Inggrisnya bagus, ya wajar, saya pernah tinggal di daerah-daerah situ. Tapi anak ini, saya kagum juga sama dia tadi. Siapa namanya itu, ya? Nanti yang…tadi itu yang berbahasa bagus itu, semua ya nanti suruh menghadap saya, ya. Mungkin bagusnya kita kirim juga ke luar negeri, kira-kira, gimana setuju, enggak? Dan, saya kagum, masa baru enam bulan tadi saya lihat, sudah ada yang juara olimpiade ini, juara itu, luar biasa. Juara Olimpiade Matematika, luar biasa, saya sangat terkesima, saya sangat terharu, bahkan. Mudah-mudahan kamera enggak menuju ke saya tadi, sulit saya tahan air mata juga. Sama dengan medsos [media sosial]. Kita terharu, kita keluar air mata karena apa? Karena bangga, karena bahagia, melihat anak-anak kita. Dan, kita tergerak, teringat. Kenapa kita teringat? Bayangkan, bayangkan, kalau waktu itu kita, saya dan menteri-menteri, tidak ambil sikap yang berani, mari kita berbuat yang mungkin tidak lazim. Kita bikin sekolah yang terbaik, sekolah berasrama untuk mereka-mereka yang mungkin tidak punya harapan, mereka yang dari keluarga yang kondisinya tertinggal.

Saudara-saudara, Anak-anak, Anak-anak Sekolah Rakyat, Murid-murid, Anak-anakku,
Jangan kau kecil hati, jangan kau malu, orang tuamu hanya buruh atau hanya petani miskin, atau hanya tukang pemulung, jangan kau malu. Mereka, mereka mulia, mereka kerja keras, halal, bekerja dengan keringat untuk masa depanmu. Jangan pernah kecil hati. Hormati orang tuamu, kalau perlu kau pulang, kau sungkem, kau cium kaki orang tuamu. Jangan pernah kau malu. Mereka lebih mulia dari orang-orang pintar, tapi koruptor-koruptor yang berkhianat kepada negara dan bangsa. Saya lebih hormat sama pemulung, saya lebih hormat dengan dengan tukang becak yang kerja dengan keringat daripada mereka yang pintar-pintar tapi mencuri uang rakyat, saya lebih hormat. Karena presiden, ya saya boleh bicara, iya, kan?

Saudara-saudara,
Jadi, saya tidak mau anak-anak SR (Sekolah Rakyat) ya, memang jangan sekali-sekali. Selalu, selalu hormati orang tuamu. Kalau dia belum mampu, bukan salah dia, bukan salah orang tuamu. Memang negara kita belum mampu memberi terbaik untuk semua rakyat. Tapi kita akan berjuang keras, kita berjuang keras, supaya semua kekayaan negara akan dirasakan oleh seluruh rakyat Indonesia.

Saya kira saya tidak mau panjang lebar pidato, ya, nanti bisa kebablasan ini, karena saya kalau sudah begini, ya, bisa dua-tiga jam pidato saya. Apalagi saya lihat ada kopi di sini. Saya minta izin, boleh minum kopi? Boleh? Izinnya ke siapa, ya? Saya minta izin minum, ya. Biasanya kalau habis satu cangkir itu, pidato saya tiga jam. Masih kuat dengar saya? Benar? Benar? Anak-anakku, mau dengar aku terus? Yang anak-anak pengin, hanya menteri-menteri saya capai. Karena menteri-menteri saya, tiga kali atau empat kali seminggu dengar pidato semacam ini, dia. Tapi saya, enggak, saya benar-benar bahagia hari ini, kementerian-kementerian saya, kabinet saya, saya merasakan kompak. Jangan percaya orang-orang yang terlalu pintar, ya, yang ngomong di mana, di sosmed [social media], menganalisa, terjadi sesuatu perpecahan di antara lingkungannya Prabowo, wah, seru. Saya sendiri, saya sendiri, tertarik, dari mana ini?

Tapi enggak, saya merasa kerja keras, kompak, teamwork yang luar biasa, ya, sehingga kita mencapai keberhasilan demi keberhasilan, bukti demi bukti. Desember 31, 2025. Saya ulangi, Desember 31, tahun 2025, resmi Indonesia mencapai swasembada beras. Di tengah tahun 2024 dan 2025, Indonesia mengalami El Nino dilanjutkan dengan kekeringan berkepanjangan, kita bisa mengatasi, dan kita bisa menghasilkan produksi beras tertinggi sepanjang sejarah Republik Indonesia. Cadangan beras kita di gudang pemerintah hari ini, tertinggi selama sejarah Republik Indonesia, Saudara-saudara, dan kita akan terus memperkuat, terus memperkuat. Sebentar lagi, kita swasembada jagung untuk pakan para petani dan peternak. Habis itu, kita akan swasembada di bidang-bidang lain. Juga, hari ini kita berhasil melihat dan meresmikan 166 Sekolah Rakyat. Sasaran kita adalah 500 Sekolah Rakyat sampai tahun 2029, insyallah akan tercapai.

Dan, saya minta maaf kami masih belum bisa menghasilkan lebih banyak daripada yang sekarang, ini pun usahanya sudah luar biasa. Dan, saya untuk itu, saya sampaikan penghormatan saya sebesar-besarnya kepada Menteri Sosial dan jajarannya yang bekerja keras. Tentunya didukung oleh para Menko, ya, Pak Muhaimin, Profesor Pratik, didukung oleh menteri-menteri Dikdasmen, [Kementerian] Dikti dan Sains, Menteri Agama. Semua menteri-menteri yang dukung ini luar biasa. Dan, saya percaya di ujungnya kita akan capai target kita 500 [SR] dan tiap sekolah nanti ujungnya, sasaran kita adalah tiap sekolah adalah 1.000 murid, 1.000 murid. Kalau hari ini baru sampai 15.000 [murid], tapi saya dilaporkan mungkin akhir tahun ini akan mencapai 30.000. Tapi, ujungnya sasaran kita adalah tiap kampus, sekolah, rakyat adalah 1.000 murid, berarti sasaran kita nanti 500.000, 500.000 murid.

Cita-cita saya di akhir masa jabatan saya, tahun 2029, bahwa mereka yang berada di kemiskinan ekstrem, Desil 1 dan 2, bisa kita ubah nasibnya, kita bisa hilangkan kemiskinan ekstrem di Indonesia. Saya percaya itu bisa terjadi. Keberhasilan-keberhasilan kita sangat banyak, tapi kalau saya rinci di sini saya kira panjang sekali. Bukan kita sombong, bukan kita membangga-banggakan, tapi kita harus, kita harus bangga dengan prestasi, kita harus bangga dengan bukti, ya. Tidak boleh kita tidak mengerti keberhasilan. Kita tidak boleh menjadi bangsa yang rendah diri. Rendah hati boleh, jangan rendah diri, jangan inferior. Kalau Indonesia selalu jelek, enggak boleh, tidak benar. Indonesia berprestasi, Indonesia bisa berprestasi, Indonesia akan berprestasi, dan Indonesia akan bangkit menjadi negara yang baik, negara yang maju, negara yang sejahtera.

Saudara-saudara,
Di tengah kondisi dunia yang penuh gejolak, penuh ketidakpastian, kita bersyukur negara kita masih dalam keadaan yang baik, potensi kita sangat besar, kekayaan kita sangat banyak. Tidak gampang puluhan tahun, kekayaan kita kurang tertib dikelola. Tidak mudah, banyak orang mengejek saya, saya tahu. Sebetulnya enggak banyak, segelintir orang saja, hanya dia mungkin punya uang, dia punya sarana, dia bisa menyebarkan, dia bisa menyebarkan sinisme, pesimisme, dan kemungkinan besar mereka dibayar oleh kekuatan-kekuatan asing. Itu keyakinan saya, kepercayaan saya. Kalau orang Indonesia yang bersih, jujur, pasti melihat, yang benar adalah benar, yang tidak benar adalah tidak benar. Kita berbuat yang baik, berbuat yang benar masih dicaci-maki, tapi tidak apa-apa, kita tidak ragu-ragu.

Saya hari ini merasa bahwa tekad kita benar dan dibuktikan benar. Setelah enam bulan kita melihat keadaan anak-anak kita seperti ini, luar biasa ini, ya. Jadi sekali lagi, sekali lagi, saya mengajak semua, seluruh bangsa Indonesia selalu, mari kita bersatu, mari kita kerja sama untuk menghilangkan kemiskinan dan kelaparan dari Indonesia. Kita bangkitkan semua kehidupan bangsa Indonesia. Pendidikan adalah sarana, sarana yang paling benar untuk menghilangkan kemiskinan. Tapi pendidikan butuh uang. Uang kita kalau dicuri, kalau dikorupsi, kurang untuk membangun semua sekolah yang kita ingin bangun, Saudara-saudara, semua kampus yang kita ingin bangun.

Saudara-saudara,
Kita kekurangan dokter, kita kekurangan ratusan ribu dokter. Rakyat kita perlu dokter, perlu dokter gigi. Tidak bisa hanya dengan bicara, dengan memfitnah, menghardik, mengejek, tidak bisa. Kita harus buka sekolah-sekolah, kampus-kampus yang banyak. Dan, saya akan buktikan kepada seluruh rakyat Indonesia, dalam waktu dekat, kita akan buka kampus-kampus kedokteran. Dan, di kampus kedokteran ini, dan rencana saya, kampus-kampus kedokteran, kampus-kampus teknik dan yang sebagainya, nanti dibuka untuk semua anak-anak Indonesia dan mereka tidak boleh bayar, dibayar oleh negara. Saya ingin anaknya tukang pemulung bisa jadi insinyur, bisa jadi dokter, bisa jadi pengusaha, bisa jadi jenderal, itu cita-cita saya, Saudara-saudara. Saya akan bangga melihat itu.

Sekali lagi, kita harus berani. Siapa berani dia menang, berani berbuat. Sebelum berbuat, berani melihat keadaan yang sebenarnya. Berani melihat kesulitan, berani menghadapi kesulitan. Jangan lari dari kesulitan, jangan menutupi kesulitan. Lihat kesulitan, hadapi, atasi. Baru kita bangkit sebagai bangsa. Terima kasih. Cukup?

Saudara-saudara,
Karena saya harus ada acara lagi di Balikpapan, meresmikan suatu kilang, suatu modernisasi kilang minyak di Balikpapan. Dengan modernisasi kilang minyak ini, kita akan menghemat devisa yang banyak. Kita tidak perlu lagi impor-impor terlalu banyak BBM [bahan bakar minyak].

Saudara-saudara,
Kita mengerti, masalah sudah mengerti. Tim saya sudah mengerti, tim saya bekerja keras. Kita hadapi, ada bencana, kita atasi, ya, kan? Ada kesulitan kita atasi. Terima kasih, tim saya semuanya. Di depan rakyat, saya mengatakan, saya bangga dengan prestasi tim saya, dan saya percaya, kita dalam bulan-bulan akan datang, kita akan beri terus-menerus bukti hasil prestasi kepada rakyat Indonesia dalam minggu-minggu, bulan-bulan, dan tahun-tahun mendatang. Tentunya, kami, saya, tidak punya tongkat Nabi Musa. Saya juga tidak punya tongkat Nabi Sulaiman. Tidak bisa seketika. Tapi insyaallah, setapak demi setapak, kita bekerja dengan cepat. Perjalanan seribu kilometer dimulai dengan satu langkah dan kita sudah berbuat banyak langkah, Saudara-saudara sekalian.

Makan Bergizi Gratis (MBG) hari ini, kalau tidak salah, sudah mencapai 58 juta, 58 juta penerima manfaat, 58 juta anak-anak, ibu-ibu hamil, dan lansia menerima makan tiap hari, tiap hari sekolah, ya. Tapi kalau yang ibu-ibu hamil, tujuh hari diberi. Lima puluh delapan juta [penerima manfaat], dalam satu tahun. Negara mana yang bisa berbuat itu? Negara mana? Dan, total sudah kita beri makan itu, kalau tidak salah tiga miliar porsi sudah kita cetak, Saudara-saudara sekalian. Ini prestasi. Dan, insyaallah paling lambat akhir tahun ini, kita akan sampai sasaran kita, 82 juta lebih penerima manfaat. Kalau Januari saja sudah 58 juta, saya percaya kita akan capai [bulan] Desember. Walaupun Kepala BGN [Badan Gizi Nasional] mengatakan, “Tidak, Pak, kami akan lebih cepat dari Desember.” Oke, jangan dipaksa. Teliti. Buat yang terbaik. Kita juga akan melihat beroperasinya minimal 25 ribu Koperasi Merah Putih. Dari rencana kita 81 ribu, kita yakin bulan Maret-April akan berfungsi beroperasi 25 ribu koperasi. Berarti akhir Desember, saya berharap akan mencapai minimal 60 ribu Koperasi Merah Putih, Desember 2026. Artinya, ekonomi kita akan bangkit di semua bidang.

Saya kira itu. Terima kasih sekali lagi, semua unsur yang bekerja keras untuk Sekolah Rakyat. Terima kasih anak-anakku, atas semangatmu. Guru-guru, terima kasih. Kepala sekolah, terima kasih. Saya minta dibina dengan baik. Guru harus selalu memberi contoh, ya, guru harus memberi contoh. Saya minta para guru selalu memberi yang terbaik, memberi contoh. Tampil di depan murid harus dalam keadaan yang baik, yang tertib, yang rapi, ya. Kalau perlu saya minta juga bantuan TNI dan Polri secara bergilir, mungkin mengirim beberapa perwira untuk bantu, mungkin dikunjungi bergiliran dan dibina, diberi cara berpakaian yang baik, cara pakai dasi yang baik, ya, cara pakai baret yang baik. Saya minta Seskab dan Mensesneg bantu Mensos, bantu Menko-Menko. Dilihat lagi, ya, kan, yang mungkin kurang apa, kita perbaiki, ya, kan. Kalau ada baret-baret yang kekecilan diganti yang tidak kekecilan, ya.

Jadi Saudara-saudara,
Anak-anak Indonesia yang akan digembleng di candradimuka tadi, candradimuka Sekolah Rakyat harus dibina dengan baik. Penampilannya harus baik. Luar biasa tadi yang dari Pasuruan, ya? Hebat sekali, lo, komandannya suruh menghadap saya nanti. Saya kira tidak kalah dengan SMA Taruna Nusantara (TN). Sikapnya itu, lo. Balik kanannya itu luar biasa, saya belum pernah lihat, enggak tahu saya. Pak Sugiono, kepala lembaga, ya? Kau kepala lembaga TN, ya? Kau lulusan TN, ya? Enggak yakin so, balik kananmu sama dengan ini. Tapi kamu sudah menteri, saya enggak mau uji kamu. Duduk, duduk, duduk. Gila, ya. Wah, luar biasa.

Saya ini, saya ini orang Jawa tapi dari Banyumas. Setengah Banyumas, setengah Sulawesi. Jadi kalau orang Banyumas itu agak beda dengan orang Solo. Mana, ada orang Solo di sini? Kalau orang Solo itu bicaranya halus, ya, kan? Kalau Banyumas itu bisa-bisa orang Banyumas itu ya, mungkin mirip-mirip Madura lah, kira-kira, ya. Jadi, apa adanya. Kalau tidak benar, saya bilang tidak benar. Tapi kalau baik, saya bilang baik. Kalau hebat, saya bilang hebat. Kalau kagum, walaupun anak kecil, saya kagum tadi. Luar biasa tadi baris-berbarisnya. Mungkin, mungkin kira-kira apa? Kita kasih beasiswa juga anak itu, ya. Kita lihat umurnya berapa. Kita jangan ragu-ragu. Prestasi, hormati, beri penghargaan. Cepat.

Salah satu kekurangan bangsa kita adalah pelit, pelit memberi penghargaan, ya. Tapi saya senang sekarang. Panglima TNI dan Kapolri tidak pelit. Berprestasi, naikin pangkat. Apa ruginya? Ya, kan. Kalau yang sipil-sipil, berprestasi, kalau masih sekolah, kasih beasiswa, sekolahkan ke mana, ya. Yang nakal-nakal, bina lagi, enggak apa-apa, ya, kan. Saya dulu waktu muda, ya, tergolong murid yang ya, agak nakal juga.

Saya kira itu dari saya. Terima kasih sekali lagi.

Wassalamualaikum warahmatullahi wabarakatuh,
Salam sejahtera untuk kita sekalian,
Syalom,
Salve,
Om santi santi santi om,
Namo Buddhaya, 
Salam kebajikan.

Semoga Tuhan Maha Besar, Allah Swt., senantiasa melindungi Saudara-saudara sekalian, melindungi anak-anak kita. Semoga seterusnya terus semangat, terus bekerja keras. Belajar, belajar, belajar, untuk nanti Saudara-saudara angkat orang tuamu ke tempat yang lebih baik.",24811,utf-8,24459,3484,60,1452ea654813e9675ec6c863ef5f68f47d796cdbf5a01f7171d75abe5b0341cf,Peresmian 166 Sekolah,national,filename_contains_national_event_keyword,,date_not_found,id,https://setkab.go.id/sambutan-presiden-republik-indonesia-pada-peresmian-166-sekolah-rakyat-di-34-provinsi-di-balai-besar-pendidkan-pelatihan-kesejahteran-sosial-banjarmasin-kota-banjarbaru-provinsi-kalimantan-selatan/,setkab.go.id,VALID_SETKAB_DOMAIN_OFFLINE,MISSING_EVENT_DATE,"Bismillahirrahmanirrahim,

Assalamu'alaikum warahmatullahi wabarakatuh,
Selamat pagi oh sudah selamat siang,
Salam sejahtera bagi kita sekalian,
Syalom,
Salve,
Om swastiastu,
Namo Buddhaya, 
Salam kebajikan.

Yang saya hormati, Menteri Sosial Saudara Saifullah Yusuf sebagai penyelenggara, Wakil Menteri Sosial Saudara Agus Jabo Priyono bersama seluruh jajaran Kementerian Sosial;
Menteri Koordinator Pemberdayaan Masyarakat, Saudara Abdul Muhaimin Iskandar; Para menteri koordinator, para menteri, para kepala badan, Panglima TNI, Kapolri, serta seluruh anggota Kabinet Merah Putih, para wakil menteri, wakil kepala badan yang hadir, yang saya hormati;
Para kepala daerah yang hadir, Gubernur Kalimantan Selatan Saudara Muhidin yang saya hormati, Gubernur Jawa Timur Saudari Khofifah Indar Parawansa yang saya hormati, Gubernur Jambi Saudara Al Haris yang saya hormati, Gubernur Sulawesi Tenggara Saudara Andi Sumangerukka, Gubernur Nusa Tenggara Timur Saudara Emanuel Melkiades Laka yang saya hormati; Gubernur Maluku Utara Saudari Sherly Tjoanda, kok yang tepuk tangan Gubernur Maluku Utara;
Gubernur Nusa Tenggara Barat Saudara Lalu Muhamad Iqbal yang saya hormati.

Para gubernur, para bupati, dan wali kota, mungkin yang hadir juga ini banyak sekali bupati, ini bupati yang hadir di sini, ya? Bupati Ogan Komering Ulu Saudara Teddy Meilwansyah, Bupati Kepulauan Anambas Saudara Aneng, Bupati Natuna Saudara Cen Sui Lan, Bupati Kaur Saudara Gusril Pausi, Bupati Lampung Selatan Saudara Radityo Egy Pratama, Bupati Lebak Saudara Moch. Hasbi Asyidiki Jayabaya, Bupati Pandeglang Saudari R. Dewi Setiani, Bupati Sumedang Saudara Dony Ahmad Munir, Bupati Kuningan Saudara Dian Rachmat Yanuar, Bupati Majalengka Saudara Eman Suherman, Bupati Wonosobo Saudara Agus Subagiyo, Bupati Cilacap Saudara Syamsul Auliya Rachman, Bupati Rembang Saudara Harno, Bupati Sragen Saudara Sigit Pamungkas, Bupati Katingan Saudara Saiful, Bupati Barito Kuala Saudara Bahrul Ilmi, Bupati Bua Lemo Saudara Rum Pagau, Bupati Pangkajene Kepulauan Saudara Muhammad Yusran Lalogau, Bupati Soppeng Saudara Suwardi Haseng, Bupati Buton Tengah Saudara Azhari, Bupati Maluku Tengah Saudara Zulkarnain Awat Amir, Bupati Bone Saudara Andi Asman Sulaiman, Wali Kota Bandar Lampung Saudari Eva Dwiana, Wali Kota Cirebon Saudara Effendi Edo, Wali Kota Kediri Saudari Vinanda Prameswari, Prameswati, sorry, ya, Wali Kota Blitar Saudara Syauqul Muhibbin, Wali Kota Pasuruan Saudara Adi Wibowo, Wali Kota Palangkaraya Saudara Fairid Naparin, Wali Kota Banjarbaru Saudari Erna Lisa Halaby.

Menko-Menko yang hadir tadi, ya, Menteri Koordinator Pembangunan Manusia dan Kebudayaan Saudara Pratikno, tadi Saudara Muhaimin sudah tadi saya sebut, Menteri Sekretaris Negara, Prasetyo Hadi, Saudara Prasetyo Hadi, Menteri Luar Negeri Saudara Sugiono, Menteri Pendidikan Dasar dan Menengah Profesor Abdul Mu'ti, Menteri Pendidikan Tinggi, Sains, dan Teknologi Profesor Brian Yuliarto, Menteri Komunikasi dan Digital Saudara Meutya Viada Hafid, yang saya hormati Menteri Pekerjaan Umum Saudara Dody Hanggodo, Menteri Pendayagunaan Aparatur Negara dan Reformasi Bidokrasi Saudari Rini Widyantini, Menteri Pemberdayaan Perempuan dan Perlindungan Anak Saudari Arifah Choiri Fauzi, Menteri Perhubungan Saudara Dudy Purwagandhi.

Tadi Panglima TNI Jenderal TNI Agus Subiyanto, Kapolri Jenderal Polisi Listyo Sigit Prabowo tadi sudah disebut, Sekretaris Kabinet RI Letkol Teddy Indra Wijaya, Kepala Staf Kepresidenan Saudara Muhammad Qodari, Kepala Badan Komunikasi Pemerintah Saudara Angga Raka Prabowo. Nama Prabowo kok, banyak sekali ini. Pasti orang baik, yang namanya Prabowo ini, mudah-mudahan, insyaallah. Kepala Badan Pusat Statistik Saudari Amalia Widyasanti, Kepala Badan Pengawasan Keuangan dan Pembangunan Saudara Muhammad Yusuf Ateh. Kau asal mana ya, Pak Ateh? Sunda? Ha? Palembang-Sunda? Oke. Kepala Badan Percepatan Pengentasan Kemiskinan Saudara Budiman Sudjatmiko. Ada? Coba dicatat ini. Ini sambil saya absen, ini absen sebetulnya ini. Kepala Perpustakaan Nasional RI Saudara Aminudin Aziz, ya, bagus hadir, saya catat ini. Wakil Menteri Kesehatan Saudara Benjamin Paulus Octavianus, Wakil Menteri Dalam Negeri Saudara Letnan Jenderal Polisi Akhmad Wiyagus, Wakil Menteri Agraria dan Tata Ruang Saudara Ossy Dermawan, terima kasih.

Saudara-saudara,
Terima kasih kesabaran Saudara-saudara. Kenapa saya bacakan satu-satu? Karena mereka sudah membuat atau mengeluarkan suatu usaha, tenaga, mereka meluangkan waktu mereka hadir jauh-jauh ke sini, jadi saya kira pantas untuk disebut. Eh, Menteri [Kepala] Bappenas, belum, ya? Wah, enggak ada ini, [Kepala] Bappenas di sini, wah, aduh, gimana? Hah? Mana, sekpri? Gimana, sekpri? Ngarang,kau. Wah, pelakunya ini. Sekpri saya, Saudara Agung Surahman akan menikah tanggal 18, 18 Januari ini, hari Sabtu. Berapa hari sebelum menikah, masih mau kerja, masih mau masuk. Jadi walaupun tadi agak kurang, ya saya maafkan, lah. Apa? Enggak dengar saya, kau. Kaget saya pagi-pagi, ""Saya ikut, Pak"", ""Lo, kau kan, mau menikah sebentar lagi, sudah siap semua?"", ""Sudah, Pak, sudah siap semua"", masih mau hadir, ya, walaupun kurang-kurang dikit, ya. Profesor Rahmat Pambudi [Menteri PPN/Kepala Bappenas], terima kasih. Kenapa kau buka kopiah? Supaya kelihatan pintar. Jadi, kalau orang botak itu pasti pintar. Orang pintar belum tentu botak tapi kalau orang botak pasti pintar, dan saya beruntung karena tim saya banyak orang botak. Di sini ada berapa dirut? Dirut Agrinas Pangan, ini orang dari Timor Timur tadinya, tapi loyal sama merah-putih, ikut ke sini, beliau namanya Joao Mota, namanya panjang sekali, Joao Angelo De Sousa Mota, benar? Kepala juga mulai botak, pintar pasti.

Saudara-saudara sekalian,
Saya hari ini sangat bahagia, Saudara-saudara sekalian. Saya ucapkan terima kasih kepada semua unsur dan semua K/L, semua lembaga, semua elemen yang telah bekerja mewujudkan suatu langkah. Menurut saya ini langkah, langkah terobosan, langkah berani, terima kasih semuanya, kita telah mewujudkan upaya ini. Dan, saya terus terang saja cukup bahagia, cukup besar hati, saya terharu sebetulnya, melihat dampak daripada upaya kita. Yang saya katakan Saudara-saudara, cara bernegara, cara bernegara. Oh iya, ini saya lihat ada asisten khusus saya juga, Saudara Yuza, botak juga, kan? Saya punya dua asisten khusus, ya, di bidang komunikasi, yang nyusun pidato-pidato saya, yang satu namanya Agung juga, Acil, orang Garut, ya. You lihat, kan, dua-duanya botak, kan? Nah, jadi teori saya benar, mereka pintar-pintar, dan memang mereka pintar-pintar, terima kasih.

Jadi Saudara-saudara,
Cara berpikir, dan cara berpikir tentang bernegara, cara berpikir tentang pembangunan yang konvensional, yang normatif adalah membangun pertumbuhan, ya, dan ada pemikiran selama ini, ya, pemikiran neoliberal, biar yang kaya enggak apa-apa 0,1 persen, lama-lama menurut teori ini, karena pertumbuhan, kekayaan menumpuk, enggak apa-apa menumpuk di atas, lama-lama akan menetes ke bawah. Nah, ini teori, tapi kenyataannya menetesnya kapan sampai ke bawah? Jangan-jangan menetesnya 300 tahun, kita sudah mati semua. Ini menurut saya, tidak tepat untuk kita, untuk negara seperti kita, yang pernah dijajah, yang merdeka karena perjuangan, merdeka karena ratusan tahun perjuangan, di mana waktu kita merdeka, ya, sebagian besar rakyat kita, ya, tidak punya apa-apa. Kemudian kita bangun, bagus pertumbuhan, ternyata kalau kita hanya mengejar pertumbuhan, dan tidak melihat, tidak berani melihat, pertumbuhan ini benar-benar dirasakan enggak oleh rakyat yang paling bawah? Nah, di situ, disitu tugas para pemimpin. Kita harus berani melihat, kita harus berani melihat kekurangan kita, dan kita harus ambil langkah. Langkah kita harus berani.

Saudara-saudara,
Pertumbuhan harus disertai oleh pemerataan suatu sistem yang tidak cepat. Mengusahakan, mengupayakan pemerataan, sistem itu kurang bermanfaat bagi sebuah bangsa. Saya ingatkan Saudara-saudara sekalian, tujuan bernegara kita, tujuan kita merdeka adalah untuk membawa kesejahteraan, kehidupan yang lebih baik untuk seluruh rakyat Indonesia. Berkali-kali, pendiri-pendiri bangsa kita menggarisbawahi itu, ada dalam Pembukaan Undang-Undang Dasar 1945. Kita harus memajukan kesejahteraan umum, dan juga, yang pertama kita melindungi segenap tumpah darah Indonesia. Melindungi apa? Melindungi dari mana? Melindungi dari ancaman. Ancaman apa? Melindungi dari ancaman kelaparan, melindungi dari ancaman kemiskinan, melindungi dari ancaman penderitaan, melindungi dari ancaman penyakit, ini tujuan kita merdeka. Untuk apa kita merdeka? Kita punya lagu kebangsaan, apa lagu kebangsaan itu hanya untuk dinyanyikan?

Saudara-saudara sekalian,
Saya ingatkan kembali ke semua unsur, terutama orang-orang pintar. Saudara-saudara, kita bernegara untuk memperbaiki kehidupan seluruh rakyat Indonesia, bukan segelintir rakyat, seluruh rakyat Indonesia, itu tujuan bernegara. Dan, untuk itu, saya berterima kasih, waktu saya memang melakukan perintisan karier sebagai prajurit, prajurit TNI karena TNI memang adalah tentara rakyat, TNI dari tahun awal kemerdekaan seterusnya, selalu berada di tempat-tempat yang paling susah. Hari ini pun, TNI bersama Polri terjun di tempat yang paling susah di mana rakyat menderita akibat bencana di Sumatra dan di beberapa tempat, bersama lembaga-lembaga lain, bersama relawan, tapi TNI dan Polri terjun. TNI dan Polri sebenarnya adalah satu, adalah satu, karena TNI dan Polri lahir dari perjuangan kemerdekaan. Saya selalu ingatkan, ya memang kalau negara yang maju, seolah-olah maju, negara Barat, negara apa, tuh, seolah mau pisahkan, polisi urusannya hanya kamtibmas. Lahirnya republik, polisi ikut perang, polisi ikut perang. Di awal, karena kita enggak punya anggaran, kita tidak jelas, awal republik, lahirnya republik. Jadi khusus di Indonesia dan dulu pernah kita jadi satu, tapi enggak apa-apa, yang penting adalah sifat, nafas, semangat, kesadaran, kesadaran berbangsa, cinta tanah air, ini yang paling penting. Dan, saya melihat, hari ini kita buktikan, semua unsur ikut, dan tidak kecil peranan para gubernur dan para bupati kita.

Dan, saya terima kasih, program-program kita berhasil karena dukungan semua, dukungan bupati, dukungan wali kota, dukungan gubernur, dukungan pimpinan polisi, pimpinan tentara, dukungan semua, ke K/L-K/L di mana-mana. Ini bukti kita berbuat sehingga anak-anak kita hari ini, yang tadinya mungkin sulit sekolah, sekarang mereka punya harapan. Saya terkesima hari ini, terus terang saja, terkesima. Bisa ada anak yang tidak punya dalam beberapa bahasa, luar biasa, yang mereka itu, yang bahasa Inggrisnya, menurut saya luar biasa, karena saya besar di luar negeri. Kalau saya bahasa Inggrisnya bagus, ya wajar, saya pernah tinggal di daerah-daerah situ. Tapi anak ini, saya kagum juga sama dia tadi. Siapa namanya itu, ya? Nanti yang...tadi itu yang berbahasa bagus itu, semua ya nanti suruh menghadap saya, ya. Mungkin bagusnya kita kirim juga ke luar negeri, kira-kira, gimana setuju, enggak? Dan, saya kagum, masa baru enam bulan tadi saya lihat, sudah ada yang juara olimpiade ini, juara itu, luar biasa. Juara Olimpiade Matematika, luar biasa, saya sangat terkesima, saya sangat terharu, bahkan. Mudah-mudahan kamera enggak menuju ke saya tadi, sulit saya tahan air mata juga. Sama dengan medsos [media sosial]. Kita terharu, kita keluar air mata karena apa? Karena bangga, karena bahagia, melihat anak-anak kita. Dan, kita tergerak, teringat. Kenapa kita teringat? Bayangkan, bayangkan, kalau waktu itu kita, saya dan menteri-menteri, tidak ambil sikap yang berani, mari kita berbuat yang mungkin tidak lazim. Kita bikin sekolah yang terbaik, sekolah berasrama untuk mereka-mereka yang mungkin tidak punya harapan, mereka yang dari keluarga yang kondisinya tertinggal.

Saudara-saudara, Anak-anak, Anak-anak Sekolah Rakyat, Murid-murid, Anak-anakku,
Jangan kau kecil hati, jangan kau malu, orang tuamu hanya buruh atau hanya petani miskin, atau hanya tukang pemulung, jangan kau malu. Mereka, mereka mulia, mereka kerja keras, halal, bekerja dengan keringat untuk masa depanmu. Jangan pernah kecil hati. Hormati orang tuamu, kalau perlu kau pulang, kau sungkem, kau cium kaki orang tuamu. Jangan pernah kau malu. Mereka lebih mulia dari orang-orang pintar, tapi koruptor-koruptor yang berkhianat kepada negara dan bangsa. Saya lebih hormat sama pemulung, saya lebih hormat dengan dengan tukang becak yang kerja dengan keringat daripada mereka yang pintar-pintar tapi mencuri uang rakyat, saya lebih hormat. Karena presiden, ya saya boleh bicara, iya, kan?

Saudara-saudara,
Jadi, saya tidak mau anak-anak SR (Sekolah Rakyat) ya, memang jangan sekali-sekali. Selalu, selalu hormati orang tuamu. Kalau dia belum mampu, bukan salah dia, bukan salah orang tuamu. Memang negara kita belum mampu memberi terbaik untuk semua rakyat. Tapi kita akan berjuang keras, kita berjuang keras, supaya semua kekayaan negara akan dirasakan oleh seluruh rakyat Indonesia.

Saya kira saya tidak mau panjang lebar pidato, ya, nanti bisa kebablasan ini, karena saya kalau sudah begini, ya, bisa dua-tiga jam pidato saya. Apalagi saya lihat ada kopi di sini. Saya minta izin, boleh minum kopi? Boleh? Izinnya ke siapa, ya? Saya minta izin minum, ya. Biasanya kalau habis satu cangkir itu, pidato saya tiga jam. Masih kuat dengar saya? Benar? Benar? Anak-anakku, mau dengar aku terus? Yang anak-anak pengin, hanya menteri-menteri saya capai. Karena menteri-menteri saya, tiga kali atau empat kali seminggu dengar pidato semacam ini, dia. Tapi saya, enggak, saya benar-benar bahagia hari ini, kementerian-kementerian saya, kabinet saya, saya merasakan kompak. Jangan percaya orang-orang yang terlalu pintar, ya, yang ngomong di mana, di sosmed [social media], menganalisa, terjadi sesuatu perpecahan di antara lingkungannya Prabowo, wah, seru. Saya sendiri, saya sendiri, tertarik, dari mana ini?

Tapi enggak, saya merasa kerja keras, kompak, teamwork yang luar biasa, ya, sehingga kita mencapai keberhasilan demi keberhasilan, bukti demi bukti. Desember 31, 2025. Saya ulangi, Desember 31, tahun 2025, resmi Indonesia mencapai swasembada beras. Di tengah tahun 2024 dan 2025, Indonesia mengalami El Nino dilanjutkan dengan kekeringan berkepanjangan, kita bisa mengatasi, dan kita bisa menghasilkan produksi beras tertinggi sepanjang sejarah Republik Indonesia. Cadangan beras kita di gudang pemerintah hari ini, tertinggi selama sejarah Republik Indonesia, Saudara-saudara, dan kita akan terus memperkuat, terus memperkuat. Sebentar lagi, kita swasembada jagung untuk pakan para petani dan peternak. Habis itu, kita akan swasembada di bidang-bidang lain. Juga, hari ini kita berhasil melihat dan meresmikan 166 Sekolah Rakyat. Sasaran kita adalah 500 Sekolah Rakyat sampai tahun 2029, insyallah akan tercapai.

Dan, saya minta maaf kami masih belum bisa menghasilkan lebih banyak daripada yang sekarang, ini pun usahanya sudah luar biasa. Dan, saya untuk itu, saya sampaikan penghormatan saya sebesar-besarnya kepada Menteri Sosial dan jajarannya yang bekerja keras. Tentunya didukung oleh para Menko, ya, Pak Muhaimin, Profesor Pratik, didukung oleh menteri-menteri Dikdasmen, [Kementerian] Dikti dan Sains, Menteri Agama. Semua menteri-menteri yang dukung ini luar biasa. Dan, saya percaya di ujungnya kita akan capai target kita 500 [SR] dan tiap sekolah nanti ujungnya, sasaran kita adalah tiap sekolah adalah 1.000 murid, 1.000 murid. Kalau hari ini baru sampai 15.000 [murid], tapi saya dilaporkan mungkin akhir tahun ini akan mencapai 30.000. Tapi, ujungnya sasaran kita adalah tiap kampus, sekolah, rakyat adalah 1.000 murid, berarti sasaran kita nanti 500.000, 500.000 murid.

Cita-cita saya di akhir masa jabatan saya, tahun 2029, bahwa mereka yang berada di kemiskinan ekstrem, Desil 1 dan 2, bisa kita ubah nasibnya, kita bisa hilangkan kemiskinan ekstrem di Indonesia. Saya percaya itu bisa terjadi. Keberhasilan-keberhasilan kita sangat banyak, tapi kalau saya rinci di sini saya kira panjang sekali. Bukan kita sombong, bukan kita membangga-banggakan, tapi kita harus, kita harus bangga dengan prestasi, kita harus bangga dengan bukti, ya. Tidak boleh kita tidak mengerti keberhasilan. Kita tidak boleh menjadi bangsa yang rendah diri. Rendah hati boleh, jangan rendah diri, jangan inferior. Kalau Indonesia selalu jelek, enggak boleh, tidak benar. Indonesia berprestasi, Indonesia bisa berprestasi, Indonesia akan berprestasi, dan Indonesia akan bangkit menjadi negara yang baik, negara yang maju, negara yang sejahtera.

Saudara-saudara,
Di tengah kondisi dunia yang penuh gejolak, penuh ketidakpastian, kita bersyukur negara kita masih dalam keadaan yang baik, potensi kita sangat besar, kekayaan kita sangat banyak. Tidak gampang puluhan tahun, kekayaan kita kurang tertib dikelola. Tidak mudah, banyak orang mengejek saya, saya tahu. Sebetulnya enggak banyak, segelintir orang saja, hanya dia mungkin punya uang, dia punya sarana, dia bisa menyebarkan, dia bisa menyebarkan sinisme, pesimisme, dan kemungkinan besar mereka dibayar oleh kekuatan-kekuatan asing. Itu keyakinan saya, kepercayaan saya. Kalau orang Indonesia yang bersih, jujur, pasti melihat, yang benar adalah benar, yang tidak benar adalah tidak benar. Kita berbuat yang baik, berbuat yang benar masih dicaci-maki, tapi tidak apa-apa, kita tidak ragu-ragu.

Saya hari ini merasa bahwa tekad kita benar dan dibuktikan benar. Setelah enam bulan kita melihat keadaan anak-anak kita seperti ini, luar biasa ini, ya. Jadi sekali lagi, sekali lagi, saya mengajak semua, seluruh bangsa Indonesia selalu, mari kita bersatu, mari kita kerja sama untuk menghilangkan kemiskinan dan kelaparan dari Indonesia. Kita bangkitkan semua kehidupan bangsa Indonesia. Pendidikan adalah sarana, sarana yang paling benar untuk menghilangkan kemiskinan. Tapi pendidikan butuh uang. Uang kita kalau dicuri, kalau dikorupsi, kurang untuk membangun semua sekolah yang kita ingin bangun, Saudara-saudara, semua kampus yang kita ingin bangun.

Saudara-saudara,
Kita kekurangan dokter, kita kekurangan ratusan ribu dokter. Rakyat kita perlu dokter, perlu dokter gigi. Tidak bisa hanya dengan bicara, dengan memfitnah, menghardik, mengejek, tidak bisa. Kita harus buka sekolah-sekolah, kampus-kampus yang banyak. Dan, saya akan buktikan kepada seluruh rakyat Indonesia, dalam waktu dekat, kita akan buka kampus-kampus kedokteran. Dan, di kampus kedokteran ini, dan rencana saya, kampus-kampus kedokteran, kampus-kampus teknik dan yang sebagainya, nanti dibuka untuk semua anak-anak Indonesia dan mereka tidak boleh bayar, dibayar oleh negara. Saya ingin anaknya tukang pemulung bisa jadi insinyur, bisa jadi dokter, bisa jadi pengusaha, bisa jadi jenderal, itu cita-cita saya, Saudara-saudara. Saya akan bangga melihat itu.

Sekali lagi, kita harus berani. Siapa berani dia menang, berani berbuat. Sebelum berbuat, berani melihat keadaan yang sebenarnya. Berani melihat kesulitan, berani menghadapi kesulitan. Jangan lari dari kesulitan, jangan menutupi kesulitan. Lihat kesulitan, hadapi, atasi. Baru kita bangkit sebagai bangsa. Terima kasih. Cukup?

Saudara-saudara,
Karena saya harus ada acara lagi di Balikpapan, meresmikan suatu kilang, suatu modernisasi kilang minyak di Balikpapan. Dengan modernisasi kilang minyak ini, kita akan menghemat devisa yang banyak. Kita tidak perlu lagi impor-impor terlalu banyak BBM [bahan bakar minyak].

Saudara-saudara,
Kita mengerti, masalah sudah mengerti. Tim saya sudah mengerti, tim saya bekerja keras. Kita hadapi, ada bencana, kita atasi, ya, kan? Ada kesulitan kita atasi. Terima kasih, tim saya semuanya. Di depan rakyat, saya mengatakan, saya bangga dengan prestasi tim saya, dan saya percaya, kita dalam bulan-bulan akan datang, kita akan beri terus-menerus bukti hasil prestasi kepada rakyat Indonesia dalam minggu-minggu, bulan-bulan, dan tahun-tahun mendatang. Tentunya, kami, saya, tidak punya tongkat Nabi Musa. Saya juga tidak punya tongkat Nabi Sulaiman. Tidak bisa seketika. Tapi insyaallah, setapak demi setapak, kita bekerja dengan cepat. Perjalanan seribu kilometer dimulai dengan satu langkah dan kita sudah berbuat banyak langkah, Saudara-saudara sekalian.

Makan Bergizi Gratis (MBG) hari ini, kalau tidak salah, sudah mencapai 58 juta, 58 juta penerima manfaat, 58 juta anak-anak, ibu-ibu hamil, dan lansia menerima makan tiap hari, tiap hari sekolah, ya. Tapi kalau yang ibu-ibu hamil, tujuh hari diberi. Lima puluh delapan juta [penerima manfaat], dalam satu tahun. Negara mana yang bisa berbuat itu? Negara mana? Dan, total sudah kita beri makan itu, kalau tidak salah tiga miliar porsi sudah kita cetak, Saudara-saudara sekalian. Ini prestasi. Dan, insyaallah paling lambat akhir tahun ini, kita akan sampai sasaran kita, 82 juta lebih penerima manfaat. Kalau Januari saja sudah 58 juta, saya percaya kita akan capai [bulan] Desember. Walaupun Kepala BGN [Badan Gizi Nasional] mengatakan, ""Tidak, Pak, kami akan lebih cepat dari Desember."" Oke, jangan dipaksa. Teliti. Buat yang terbaik. Kita juga akan melihat beroperasinya minimal 25 ribu Koperasi Merah Putih. Dari rencana kita 81 ribu, kita yakin bulan Maret-April akan berfungsi beroperasi 25 ribu koperasi. Berarti akhir Desember, saya berharap akan mencapai minimal 60 ribu Koperasi Merah Putih, Desember 2026. Artinya, ekonomi kita akan bangkit di semua bidang.

Saya kira itu. Terima kasih sekali lagi, semua unsur yang bekerja keras untuk Sekolah Rakyat. Terima kasih anak-anakku, atas semangatmu. Guru-guru, terima kasih. Kepala sekolah, terima kasih. Saya minta dibina dengan baik. Guru harus selalu memberi contoh, ya, guru harus memberi contoh. Saya minta para guru selalu memberi yang terbaik, memberi contoh. Tampil di depan murid harus dalam keadaan yang baik, yang tertib, yang rapi, ya. Kalau perlu saya minta juga bantuan TNI dan Polri secara bergilir, mungkin mengirim beberapa perwira untuk bantu, mungkin dikunjungi bergiliran dan dibina, diberi cara berpakaian yang baik, cara pakai dasi yang baik, ya, cara pakai baret yang baik. Saya minta Seskab dan Mensesneg bantu Mensos, bantu Menko-Menko. Dilihat lagi, ya, kan, yang mungkin kurang apa, kita perbaiki, ya, kan. Kalau ada baret-baret yang kekecilan diganti yang tidak kekecilan, ya.

Jadi Saudara-saudara,
Anak-anak Indonesia yang akan digembleng di candradimuka tadi, candradimuka Sekolah Rakyat harus dibina dengan baik. Penampilannya harus baik. Luar biasa tadi yang dari Pasuruan, ya? Hebat sekali, lo, komandannya suruh menghadap saya nanti. Saya kira tidak kalah dengan SMA Taruna Nusantara (TN). Sikapnya itu, lo. Balik kanannya itu luar biasa, saya belum pernah lihat, enggak tahu saya. Pak Sugiono, kepala lembaga, ya? Kau kepala lembaga TN, ya? Kau lulusan TN, ya? Enggak yakin so, balik kananmu sama dengan ini. Tapi kamu sudah menteri, saya enggak mau uji kamu. Duduk, duduk, duduk. Gila, ya. Wah, luar biasa.

Saya ini, saya ini orang Jawa tapi dari Banyumas. Setengah Banyumas, setengah Sulawesi. Jadi kalau orang Banyumas itu agak beda dengan orang Solo. Mana, ada orang Solo di sini? Kalau orang Solo itu bicaranya halus, ya, kan? Kalau Banyumas itu bisa-bisa orang Banyumas itu ya, mungkin mirip-mirip Madura lah, kira-kira, ya. Jadi, apa adanya. Kalau tidak benar, saya bilang tidak benar. Tapi kalau baik, saya bilang baik. Kalau hebat, saya bilang hebat. Kalau kagum, walaupun anak kecil, saya kagum tadi. Luar biasa tadi baris-berbarisnya. Mungkin, mungkin kira-kira apa? Kita kasih beasiswa juga anak itu, ya. Kita lihat umurnya berapa. Kita jangan ragu-ragu. Prestasi, hormati, beri penghargaan. Cepat.

Salah satu kekurangan bangsa kita adalah pelit, pelit memberi penghargaan, ya. Tapi saya senang sekarang. Panglima TNI dan Kapolri tidak pelit. Berprestasi, naikin pangkat. Apa ruginya? Ya, kan. Kalau yang sipil-sipil, berprestasi, kalau masih sekolah, kasih beasiswa, sekolahkan ke mana, ya. Yang nakal-nakal, bina lagi, enggak apa-apa, ya, kan. Saya dulu waktu muda, ya, tergolong murid yang ya, agak nakal juga.

Saya kira itu dari saya. Terima kasih sekali lagi.

Wassalamualaikum warahmatullahi wabarakatuh,
Salam sejahtera untuk kita sekalian,
Syalom,
Salve,
Om santi santi santi om,
Namo Buddhaya, 
Salam kebajikan.

Semoga Tuhan Maha Besar, Allah Swt., senantiasa melindungi Saudara-saudara sekalian, melindungi anak-anak kita. Semoga seterusnya terus semangat, terus bekerja keras. Belajar, belajar, belajar, untuk nanti Saudara-saudara angkat orang tuamu ke tempat yang lebih baik.","bismillahirrahmanirrahim,

assalamu'alaikum warahmatullahi wabarakatuh,
selamat pagi oh sudah selamat siang,
salam sejahtera bagi kita sekalian,
syalom,
salve,
om swastiastu,
namo buddhaya, 
salam kebajikan.

yang saya hormati, menteri sosial saudara saifullah yusuf sebagai penyelenggara, wakil menteri sosial saudara agus jabo priyono bersama seluruh jajaran kementerian sosial;
menteri koordinator pemberdayaan masyarakat, saudara abdul muhaimin iskandar; para menteri koordinator, para menteri, para kepala badan, panglima tni, kapolri, serta seluruh anggota kabinet merah putih, para wakil menteri, wakil kepala badan yang hadir, yang saya hormati;
para kepala daerah yang hadir, gubernur kalimantan selatan saudara muhidin yang saya hormati, gubernur jawa timur saudari khofifah indar parawansa yang saya hormati, gubernur jambi saudara al haris yang saya hormati, gubernur sulawesi tenggara saudara andi sumangerukka, gubernur nusa tenggara timur saudara emanuel melkiades laka yang saya hormati; gubernur maluku utara saudari sherly tjoanda, kok yang tepuk tangan gubernur maluku utara;
gubernur nusa tenggara barat saudara lalu muhamad iqbal yang saya hormati.

para gubernur, para bupati, dan wali kota, mungkin yang hadir juga ini banyak sekali bupati, ini bupati yang hadir di sini, ya? bupati ogan komering ulu saudara teddy meilwansyah, bupati kepulauan anambas saudara aneng, bupati natuna saudara cen sui lan, bupati kaur saudara gusril pausi, bupati lampung selatan saudara radityo egy pratama, bupati lebak saudara moch. hasbi asyidiki jayabaya, bupati pandeglang saudari r. dewi setiani, bupati sumedang saudara dony ahmad munir, bupati kuningan saudara dian rachmat yanuar, bupati majalengka saudara eman suherman, bupati wonosobo saudara agus subagiyo, bupati cilacap saudara syamsul auliya rachman, bupati rembang saudara harno, bupati sragen saudara sigit pamungkas, bupati katingan saudara saiful, bupati barito kuala saudara bahrul ilmi, bupati bua lemo saudara rum pagau, bupati pangkajene kepulauan saudara muhammad yusran lalogau, bupati soppeng saudara suwardi haseng, bupati buton tengah saudara azhari, bupati maluku tengah saudara zulkarnain awat amir, bupati bone saudara andi asman sulaiman, wali kota bandar lampung saudari eva dwiana, wali kota cirebon saudara effendi edo, wali kota kediri saudari vinanda prameswari, prameswati, sorry, ya, wali kota blitar saudara syauqul muhibbin, wali kota pasuruan saudara adi wibowo, wali kota palangkaraya saudara fairid naparin, wali kota banjarbaru saudari erna lisa halaby.

menko-menko yang hadir tadi, ya, menteri koordinator pembangunan manusia dan kebudayaan saudara pratikno, tadi saudara muhaimin sudah tadi saya sebut, menteri sekretaris negara, prasetyo hadi, saudara prasetyo hadi, menteri luar negeri saudara sugiono, menteri pendidikan dasar dan menengah profesor abdul mu'ti, menteri pendidikan tinggi, sains, dan teknologi profesor brian yuliarto, menteri komunikasi dan digital saudara meutya viada hafid, yang saya hormati menteri pekerjaan umum saudara dody hanggodo, menteri pendayagunaan aparatur negara dan reformasi bidokrasi saudari rini widyantini, menteri pemberdayaan perempuan dan perlindungan anak saudari arifah choiri fauzi, menteri perhubungan saudara dudy purwagandhi.

tadi panglima tni jenderal tni agus subiyanto, kapolri jenderal polisi listyo sigit prabowo tadi sudah disebut, sekretaris kabinet ri letkol teddy indra wijaya, kepala staf kepresidenan saudara muhammad qodari, kepala badan komunikasi pemerintah saudara angga raka prabowo. nama prabowo kok, banyak sekali ini. pasti orang baik, yang namanya prabowo ini, mudah-mudahan, insyaallah. kepala badan pusat statistik saudari amalia widyasanti, kepala badan pengawasan keuangan dan pembangunan saudara muhammad yusuf ateh. kau asal mana ya, pak ateh? sunda? ha? palembang-sunda? oke. kepala badan percepatan pengentasan kemiskinan saudara budiman sudjatmiko. ada? coba dicatat ini. ini sambil saya absen, ini absen sebetulnya ini. kepala perpustakaan nasional ri saudara aminudin aziz, ya, bagus hadir, saya catat ini. wakil menteri kesehatan saudara benjamin paulus octavianus, wakil menteri dalam negeri saudara letnan jenderal polisi akhmad wiyagus, wakil menteri agraria dan tata ruang saudara ossy dermawan, terima kasih.

saudara-saudara,
terima kasih kesabaran saudara-saudara. kenapa saya bacakan satu-satu? karena mereka sudah membuat atau mengeluarkan suatu usaha, tenaga, mereka meluangkan waktu mereka hadir jauh-jauh ke sini, jadi saya kira pantas untuk disebut. eh, menteri [kepala] bappenas, belum, ya? wah, enggak ada ini, [kepala] bappenas di sini, wah, aduh, gimana? hah? mana, sekpri? gimana, sekpri? ngarang,kau. wah, pelakunya ini. sekpri saya, saudara agung surahman akan menikah tanggal 18, 18 januari ini, hari sabtu. berapa hari sebelum menikah, masih mau kerja, masih mau masuk. jadi walaupun tadi agak kurang, ya saya maafkan, lah. apa? enggak dengar saya, kau. kaget saya pagi-pagi, ""saya ikut, pak"", ""lo, kau kan, mau menikah sebentar lagi, sudah siap semua?"", ""sudah, pak, sudah siap semua"", masih mau hadir, ya, walaupun kurang-kurang dikit, ya. profesor rahmat pambudi [menteri ppn/kepala bappenas], terima kasih. kenapa kau buka kopiah? supaya kelihatan pintar. jadi, kalau orang botak itu pasti pintar. orang pintar belum tentu botak tapi kalau orang botak pasti pintar, dan saya beruntung karena tim saya banyak orang botak. di sini ada berapa dirut? dirut agrinas pangan, ini orang dari timor timur tadinya, tapi loyal sama merah-putih, ikut ke sini, beliau namanya joao mota, namanya panjang sekali, joao angelo de sousa mota, benar? kepala juga mulai botak, pintar pasti.

saudara-saudara sekalian,
saya hari ini sangat bahagia, saudara-saudara sekalian. saya ucapkan terima kasih kepada semua unsur dan semua k/l, semua lembaga, semua elemen yang telah bekerja mewujudkan suatu langkah. menurut saya ini langkah, langkah terobosan, langkah berani, terima kasih semuanya, kita telah mewujudkan upaya ini. dan, saya terus terang saja cukup bahagia, cukup besar hati, saya terharu sebetulnya, melihat dampak daripada upaya kita. yang saya katakan saudara-saudara, cara bernegara, cara bernegara. oh iya, ini saya lihat ada asisten khusus saya juga, saudara yuza, botak juga, kan? saya punya dua asisten khusus, ya, di bidang komunikasi, yang nyusun pidato-pidato saya, yang satu namanya agung juga, acil, orang garut, ya. you lihat, kan, dua-duanya botak, kan? nah, jadi teori saya benar, mereka pintar-pintar, dan memang mereka pintar-pintar, terima kasih.

jadi saudara-saudara,
cara berpikir, dan cara berpikir tentang bernegara, cara berpikir tentang pembangunan yang konvensional, yang normatif adalah membangun pertumbuhan, ya, dan ada pemikiran selama ini, ya, pemikiran neoliberal, biar yang kaya enggak apa-apa 0,1 persen, lama-lama menurut teori ini, karena pertumbuhan, kekayaan menumpuk, enggak apa-apa menumpuk di atas, lama-lama akan menetes ke bawah. nah, ini teori, tapi kenyataannya menetesnya kapan sampai ke bawah? jangan-jangan menetesnya 300 tahun, kita sudah mati semua. ini menurut saya, tidak tepat untuk kita, untuk negara seperti kita, yang pernah dijajah, yang merdeka karena perjuangan, merdeka karena ratusan tahun perjuangan, di mana waktu kita merdeka, ya, sebagian besar rakyat kita, ya, tidak punya apa-apa. kemudian kita bangun, bagus pertumbuhan, ternyata kalau kita hanya mengejar pertumbuhan, dan tidak melihat, tidak berani melihat, pertumbuhan ini benar-benar dirasakan enggak oleh rakyat yang paling bawah? nah, di situ, disitu tugas para pemimpin. kita harus berani melihat, kita harus berani melihat kekurangan kita, dan kita harus ambil langkah. langkah kita harus berani.

saudara-saudara,
pertumbuhan harus disertai oleh pemerataan suatu sistem yang tidak cepat. mengusahakan, mengupayakan pemerataan, sistem itu kurang bermanfaat bagi sebuah bangsa. saya ingatkan saudara-saudara sekalian, tujuan bernegara kita, tujuan kita merdeka adalah untuk membawa kesejahteraan, kehidupan yang lebih baik untuk seluruh rakyat indonesia. berkali-kali, pendiri-pendiri bangsa kita menggarisbawahi itu, ada dalam pembukaan undang-undang dasar 1945. kita harus memajukan kesejahteraan umum, dan juga, yang pertama kita melindungi segenap tumpah darah indonesia. melindungi apa? melindungi dari mana? melindungi dari ancaman. ancaman apa? melindungi dari ancaman kelaparan, melindungi dari ancaman kemiskinan, melindungi dari ancaman penderitaan, melindungi dari ancaman penyakit, ini tujuan kita merdeka. untuk apa kita merdeka? kita punya lagu kebangsaan, apa lagu kebangsaan itu hanya untuk dinyanyikan?

saudara-saudara sekalian,
saya ingatkan kembali ke semua unsur, terutama orang-orang pintar. saudara-saudara, kita bernegara untuk memperbaiki kehidupan seluruh rakyat indonesia, bukan segelintir rakyat, seluruh rakyat indonesia, itu tujuan bernegara. dan, untuk itu, saya berterima kasih, waktu saya memang melakukan perintisan karier sebagai prajurit, prajurit tni karena tni memang adalah tentara rakyat, tni dari tahun awal kemerdekaan seterusnya, selalu berada di tempat-tempat yang paling susah. hari ini pun, tni bersama polri terjun di tempat yang paling susah di mana rakyat menderita akibat bencana di sumatra dan di beberapa tempat, bersama lembaga-lembaga lain, bersama relawan, tapi tni dan polri terjun. tni dan polri sebenarnya adalah satu, adalah satu, karena tni dan polri lahir dari perjuangan kemerdekaan. saya selalu ingatkan, ya memang kalau negara yang maju, seolah-olah maju, negara barat, negara apa, tuh, seolah mau pisahkan, polisi urusannya hanya kamtibmas. lahirnya republik, polisi ikut perang, polisi ikut perang. di awal, karena kita enggak punya anggaran, kita tidak jelas, awal republik, lahirnya republik. jadi khusus di indonesia dan dulu pernah kita jadi satu, tapi enggak apa-apa, yang penting adalah sifat, nafas, semangat, kesadaran, kesadaran berbangsa, cinta tanah air, ini yang paling penting. dan, saya melihat, hari ini kita buktikan, semua unsur ikut, dan tidak kecil peranan para gubernur dan para bupati kita.

dan, saya terima kasih, program-program kita berhasil karena dukungan semua, dukungan bupati, dukungan wali kota, dukungan gubernur, dukungan pimpinan polisi, pimpinan tentara, dukungan semua, ke k/l-k/l di mana-mana. ini bukti kita berbuat sehingga anak-anak kita hari ini, yang tadinya mungkin sulit sekolah, sekarang mereka punya harapan. saya terkesima hari ini, terus terang saja, terkesima. bisa ada anak yang tidak punya dalam beberapa bahasa, luar biasa, yang mereka itu, yang bahasa inggrisnya, menurut saya luar biasa, karena saya besar di luar negeri. kalau saya bahasa inggrisnya bagus, ya wajar, saya pernah tinggal di daerah-daerah situ. tapi anak ini, saya kagum juga sama dia tadi. siapa namanya itu, ya? nanti yang...tadi itu yang berbahasa bagus itu, semua ya nanti suruh menghadap saya, ya. mungkin bagusnya kita kirim juga ke luar negeri, kira-kira, gimana setuju, enggak? dan, saya kagum, masa baru enam bulan tadi saya lihat, sudah ada yang juara olimpiade ini, juara itu, luar biasa. juara olimpiade matematika, luar biasa, saya sangat terkesima, saya sangat terharu, bahkan. mudah-mudahan kamera enggak menuju ke saya tadi, sulit saya tahan air mata juga. sama dengan medsos [media sosial]. kita terharu, kita keluar air mata karena apa? karena bangga, karena bahagia, melihat anak-anak kita. dan, kita tergerak, teringat. kenapa kita teringat? bayangkan, bayangkan, kalau waktu itu kita, saya dan menteri-menteri, tidak ambil sikap yang berani, mari kita berbuat yang mungkin tidak lazim. kita bikin sekolah yang terbaik, sekolah berasrama untuk mereka-mereka yang mungkin tidak punya harapan, mereka yang dari keluarga yang kondisinya tertinggal.

saudara-saudara, anak-anak, anak-anak sekolah rakyat, murid-murid, anak-anakku,
jangan kau kecil hati, jangan kau malu, orang tuamu hanya buruh atau hanya petani miskin, atau hanya tukang pemulung, jangan kau malu. mereka, mereka mulia, mereka kerja keras, halal, bekerja dengan keringat untuk masa depanmu. jangan pernah kecil hati. hormati orang tuamu, kalau perlu kau pulang, kau sungkem, kau cium kaki orang tuamu. jangan pernah kau malu. mereka lebih mulia dari orang-orang pintar, tapi koruptor-koruptor yang berkhianat kepada negara dan bangsa. saya lebih hormat sama pemulung, saya lebih hormat dengan dengan tukang becak yang kerja dengan keringat daripada mereka yang pintar-pintar tapi mencuri uang rakyat, saya lebih hormat. karena presiden, ya saya boleh bicara, iya, kan?

saudara-saudara,
jadi, saya tidak mau anak-anak sr (sekolah rakyat) ya, memang jangan sekali-sekali. selalu, selalu hormati orang tuamu. kalau dia belum mampu, bukan salah dia, bukan salah orang tuamu. memang negara kita belum mampu memberi terbaik untuk semua rakyat. tapi kita akan berjuang keras, kita berjuang keras, supaya semua kekayaan negara akan dirasakan oleh seluruh rakyat indonesia.

saya kira saya tidak mau panjang lebar pidato, ya, nanti bisa kebablasan ini, karena saya kalau sudah begini, ya, bisa dua-tiga jam pidato saya. apalagi saya lihat ada kopi di sini. saya minta izin, boleh minum kopi? boleh? izinnya ke siapa, ya? saya minta izin minum, ya. biasanya kalau habis satu cangkir itu, pidato saya tiga jam. masih kuat dengar saya? benar? benar? anak-anakku, mau dengar aku terus? yang anak-anak pengin, hanya menteri-menteri saya capai. karena menteri-menteri saya, tiga kali atau empat kali seminggu dengar pidato semacam ini, dia. tapi saya, enggak, saya benar-benar bahagia hari ini, kementerian-kementerian saya, kabinet saya, saya merasakan kompak. jangan percaya orang-orang yang terlalu pintar, ya, yang ngomong di mana, di sosmed [social media], menganalisa, terjadi sesuatu perpecahan di antara lingkungannya prabowo, wah, seru. saya sendiri, saya sendiri, tertarik, dari mana ini?

tapi enggak, saya merasa kerja keras, kompak, teamwork yang luar biasa, ya, sehingga kita mencapai keberhasilan demi keberhasilan, bukti demi bukti. desember 31, 2025. saya ulangi, desember 31, tahun 2025, resmi indonesia mencapai swasembada beras. di tengah tahun 2024 dan 2025, indonesia mengalami el nino dilanjutkan dengan kekeringan berkepanjangan, kita bisa mengatasi, dan kita bisa menghasilkan produksi beras tertinggi sepanjang sejarah republik indonesia. cadangan beras kita di gudang pemerintah hari ini, tertinggi selama sejarah republik indonesia, saudara-saudara, dan kita akan terus memperkuat, terus memperkuat. sebentar lagi, kita swasembada jagung untuk pakan para petani dan peternak. habis itu, kita akan swasembada di bidang-bidang lain. juga, hari ini kita berhasil melihat dan meresmikan 166 sekolah rakyat. sasaran kita adalah 500 sekolah rakyat sampai tahun 2029, insyallah akan tercapai.

dan, saya minta maaf kami masih belum bisa menghasilkan lebih banyak daripada yang sekarang, ini pun usahanya sudah luar biasa. dan, saya untuk itu, saya sampaikan penghormatan saya sebesar-besarnya kepada menteri sosial dan jajarannya yang bekerja keras. tentunya didukung oleh para menko, ya, pak muhaimin, profesor pratik, didukung oleh menteri-menteri dikdasmen, [kementerian] dikti dan sains, menteri agama. semua menteri-menteri yang dukung ini luar biasa. dan, saya percaya di ujungnya kita akan capai target kita 500 [sr] dan tiap sekolah nanti ujungnya, sasaran kita adalah tiap sekolah adalah 1.000 murid, 1.000 murid. kalau hari ini baru sampai 15.000 [murid], tapi saya dilaporkan mungkin akhir tahun ini akan mencapai 30.000. tapi, ujungnya sasaran kita adalah tiap kampus, sekolah, rakyat adalah 1.000 murid, berarti sasaran kita nanti 500.000, 500.000 murid.

cita-cita saya di akhir masa jabatan saya, tahun 2029, bahwa mereka yang berada di kemiskinan ekstrem, desil 1 dan 2, bisa kita ubah nasibnya, kita bisa hilangkan kemiskinan ekstrem di indonesia. saya percaya itu bisa terjadi. keberhasilan-keberhasilan kita sangat banyak, tapi kalau saya rinci di sini saya kira panjang sekali. bukan kita sombong, bukan kita membangga-banggakan, tapi kita harus, kita harus bangga dengan prestasi, kita harus bangga dengan bukti, ya. tidak boleh kita tidak mengerti keberhasilan. kita tidak boleh menjadi bangsa yang rendah diri. rendah hati boleh, jangan rendah diri, jangan inferior. kalau indonesia selalu jelek, enggak boleh, tidak benar. indonesia berprestasi, indonesia bisa berprestasi, indonesia akan berprestasi, dan indonesia akan bangkit menjadi negara yang baik, negara yang maju, negara yang sejahtera.

saudara-saudara,
di tengah kondisi dunia yang penuh gejolak, penuh ketidakpastian, kita bersyukur negara kita masih dalam keadaan yang baik, potensi kita sangat besar, kekayaan kita sangat banyak. tidak gampang puluhan tahun, kekayaan kita kurang tertib dikelola. tidak mudah, banyak orang mengejek saya, saya tahu. sebetulnya enggak banyak, segelintir orang saja, hanya dia mungkin punya uang, dia punya sarana, dia bisa menyebarkan, dia bisa menyebarkan sinisme, pesimisme, dan kemungkinan besar mereka dibayar oleh kekuatan-kekuatan asing. itu keyakinan saya, kepercayaan saya. kalau orang indonesia yang bersih, jujur, pasti melihat, yang benar adalah benar, yang tidak benar adalah tidak benar. kita berbuat yang baik, berbuat yang benar masih dicaci-maki, tapi tidak apa-apa, kita tidak ragu-ragu.

saya hari ini merasa bahwa tekad kita benar dan dibuktikan benar. setelah enam bulan kita melihat keadaan anak-anak kita seperti ini, luar biasa ini, ya. jadi sekali lagi, sekali lagi, saya mengajak semua, seluruh bangsa indonesia selalu, mari kita bersatu, mari kita kerja sama untuk menghilangkan kemiskinan dan kelaparan dari indonesia. kita bangkitkan semua kehidupan bangsa indonesia. pendidikan adalah sarana, sarana yang paling benar untuk menghilangkan kemiskinan. tapi pendidikan butuh uang. uang kita kalau dicuri, kalau dikorupsi, kurang untuk membangun semua sekolah yang kita ingin bangun, saudara-saudara, semua kampus yang kita ingin bangun.

saudara-saudara,
kita kekurangan dokter, kita kekurangan ratusan ribu dokter. rakyat kita perlu dokter, perlu dokter gigi. tidak bisa hanya dengan bicara, dengan memfitnah, menghardik, mengejek, tidak bisa. kita harus buka sekolah-sekolah, kampus-kampus yang banyak. dan, saya akan buktikan kepada seluruh rakyat indonesia, dalam waktu dekat, kita akan buka kampus-kampus kedokteran. dan, di kampus kedokteran ini, dan rencana saya, kampus-kampus kedokteran, kampus-kampus teknik dan yang sebagainya, nanti dibuka untuk semua anak-anak indonesia dan mereka tidak boleh bayar, dibayar oleh negara. saya ingin anaknya tukang pemulung bisa jadi insinyur, bisa jadi dokter, bisa jadi pengusaha, bisa jadi jenderal, itu cita-cita saya, saudara-saudara. saya akan bangga melihat itu.

sekali lagi, kita harus berani. siapa berani dia menang, berani berbuat. sebelum berbuat, berani melihat keadaan yang sebenarnya. berani melihat kesulitan, berani menghadapi kesulitan. jangan lari dari kesulitan, jangan menutupi kesulitan. lihat kesulitan, hadapi, atasi. baru kita bangkit sebagai bangsa. terima kasih. cukup?

saudara-saudara,
karena saya harus ada acara lagi di balikpapan, meresmikan suatu kilang, suatu modernisasi kilang minyak di balikpapan. dengan modernisasi kilang minyak ini, kita akan menghemat devisa yang banyak. kita tidak perlu lagi impor-impor terlalu banyak bbm [bahan bakar minyak].

saudara-saudara,
kita mengerti, masalah sudah mengerti. tim saya sudah mengerti, tim saya bekerja keras. kita hadapi, ada bencana, kita atasi, ya, kan? ada kesulitan kita atasi. terima kasih, tim saya semuanya. di depan rakyat, saya mengatakan, saya bangga dengan prestasi tim saya, dan saya percaya, kita dalam bulan-bulan akan datang, kita akan beri terus-menerus bukti hasil prestasi kepada rakyat indonesia dalam minggu-minggu, bulan-bulan, dan tahun-tahun mendatang. tentunya, kami, saya, tidak punya tongkat nabi musa. saya juga tidak punya tongkat nabi sulaiman. tidak bisa seketika. tapi insyaallah, setapak demi setapak, kita bekerja dengan cepat. perjalanan seribu kilometer dimulai dengan satu langkah dan kita sudah berbuat banyak langkah, saudara-saudara sekalian.

makan bergizi gratis (mbg) hari ini, kalau tidak salah, sudah mencapai 58 juta, 58 juta penerima manfaat, 58 juta anak-anak, ibu-ibu hamil, dan lansia menerima makan tiap hari, tiap hari sekolah, ya. tapi kalau yang ibu-ibu hamil, tujuh hari diberi. lima puluh delapan juta [penerima manfaat], dalam satu tahun. negara mana yang bisa berbuat itu? negara mana? dan, total sudah kita beri makan itu, kalau tidak salah tiga miliar porsi sudah kita cetak, saudara-saudara sekalian. ini prestasi. dan, insyaallah paling lambat akhir tahun ini, kita akan sampai sasaran kita, 82 juta lebih penerima manfaat. kalau januari saja sudah 58 juta, saya percaya kita akan capai [bulan] desember. walaupun kepala bgn [badan gizi nasional] mengatakan, ""tidak, pak, kami akan lebih cepat dari desember."" oke, jangan dipaksa. teliti. buat yang terbaik. kita juga akan melihat beroperasinya minimal 25 ribu koperasi merah putih. dari rencana kita 81 ribu, kita yakin bulan maret-april akan berfungsi beroperasi 25 ribu koperasi. berarti akhir desember, saya berharap akan mencapai minimal 60 ribu koperasi merah putih, desember 2026. artinya, ekonomi kita akan bangkit di semua bidang.

saya kira itu. terima kasih sekali lagi, semua unsur yang bekerja keras untuk sekolah rakyat. terima kasih anak-anakku, atas semangatmu. guru-guru, terima kasih. kepala sekolah, terima kasih. saya minta dibina dengan baik. guru harus selalu memberi contoh, ya, guru harus memberi contoh. saya minta para guru selalu memberi yang terbaik, memberi contoh. tampil di depan murid harus dalam keadaan yang baik, yang tertib, yang rapi, ya. kalau perlu saya minta juga bantuan tni dan polri secara bergilir, mungkin mengirim beberapa perwira untuk bantu, mungkin dikunjungi bergiliran dan dibina, diberi cara berpakaian yang baik, cara pakai dasi yang baik, ya, cara pakai baret yang baik. saya minta seskab dan mensesneg bantu mensos, bantu menko-menko. dilihat lagi, ya, kan, yang mungkin kurang apa, kita perbaiki, ya, kan. kalau ada baret-baret yang kekecilan diganti yang tidak kekecilan, ya.

jadi saudara-saudara,
anak-anak indonesia yang akan digembleng di candradimuka tadi, candradimuka sekolah rakyat harus dibina dengan baik. penampilannya harus baik. luar biasa tadi yang dari pasuruan, ya? hebat sekali, lo, komandannya suruh menghadap saya nanti. saya kira tidak kalah dengan sma taruna nusantara (tn). sikapnya itu, lo. balik kanannya itu luar biasa, saya belum pernah lihat, enggak tahu saya. pak sugiono, kepala lembaga, ya? kau kepala lembaga tn, ya? kau lulusan tn, ya? enggak yakin so, balik kananmu sama dengan ini. tapi kamu sudah menteri, saya enggak mau uji kamu. duduk, duduk, duduk. gila, ya. wah, luar biasa.

saya ini, saya ini orang jawa tapi dari banyumas. setengah banyumas, setengah sulawesi. jadi kalau orang banyumas itu agak beda dengan orang solo. mana, ada orang solo di sini? kalau orang solo itu bicaranya halus, ya, kan? kalau banyumas itu bisa-bisa orang banyumas itu ya, mungkin mirip-mirip madura lah, kira-kira, ya. jadi, apa adanya. kalau tidak benar, saya bilang tidak benar. tapi kalau baik, saya bilang baik. kalau hebat, saya bilang hebat. kalau kagum, walaupun anak kecil, saya kagum tadi. luar biasa tadi baris-berbarisnya. mungkin, mungkin kira-kira apa? kita kasih beasiswa juga anak itu, ya. kita lihat umurnya berapa. kita jangan ragu-ragu. prestasi, hormati, beri penghargaan. cepat.

salah satu kekurangan bangsa kita adalah pelit, pelit memberi penghargaan, ya. tapi saya senang sekarang. panglima tni dan kapolri tidak pelit. berprestasi, naikin pangkat. apa ruginya? ya, kan. kalau yang sipil-sipil, berprestasi, kalau masih sekolah, kasih beasiswa, sekolahkan ke mana, ya. yang nakal-nakal, bina lagi, enggak apa-apa, ya, kan. saya dulu waktu muda, ya, tergolong murid yang ya, agak nakal juga.

saya kira itu dari saya. terima kasih sekali lagi.

wassalamualaikum warahmatullahi wabarakatuh,
salam sejahtera untuk kita sekalian,
syalom,
salve,
om santi santi santi om,
namo buddhaya, 
salam kebajikan.

semoga tuhan maha besar, allah swt., senantiasa melindungi saudara-saudara sekalian, melindungi anak-anak kita. semoga seterusnya terus semangat, terus bekerja keras. belajar, belajar, belajar, untuk nanti saudara-saudara angkat orang tuamu ke tempat yang lebih baik.","[""assalamu'alaikum"", ""selamat"", ""pagi"", ""selamat"", ""siang"", ""sejahtera"", ""sosial"", ""saifullah"", ""yusuf"", ""penyelenggara"", ""sosial"", ""agus"", ""jabo"", ""priyono"", ""jajaran"", ""kementerian"", ""sosial"", ""koordinator"", ""pemberdayaan"", ""masyarakat"", ""abdul"", ""muhaimin"", ""iskandar"", ""koordinator"", ""badan"", ""panglima"", ""tni"", ""kapolri"", ""anggota"", ""kabinet"", ""merah"", ""putih"", ""badan"", ""hadir"", ""daerah"", ""hadir"", ""kalimantan"", ""selatan"", ""muhidin"", ""jawa"", ""timur"", ""saudari"", ""khofifah"", ""indar"", ""parawansa"", ""jambi"", ""haris"", ""sulawesi"", ""tenggara"", ""andi"", ""sumangerukka"", ""nusa"", ""tenggara"", ""timur"", ""emanuel"", ""melkiades"", ""laka"", ""maluku"", ""utara"", ""saudari"", ""sherly"", ""tjoanda"", ""tepuk"", ""tangan"", ""maluku"", ""utara"", ""nusa"", ""tenggara"", ""barat"", ""muhamad"", ""iqbal"", ""hadir"", ""hadir"", ""ogan"", ""komering"", ""ulu"", ""teddy"", ""meilwansyah"", ""kepulauan"", ""anambas"", ""aneng"", ""natuna"", ""cen"", ""sui"", ""lan"", ""kaur"", ""gusril"", ""pausi"", ""lampung"", ""selatan"", ""radityo"", ""egy"", ""pratama"", ""lebak"", ""moch"", ""hasbi"", ""asyidiki"", ""jayabaya"", ""pandeglang"", ""saudari"", ""dewi"", ""setiani"", ""sumedang"", ""dony"", ""ahmad"", ""munir"", ""kuningan"", ""dian"", ""rachmat"", ""yanuar"", ""majalengka"", ""eman"", ""suherman"", ""wonosobo"", ""agus"", ""subagiyo"", ""cilacap"", ""syamsul"", ""auliya"", ""rachman"", ""rembang"", ""harno"", ""sragen"", ""sigit"", ""pamungkas"", ""katingan"", ""saiful"", ""barito"", ""kuala"", ""bahrul"", ""ilmi"", ""bua"", ""lemo"", ""rum"", ""pagau"", ""pangkajene"", ""kepulauan"", ""muhammad"", ""yusran"", ""lalogau"", ""soppeng"", ""suwardi"", ""haseng"", ""buton"", ""tengah"", ""azhari"", ""maluku"", ""tengah"", ""zulkarnain"", ""awat"", ""amir"", ""bone"", ""andi"", ""asman"", ""sulaiman"", ""bandar"", ""lampung"", ""saudari"", ""eva"", ""dwiana"", ""cirebon"", ""effendi"", ""edo"", ""kediri"", ""saudari"", ""vinanda"", ""prameswari"", ""prameswati"", ""sorry"", ""blitar"", ""syauqul"", ""muhibbin"", ""pasuruan"", ""adi"", ""wibowo"", ""palangkaraya"", ""fairid"", ""naparin"", ""banjarbaru"", ""saudari"", ""erna"", ""lisa"", ""halaby"", ""menko-menko"", ""hadir"", ""koordinator"", ""pembangunan"", ""manusia"", ""kebudayaan"", ""pratikno"", ""muhaimin"", ""sebut"", ""sekretaris"", ""negara"", ""prasetyo"", ""hadi"", ""prasetyo"", ""hadi"", ""negeri"", ""sugiono"", ""pendidikan"", ""dasar"", ""menengah"", ""profesor"", ""abdul"", ""mu'ti"", ""pendidikan"", ""tinggi"", ""sains"", ""teknologi"", ""profesor"", ""brian"", ""yuliarto"", ""komunikasi"", ""digital"", ""meutya"", ""viada"", ""hafid"", ""pekerjaan"", ""umum"", ""dody"", ""hanggodo"", ""pendayagunaan"", ""aparatur"", ""negara"", ""reformasi"", ""bidokrasi"", ""saudari"", ""rini"", ""widyantini"", ""pemberdayaan"", ""perempuan"", ""perlindungan"", ""anak"", ""saudari"", ""arifah"", ""choiri"", ""fauzi"", ""perhubungan"", ""dudy"", ""purwagandhi"", ""panglima"", ""tni"", ""jenderal"", ""tni"", ""agus"", ""subiyanto"", ""kapolri"", ""jenderal"", ""polisi"", ""listyo"", ""sigit"", ""disebut"", ""sekretaris"", ""kabinet"", ""letkol"", ""teddy"", ""indra"", ""wijaya"", ""staf"", ""kepresidenan"", ""muhammad"", ""qodari"", ""badan"", ""komunikasi"", ""pemerintah"", ""angga"", ""raka"", ""nama"", ""pasti"", ""namanya"", ""mudah-mudahan"", ""insyaallah"", ""badan"", ""pusat"", ""statistik"", ""saudari"", ""amalia"", ""widyasanti"", ""badan"", ""pengawasan"", ""keuangan"", ""pembangunan"", ""muhammad"", ""yusuf"", ""ateh"", ""kau"", ""asal"", ""pak"", ""ateh"", ""sunda"", ""palembang-sunda"", ""oke"", ""badan"", ""percepatan"", ""pengentasan"", ""kemiskinan"", ""budiman"", ""sudjatmiko"", ""coba"", ""dicatat"", ""absen"", ""absen"", ""perpustakaan"", ""nasional"", ""aminudin"", ""aziz"", ""bagus"", ""hadir"", ""catat"", ""kesehatan"", ""benjamin"", ""paulus"", ""octavianus"", ""negeri"", ""letnan"", ""jenderal"", ""polisi"", ""akhmad"", ""wiyagus"", ""agraria"", ""tata"", ""ruang"", ""ossy"", ""dermawan"", ""kasih"", ""kasih"", ""kesabaran"", ""kenapa"", ""bacakan"", ""satu-satu"", ""membuat"", ""mengeluarkan"", ""usaha"", ""tenaga"", ""meluangkan"", ""hadir"", ""jauh-jauh"", ""pantas"", ""disebut"", ""bappenas"", ""enggak"", ""bappenas"", ""aduh"", ""gimana"", ""hah"", ""sekpri"", ""gimana"", ""sekpri"", ""ngarang"", ""kau"", ""pelakunya"", ""sekpri"", ""agung"", ""surahman"", ""menikah"", ""tanggal"", ""januari"", ""sabtu"", ""berapa"", ""menikah"", ""kerja"", ""masuk"", ""walaupun"", ""agak"", ""kurang"", ""maafkan"", ""enggak"", ""dengar"", ""kau"", ""kaget"", ""pagi-pagi"", ""ikut"", ""pak"", ""kau"", ""menikah"", ""sebentar"", ""siap"", ""pak"", ""siap"", ""hadir"", ""walaupun"", ""kurang-kurang"", ""dikit"", ""profesor"", ""rahmat"", ""pambudi"", ""ppn"", ""bappenas"", ""kasih"", ""kenapa"", ""kau"", ""buka"", ""kopiah"", ""kelihatan"", ""pintar"", ""botak"", ""pasti"", ""pintar"", ""pintar"", ""botak"", ""botak"", ""pasti"", ""pintar"", ""beruntung"", ""tim"", ""botak"", ""berapa"", ""dirut"", ""dirut"", ""agrinas"", ""pangan"", ""timor"", ""timur"", ""tadinya"", ""loyal"", ""merah-putih"", ""ikut"", ""beliau"", ""namanya"", ""joao"", ""mota"", ""namanya"", ""panjang"", ""joao"", ""angelo"", ""sousa"", ""mota"", ""mulai"", ""botak"", ""pintar"", ""pasti"", ""bahagia"", ""ucapkan"", ""kasih"", ""unsur"", ""lembaga"", ""elemen"", ""bekerja"", ""mewujudkan"", ""langkah"", ""menurut"", ""langkah"", ""langkah"", ""terobosan"", ""langkah"", ""berani"", ""kasih"", ""semuanya"", ""mewujudkan"", ""upaya"", ""terang"", ""bahagia"", ""besar"", ""hati"", ""terharu"", ""melihat"", ""dampak"", ""upaya"", ""cara"", ""bernegara"", ""cara"", ""bernegara"", ""iya"", ""lihat"", ""asisten"", ""yuza"", ""botak"", ""punya"", ""asisten"", ""bidang"", ""komunikasi"", ""nyusun"", ""pidato-pidato"", ""namanya"", ""agung"", ""acil"", ""garut"", ""you"", ""lihat"", ""dua-duanya"", ""botak"", ""nah"", ""teori"", ""pintar-pintar"", ""pintar-pintar"", ""kasih"", ""cara"", ""berpikir"", ""cara"", ""berpikir"", ""bernegara"", ""cara"", ""berpikir"", ""pembangunan"", ""konvensional"", ""normatif"", ""membangun"", ""pertumbuhan"", ""pemikiran"", ""selama"", ""pemikiran"", ""neoliberal"", ""biar"", ""kaya"", ""enggak"", ""apa-apa"", ""persen"", ""lama-lama"", ""menurut"", ""teori"", ""pertumbuhan"", ""kekayaan"", ""menumpuk"", ""enggak"", ""apa-apa"", ""menumpuk"", ""lama-lama"", ""menetes"", ""nah"", ""teori"", ""kenyataannya"", ""menetesnya"", ""jangan-jangan"", ""menetesnya"", ""tahun"", ""mati"", ""menurut"", ""tepat"", ""negara"", ""dijajah"", ""merdeka"", ""perjuangan"", ""merdeka"", ""ratusan"", ""tahun"", ""perjuangan"", ""merdeka"", ""sebagian"", ""besar"", ""rakyat"", ""punya"", ""apa-apa"", ""bangun"", ""bagus"", ""pertumbuhan"", ""ternyata"", ""mengejar"", ""pertumbuhan"", ""melihat"", ""berani"", ""melihat"", ""pertumbuhan"", ""benar-benar"", ""dirasakan"", ""enggak"", ""rakyat"", ""nah"", ""disitu"", ""tugas"", ""pemimpin"", ""berani"", ""melihat"", ""berani"", ""melihat"", ""kekurangan"", ""ambil"", ""langkah"", ""langkah"", ""berani"", ""pertumbuhan"", ""disertai"", ""pemerataan"", ""sistem"", ""cepat"", ""mengusahakan"", ""mengupayakan"", ""pemerataan"", ""sistem"", ""kurang"", ""bermanfaat"", ""bangsa"", ""ingatkan"", ""tujuan"", ""bernegara"", ""tujuan"", ""merdeka"", ""membawa"", ""kesejahteraan"", ""kehidupan"", ""lebih"", ""rakyat"", ""indonesia"", ""berkali-kali"", ""pendiri-pendiri"", ""bangsa"", ""menggarisbawahi"", ""pembukaan"", ""undang-undang"", ""dasar"", ""memajukan"", ""kesejahteraan"", ""umum"", ""pertama"", ""melindungi"", ""segenap"", ""tumpah"", ""darah"", ""indonesia"", ""melindungi"", ""melindungi"", ""melindungi"", ""ancaman"", ""ancaman"", ""melindungi"", ""ancaman"", ""kelaparan"", ""melindungi"", ""ancaman"", ""kemiskinan"", ""melindungi"", ""ancaman"", ""penderitaan"", ""melindungi"", ""ancaman"", ""penyakit"", ""tujuan"", ""merdeka"", ""merdeka"", ""punya"", ""lagu"", ""kebangsaan"", ""lagu"", ""kebangsaan"", ""dinyanyikan"", ""ingatkan"", ""unsur"", ""terutama"", ""orang-orang"", ""pintar"", ""bernegara"", ""memperbaiki"", ""kehidupan"", ""rakyat"", ""indonesia"", ""segelintir"", ""rakyat"", ""rakyat"", ""indonesia"", ""tujuan"", ""bernegara"", ""berterima"", ""kasih"", ""melakukan"", ""perintisan"", ""karier"", ""prajurit"", ""prajurit"", ""tni"", ""tni"", ""tentara"", ""rakyat"", ""tni"", ""tahun"", ""kemerdekaan"", ""seterusnya"", ""tempat-tempat"", ""susah"", ""tni"", ""polri"", ""terjun"", ""susah"", ""rakyat"", ""menderita"", ""akibat"", ""bencana"", ""sumatra"", ""lembaga-lembaga"", ""relawan"", ""tni"", ""polri"", ""terjun"", ""tni"", ""polri"", ""tni"", ""polri"", ""lahir"", ""perjuangan"", ""kemerdekaan"", ""ingatkan"", ""negara"", ""maju"", ""seolah-olah"", ""maju"", ""negara"", ""barat"", ""negara"", ""tuh"", ""pisahkan"", ""polisi"", ""urusannya"", ""kamtibmas"", ""lahirnya"", ""polisi"", ""ikut"", ""perang"", ""polisi"", ""ikut"", ""perang"", ""enggak"", ""punya"", ""anggaran"", ""lahirnya"", ""indonesia"", ""enggak"", ""apa-apa"", ""penting"", ""sifat"", ""nafas"", ""semangat"", ""kesadaran"", ""kesadaran"", ""berbangsa"", ""cinta"", ""tanah"", ""air"", ""penting"", ""melihat"", ""buktikan"", ""unsur"", ""ikut"", ""kecil"", ""peranan"", ""kasih"", ""program-program"", ""berhasil"", ""dukungan"", ""dukungan"", ""dukungan"", ""dukungan"", ""dukungan"", ""pimpinan"", ""polisi"", ""pimpinan"", ""tentara"", ""dukungan"", ""l-k"", ""mana-mana"", ""bukti"", ""berbuat"", ""anak-anak"", ""tadinya"", ""sulit"", ""sekolah"", ""sekarang"", ""punya"", ""harapan"", ""terkesima"", ""terang"", ""terkesima"", ""anak"", ""punya"", ""bahasa"", ""biasa"", ""bahasa"", ""inggrisnya"", ""menurut"", ""biasa"", ""besar"", ""negeri"", ""bahasa"", ""inggrisnya"", ""bagus"", ""wajar"", ""tinggal"", ""daerah-daerah"", ""anak"", ""kagum"", ""namanya"", ""berbahasa"", ""bagus"", ""suruh"", ""menghadap"", ""bagusnya"", ""kirim"", ""negeri"", ""kira-kira"", ""gimana"", ""setuju"", ""enggak"", ""kagum"", ""enam"", ""bulan"", ""lihat"", ""juara"", ""olimpiade"", ""juara"", ""biasa"", ""juara"", ""olimpiade"", ""matematika"", ""biasa"", ""terkesima"", ""terharu"", ""bahkan"", ""mudah-mudahan"", ""kamera"", ""enggak"", ""menuju"", ""sulit"", ""tahan"", ""air"", ""mata"", ""medsos"", ""media"", ""sosial"", ""terharu"", ""keluar"", ""air"", ""mata"", ""bangga"", ""bahagia"", ""melihat"", ""anak-anak"", ""tergerak"", ""teringat"", ""kenapa"", ""teringat"", ""bayangkan"", ""bayangkan"", ""menteri-menteri"", ""ambil"", ""sikap"", ""berani"", ""mari"", ""berbuat"", ""lazim"", ""bikin"", ""sekolah"", ""terbaik"", ""sekolah"", ""berasrama"", ""mereka-mereka"", ""punya"", ""harapan"", ""keluarga"", ""kondisinya"", ""tertinggal"", ""anak-anak"", ""anak-anak"", ""sekolah"", ""rakyat"", ""murid-murid"", ""anak-anakku"", ""kau"", ""kecil"", ""hati"", ""kau"", ""malu"", ""tuamu"", ""buruh"", ""petani"", ""miskin"", ""tukang"", ""pemulung"", ""kau"", ""malu"", ""mulia"", ""kerja"", ""keras"", ""halal"", ""bekerja"", ""keringat"", ""depanmu"", ""kecil"", ""hati"", ""tuamu"", ""kau"", ""pulang"", ""kau"", ""sungkem"", ""kau"", ""cium"", ""kaki"", ""tuamu"", ""kau"", ""malu"", ""lebih"", ""mulia"", ""orang-orang"", ""pintar"", ""koruptor-koruptor"", ""berkhianat"", ""negara"", ""bangsa"", ""lebih"", ""pemulung"", ""lebih"", ""tukang"", ""becak"", ""kerja"", ""keringat"", ""pintar-pintar"", ""mencuri"", ""uang"", ""rakyat"", ""lebih"", ""boleh"", ""bicara"", ""iya"", ""anak-anak"", ""sekolah"", ""rakyat"", ""sekali-sekali"", ""tuamu"", ""salah"", ""salah"", ""tuamu"", ""negara"", ""memberi"", ""terbaik"", ""rakyat"", ""berjuang"", ""keras"", ""berjuang"", ""keras"", ""kekayaan"", ""negara"", ""dirasakan"", ""rakyat"", ""indonesia"", ""panjang"", ""lebar"", ""pidato"", ""kebablasan"", ""dua-tiga"", ""jam"", ""pidato"", ""apalagi"", ""lihat"", ""kopi"", ""minta"", ""izin"", ""boleh"", ""minum"", ""kopi"", ""boleh"", ""izinnya"", ""minta"", ""izin"", ""minum"", ""biasanya"", ""habis"", ""cangkir"", ""pidato"", ""jam"", ""kuat"", ""dengar"", ""anak-anakku"", ""dengar"", ""anak-anak"", ""pengin"", ""menteri-menteri"", ""capai"", ""menteri-menteri"", ""kali"", ""empat"", ""kali"", ""seminggu"", ""dengar"", ""pidato"", ""semacam"", ""enggak"", ""benar-benar"", ""bahagia"", ""kementerian-kementerian"", ""kabinet"", ""merasakan"", ""kompak"", ""percaya"", ""orang-orang"", ""terlalu"", ""pintar"", ""ngomong"", ""sosmed"", ""social"", ""media"", ""menganalisa"", ""terjadi"", ""sesuatu"", ""perpecahan"", ""lingkungannya"", ""seru"", ""tertarik"", ""enggak"", ""merasa"", ""kerja"", ""keras"", ""kompak"", ""teamwork"", ""biasa"", ""mencapai"", ""keberhasilan"", ""keberhasilan"", ""bukti"", ""bukti"", ""desember"", ""ulangi"", ""desember"", ""tahun"", ""resmi"", ""indonesia"", ""mencapai"", ""swasembada"", ""beras"", ""tengah"", ""tahun"", ""indonesia"", ""mengalami"", ""nino"", ""dilanjutkan"", ""kekeringan"", ""berkepanjangan"", ""mengatasi"", ""menghasilkan"", ""produksi"", ""beras"", ""tertinggi"", ""sepanjang"", ""sejarah"", ""indonesia"", ""cadangan"", ""beras"", ""gudang"", ""pemerintah"", ""tertinggi"", ""selama"", ""sejarah"", ""indonesia"", ""memperkuat"", ""memperkuat"", ""sebentar"", ""swasembada"", ""jagung"", ""pakan"", ""petani"", ""peternak"", ""habis"", ""swasembada"", ""bidang-bidang"", ""berhasil"", ""melihat"", ""meresmikan"", ""sekolah"", ""rakyat"", ""sasaran"", ""sekolah"", ""rakyat"", ""tahun"", ""insyallah"", ""tercapai"", ""minta"", ""maaf"", ""menghasilkan"", ""lebih"", ""sekarang"", ""usahanya"", ""biasa"", ""sampaikan"", ""penghormatan"", ""sebesar-besarnya"", ""sosial"", ""jajarannya"", ""bekerja"", ""keras"", ""tentunya"", ""didukung"", ""menko"", ""pak"", ""muhaimin"", ""profesor"", ""pratik"", ""didukung"", ""menteri-menteri"", ""dikdasmen"", ""kementerian"", ""dikti"", ""sains"", ""agama"", ""menteri-menteri"", ""dukung"", ""biasa"", ""percaya"", ""ujungnya"", ""capai"", ""target"", ""sekolah"", ""ujungnya"", ""sasaran"", ""sekolah"", ""murid"", ""murid"", ""murid"", ""dilaporkan"", ""tahun"", ""mencapai"", ""ujungnya"", ""sasaran"", ""kampus"", ""sekolah"", ""rakyat"", ""murid"", ""berarti"", ""sasaran"", ""murid"", ""cita-cita"", ""jabatan"", ""tahun"", ""kemiskinan"", ""ekstrem"", ""desil"", ""ubah"", ""nasibnya"", ""hilangkan"", ""kemiskinan"", ""ekstrem"", ""indonesia"", ""percaya"", ""terjadi"", ""keberhasilan-keberhasilan"", ""rinci"", ""panjang"", ""sombong"", ""membangga-banggakan"", ""bangga"", ""prestasi"", ""bangga"", ""bukti"", ""boleh"", ""mengerti"", ""keberhasilan"", ""boleh"", ""menjadi"", ""bangsa"", ""rendah"", ""rendah"", ""hati"", ""boleh"", ""rendah"", ""inferior"", ""indonesia"", ""jelek"", ""enggak"", ""boleh"", ""indonesia"", ""berprestasi"", ""indonesia"", ""berprestasi"", ""indonesia"", ""berprestasi"", ""indonesia"", ""bangkit"", ""menjadi"", ""negara"", ""negara"", ""maju"", ""negara"", ""sejahtera"", ""tengah"", ""kondisi"", ""dunia"", ""penuh"", ""gejolak"", ""penuh"", ""ketidakpastian"", ""bersyukur"", ""negara"", ""keadaan"", ""potensi"", ""besar"", ""kekayaan"", ""gampang"", ""puluhan"", ""tahun"", ""kekayaan"", ""kurang"", ""tertib"", ""dikelola"", ""mudah"", ""mengejek"", ""tahu"", ""enggak"", ""segelintir"", ""punya"", ""uang"", ""punya"", ""sarana"", ""menyebarkan"", ""menyebarkan"", ""sinisme"", ""pesimisme"", ""kemungkinan"", ""besar"", ""dibayar"", ""kekuatan-kekuatan"", ""asing"", ""keyakinan"", ""kepercayaan"", ""indonesia"", ""bersih"", ""jujur"", ""pasti"", ""melihat"", ""berbuat"", ""berbuat"", ""dicaci-maki"", ""apa-apa"", ""ragu-ragu"", ""merasa"", ""tekad"", ""dibuktikan"", ""setelah"", ""enam"", ""bulan"", ""melihat"", ""keadaan"", ""anak-anak"", ""biasa"", ""mengajak"", ""bangsa"", ""indonesia"", ""mari"", ""bersatu"", ""mari"", ""kerja"", ""menghilangkan"", ""kemiskinan"", ""kelaparan"", ""indonesia"", ""bangkitkan"", ""kehidupan"", ""bangsa"", ""indonesia"", ""pendidikan"", ""sarana"", ""sarana"", ""menghilangkan"", ""kemiskinan"", ""pendidikan"", ""butuh"", ""uang"", ""uang"", ""dicuri"", ""dikorupsi"", ""kurang"", ""membangun"", ""sekolah"", ""bangun"", ""kampus"", ""bangun"", ""kekurangan"", ""dokter"", ""kekurangan"", ""ratusan"", ""ribu"", ""dokter"", ""rakyat"", ""dokter"", ""dokter"", ""gigi"", ""bicara"", ""memfitnah"", ""menghardik"", ""mengejek"", ""buka"", ""sekolah-sekolah"", ""kampus-kampus"", ""buktikan"", ""rakyat"", ""indonesia"", ""buka"", ""kampus-kampus"", ""kedokteran"", ""kampus"", ""kedokteran"", ""rencana"", ""kampus-kampus"", ""kedokteran"", ""kampus-kampus"", ""teknik"", ""sebagainya"", ""dibuka"", ""anak-anak"", ""indonesia"", ""boleh"", ""bayar"", ""dibayar"", ""negara"", ""anaknya"", ""tukang"", ""pemulung"", ""insinyur"", ""dokter"", ""pengusaha"", ""jenderal"", ""cita-cita"", ""bangga"", ""melihat"", ""berani"", ""berani"", ""menang"", ""berani"", ""berbuat"", ""berbuat"", ""berani"", ""melihat"", ""keadaan"", ""berani"", ""melihat"", ""kesulitan"", ""berani"", ""menghadapi"", ""kesulitan"", ""lari"", ""kesulitan"", ""menutupi"", ""kesulitan"", ""lihat"", ""kesulitan"", ""hadapi"", ""atasi"", ""bangkit"", ""bangsa"", ""kasih"", ""acara"", ""balikpapan"", ""meresmikan"", ""kilang"", ""modernisasi"", ""kilang"", ""minyak"", ""balikpapan"", ""modernisasi"", ""kilang"", ""minyak"", ""menghemat"", ""devisa"", ""impor-impor"", ""terlalu"", ""bbm"", ""bahan"", ""bakar"", ""minyak"", ""mengerti"", ""masalah"", ""mengerti"", ""tim"", ""mengerti"", ""tim"", ""bekerja"", ""keras"", ""hadapi"", ""bencana"", ""atasi"", ""kesulitan"", ""atasi"", ""kasih"", ""tim"", ""semuanya"", ""rakyat"", ""mengatakan"", ""bangga"", ""prestasi"", ""tim"", ""percaya"", ""bulan-bulan"", ""datang"", ""beri"", ""terus-menerus"", ""bukti"", ""hasil"", ""prestasi"", ""rakyat"", ""indonesia"", ""minggu-minggu"", ""bulan-bulan"", ""tahun-tahun"", ""mendatang"", ""tentunya"", ""punya"", ""tongkat"", ""nabi"", ""musa"", ""punya"", ""tongkat"", ""nabi"", ""sulaiman"", ""seketika"", ""insyaallah"", ""setapak"", ""setapak"", ""bekerja"", ""cepat"", ""perjalanan"", ""seribu"", ""kilometer"", ""dimulai"", ""langkah"", ""berbuat"", ""langkah"", ""makan"", ""bergizi"", ""gratis"", ""mbg"", ""salah"", ""mencapai"", ""juta"", ""juta"", ""penerima"", ""manfaat"", ""juta"", ""anak-anak"", ""ibu-ibu"", ""hamil"", ""lansia"", ""menerima"", ""makan"", ""sekolah"", ""ibu-ibu"", ""hamil"", ""tujuh"", ""lima"", ""puluh"", ""delapan"", ""juta"", ""penerima"", ""manfaat"", ""tahun"", ""negara"", ""berbuat"", ""negara"", ""total"", ""beri"", ""makan"", ""salah"", ""miliar"", ""porsi"", ""cetak"", ""prestasi"", ""insyaallah"", ""lambat"", ""tahun"", ""sasaran"", ""juta"", ""lebih"", ""penerima"", ""manfaat"", ""januari"", ""juta"", ""percaya"", ""capai"", ""bulan"", ""desember"", ""walaupun"", ""bgn"", ""badan"", ""gizi"", ""nasional"", ""mengatakan"", ""pak"", ""lebih"", ""cepat"", ""desember"", ""oke"", ""dipaksa"", ""teliti"", ""terbaik"", ""melihat"", ""beroperasinya"", ""minimal"", ""ribu"", ""koperasi"", ""merah"", ""putih"", ""rencana"", ""ribu"", ""yakin"", ""bulan"", ""maret-april"", ""berfungsi"", ""beroperasi"", ""ribu"", ""koperasi"", ""berarti"", ""desember"", ""berharap"", ""mencapai"", ""minimal"", ""ribu"", ""koperasi"", ""merah"", ""putih"", ""desember"", ""artinya"", ""ekonomi"", ""bangkit"", ""bidang"", ""kasih"", ""unsur"", ""bekerja"", ""keras"", ""sekolah"", ""rakyat"", ""kasih"", ""anak-anakku"", ""semangatmu"", ""guru-guru"", ""kasih"", ""sekolah"", ""kasih"", ""minta"", ""dibina"", ""guru"", ""memberi"", ""contoh"", ""guru"", ""memberi"", ""contoh"", ""minta"", ""guru"", ""memberi"", ""terbaik"", ""memberi"", ""contoh"", ""tampil"", ""murid"", ""keadaan"", ""tertib"", ""rapi"", ""minta"", ""bantuan"", ""tni"", ""polri"", ""secara"", ""bergilir"", ""mengirim"", ""perwira"", ""bantu"", ""dikunjungi"", ""bergiliran"", ""dibina"", ""cara"", ""berpakaian"", ""cara"", ""pakai"", ""dasi"", ""cara"", ""pakai"", ""baret"", ""minta"", ""seskab"", ""mensesneg"", ""bantu"", ""mensos"", ""bantu"", ""menko-menko"", ""dilihat"", ""kurang"", ""perbaiki"", ""baret-baret"", ""kekecilan"", ""diganti"", ""kekecilan"", ""anak-anak"", ""indonesia"", ""digembleng"", ""candradimuka"", ""candradimuka"", ""sekolah"", ""rakyat"", ""dibina"", ""penampilannya"", ""biasa"", ""pasuruan"", ""hebat"", ""komandannya"", ""suruh"", ""menghadap"", ""kalah"", ""sma"", ""taruna"", ""nusantara"", ""sikapnya"", ""kanannya"", ""biasa"", ""lihat"", ""enggak"", ""tahu"", ""pak"", ""sugiono"", ""lembaga"", ""kau"", ""lembaga"", ""kau"", ""lulusan"", ""enggak"", ""yakin"", ""kananmu"", ""enggak"", ""uji"", ""duduk"", ""duduk"", ""duduk"", ""gila"", ""biasa"", ""jawa"", ""banyumas"", ""setengah"", ""banyumas"", ""setengah"", ""sulawesi"", ""banyumas"", ""agak"", ""beda"", ""solo"", ""solo"", ""solo"", ""bicaranya"", ""halus"", ""banyumas"", ""bisa-bisa"", ""banyumas"", ""mirip-mirip"", ""madura"", ""kira-kira"", ""adanya"", ""bilang"", ""bilang"", ""hebat"", ""bilang"", ""hebat"", ""kagum"", ""walaupun"", ""anak"", ""kecil"", ""kagum"", ""biasa"", ""baris-berbarisnya"", ""kira-kira"", ""kasih"", ""beasiswa"", ""anak"", ""lihat"", ""umurnya"", ""berapa"", ""ragu-ragu"", ""prestasi"", ""beri"", ""penghargaan"", ""cepat"", ""salah"", ""kekurangan"", ""bangsa"", ""pelit"", ""pelit"", ""memberi"", ""penghargaan"", ""senang"", ""sekarang"", ""panglima"", ""tni"", ""kapolri"", ""pelit"", ""berprestasi"", ""naikin"", ""pangkat"", ""ruginya"", ""sipil-sipil"", ""berprestasi"", ""sekolah"", ""kasih"", ""beasiswa"", ""sekolahkan"", ""nakal-nakal"", ""bina"", ""enggak"", ""apa-apa"", ""muda"", ""tergolong"", ""murid"", ""agak"", ""nakal"", ""kasih"", ""sejahtera"", ""semoga"", ""tuhan"", ""maha"", ""besar"", ""allah"", ""swt"", ""senantiasa"", ""melindungi"", ""melindungi"", ""anak-anak"", ""semoga"", ""seterusnya"", ""semangat"", ""bekerja"", ""keras"", ""belajar"", ""belajar"", ""belajar"", ""angkat"", ""tuamu"", ""lebih""]",assalamu'alaikum selamat pagi selamat siang sejahtera sosial saifullah yusuf penyelenggara sosial agus jabo priyono jajaran kementerian sosial koordinator pemberdayaan masyarakat abdul muhaimin iskandar koordinator badan panglima tni kapolri anggota kabinet merah putih badan hadir daerah hadir kalimantan selatan muhidin jawa timur saudari khofifah indar parawansa jambi haris sulawesi tenggara andi sumangerukka nusa tenggara timur emanuel melkiades laka maluku utara saudari sherly tjoanda tepuk tangan maluku utara nusa tenggara barat muhamad iqbal hadir hadir ogan komering ulu teddy meilwansyah kepulauan anambas aneng natuna cen sui lan kaur gusril pausi lampung selatan radityo egy pratama lebak moch hasbi asyidiki jayabaya pandeglang saudari dewi setiani sumedang dony ahmad munir kuningan dian rachmat yanuar majalengka eman suherman wonosobo agus subagiyo cilacap syamsul auliya rachman rembang harno sragen sigit pamungkas katingan saiful barito kuala bahrul ilmi bua lemo rum pagau pangkajene kepulauan muhammad yusran lalogau soppeng suwardi haseng buton tengah azhari maluku tengah zulkarnain awat amir bone andi asman sulaiman bandar lampung saudari eva dwiana cirebon effendi edo kediri saudari vinanda prameswari prameswati sorry blitar syauqul muhibbin pasuruan adi wibowo palangkaraya fairid naparin banjarbaru saudari erna lisa halaby menko-menko hadir koordinator pembangunan manusia kebudayaan pratikno muhaimin sebut sekretaris negara prasetyo hadi prasetyo hadi negeri sugiono pendidikan dasar menengah profesor abdul mu'ti pendidikan tinggi sains teknologi profesor brian yuliarto komunikasi digital meutya viada hafid pekerjaan umum dody hanggodo pendayagunaan aparatur negara reformasi bidokrasi saudari rini widyantini pemberdayaan perempuan perlindungan anak saudari arifah choiri fauzi perhubungan dudy purwagandhi panglima tni jenderal tni agus subiyanto kapolri jenderal polisi listyo sigit disebut sekretaris kabinet letkol teddy indra wijaya staf kepresidenan muhammad qodari badan komunikasi pemerintah angga raka nama pasti namanya mudah-mudahan insyaallah badan pusat statistik saudari amalia widyasanti badan pengawasan keuangan pembangunan muhammad yusuf ateh kau asal pak ateh sunda palembang-sunda oke badan percepatan pengentasan kemiskinan budiman sudjatmiko coba dicatat absen absen perpustakaan nasional aminudin aziz bagus hadir catat kesehatan benjamin paulus octavianus negeri letnan jenderal polisi akhmad wiyagus agraria tata ruang ossy dermawan kasih kasih kesabaran kenapa bacakan satu-satu membuat mengeluarkan usaha tenaga meluangkan hadir jauh-jauh pantas disebut bappenas enggak bappenas aduh gimana hah sekpri gimana sekpri ngarang kau pelakunya sekpri agung surahman menikah tanggal januari sabtu berapa menikah kerja masuk walaupun agak kurang maafkan enggak dengar kau kaget pagi-pagi ikut pak kau menikah sebentar siap pak siap hadir walaupun kurang-kurang dikit profesor rahmat pambudi ppn bappenas kasih kenapa kau buka kopiah kelihatan pintar botak pasti pintar pintar botak botak pasti pintar beruntung tim botak berapa dirut dirut agrinas pangan timor timur tadinya loyal merah-putih ikut beliau namanya joao mota namanya panjang joao angelo sousa mota mulai botak pintar pasti bahagia ucapkan kasih unsur lembaga elemen bekerja mewujudkan langkah menurut langkah langkah terobosan langkah berani kasih semuanya mewujudkan upaya terang bahagia besar hati terharu melihat dampak upaya cara bernegara cara bernegara iya lihat asisten yuza botak punya asisten bidang komunikasi nyusun pidato-pidato namanya agung acil garut you lihat dua-duanya botak nah teori pintar-pintar pintar-pintar kasih cara berpikir cara berpikir bernegara cara berpikir pembangunan konvensional normatif membangun pertumbuhan pemikiran selama pemikiran neoliberal biar kaya enggak apa-apa persen lama-lama menurut teori pertumbuhan kekayaan menumpuk enggak apa-apa menumpuk lama-lama menetes nah teori kenyataannya menetesnya jangan-jangan menetesnya tahun mati menurut tepat negara dijajah merdeka perjuangan merdeka ratusan tahun perjuangan merdeka sebagian besar rakyat punya apa-apa bangun bagus pertumbuhan ternyata mengejar pertumbuhan melihat berani melihat pertumbuhan benar-benar dirasakan enggak rakyat nah disitu tugas pemimpin berani melihat berani melihat kekurangan ambil langkah langkah berani pertumbuhan disertai pemerataan sistem cepat mengusahakan mengupayakan pemerataan sistem kurang bermanfaat bangsa ingatkan tujuan bernegara tujuan merdeka membawa kesejahteraan kehidupan lebih rakyat indonesia berkali-kali pendiri-pendiri bangsa menggarisbawahi pembukaan undang-undang dasar memajukan kesejahteraan umum pertama melindungi segenap tumpah darah indonesia melindungi melindungi melindungi ancaman ancaman melindungi ancaman kelaparan melindungi ancaman kemiskinan melindungi ancaman penderitaan melindungi ancaman penyakit tujuan merdeka merdeka punya lagu kebangsaan lagu kebangsaan dinyanyikan ingatkan unsur terutama orang-orang pintar bernegara memperbaiki kehidupan rakyat indonesia segelintir rakyat rakyat indonesia tujuan bernegara berterima kasih melakukan perintisan karier prajurit prajurit tni tni tentara rakyat tni tahun kemerdekaan seterusnya tempat-tempat susah tni polri terjun susah rakyat menderita akibat bencana sumatra lembaga-lembaga relawan tni polri terjun tni polri tni polri lahir perjuangan kemerdekaan ingatkan negara maju seolah-olah maju negara barat negara tuh pisahkan polisi urusannya kamtibmas lahirnya polisi ikut perang polisi ikut perang enggak punya anggaran lahirnya indonesia enggak apa-apa penting sifat nafas semangat kesadaran kesadaran berbangsa cinta tanah air penting melihat buktikan unsur ikut kecil peranan kasih program-program berhasil dukungan dukungan dukungan dukungan dukungan pimpinan polisi pimpinan tentara dukungan l-k mana-mana bukti berbuat anak-anak tadinya sulit sekolah sekarang punya harapan terkesima terang terkesima anak punya bahasa biasa bahasa inggrisnya menurut biasa besar negeri bahasa inggrisnya bagus wajar tinggal daerah-daerah anak kagum namanya berbahasa bagus suruh menghadap bagusnya kirim negeri kira-kira gimana setuju enggak kagum enam bulan lihat juara olimpiade juara biasa juara olimpiade matematika biasa terkesima terharu bahkan mudah-mudahan kamera enggak menuju sulit tahan air mata medsos media sosial terharu keluar air mata bangga bahagia melihat anak-anak tergerak teringat kenapa teringat bayangkan bayangkan menteri-menteri ambil sikap berani mari berbuat lazim bikin sekolah terbaik sekolah berasrama mereka-mereka punya harapan keluarga kondisinya tertinggal anak-anak anak-anak sekolah rakyat murid-murid anak-anakku kau kecil hati kau malu tuamu buruh petani miskin tukang pemulung kau malu mulia kerja keras halal bekerja keringat depanmu kecil hati tuamu kau pulang kau sungkem kau cium kaki tuamu kau malu lebih mulia orang-orang pintar koruptor-koruptor berkhianat negara bangsa lebih pemulung lebih tukang becak kerja keringat pintar-pintar mencuri uang rakyat lebih boleh bicara iya anak-anak sekolah rakyat sekali-sekali tuamu salah salah tuamu negara memberi terbaik rakyat berjuang keras berjuang keras kekayaan negara dirasakan rakyat indonesia panjang lebar pidato kebablasan dua-tiga jam pidato apalagi lihat kopi minta izin boleh minum kopi boleh izinnya minta izin minum biasanya habis cangkir pidato jam kuat dengar anak-anakku dengar anak-anak pengin menteri-menteri capai menteri-menteri kali empat kali seminggu dengar pidato semacam enggak benar-benar bahagia kementerian-kementerian kabinet merasakan kompak percaya orang-orang terlalu pintar ngomong sosmed social media menganalisa terjadi sesuatu perpecahan lingkungannya seru tertarik enggak merasa kerja keras kompak teamwork biasa mencapai keberhasilan keberhasilan bukti bukti desember ulangi desember tahun resmi indonesia mencapai swasembada beras tengah tahun indonesia mengalami nino dilanjutkan kekeringan berkepanjangan mengatasi menghasilkan produksi beras tertinggi sepanjang sejarah indonesia cadangan beras gudang pemerintah tertinggi selama sejarah indonesia memperkuat memperkuat sebentar swasembada jagung pakan petani peternak habis swasembada bidang-bidang berhasil melihat meresmikan sekolah rakyat sasaran sekolah rakyat tahun insyallah tercapai minta maaf menghasilkan lebih sekarang usahanya biasa sampaikan penghormatan sebesar-besarnya sosial jajarannya bekerja keras tentunya didukung menko pak muhaimin profesor pratik didukung menteri-menteri dikdasmen kementerian dikti sains agama menteri-menteri dukung biasa percaya ujungnya capai target sekolah ujungnya sasaran sekolah murid murid murid dilaporkan tahun mencapai ujungnya sasaran kampus sekolah rakyat murid berarti sasaran murid cita-cita jabatan tahun kemiskinan ekstrem desil ubah nasibnya hilangkan kemiskinan ekstrem indonesia percaya terjadi keberhasilan-keberhasilan rinci panjang sombong membangga-banggakan bangga prestasi bangga bukti boleh mengerti keberhasilan boleh menjadi bangsa rendah rendah hati boleh rendah inferior indonesia jelek enggak boleh indonesia berprestasi indonesia berprestasi indonesia berprestasi indonesia bangkit menjadi negara negara maju negara sejahtera tengah kondisi dunia penuh gejolak penuh ketidakpastian bersyukur negara keadaan potensi besar kekayaan gampang puluhan tahun kekayaan kurang tertib dikelola mudah mengejek tahu enggak segelintir punya uang punya sarana menyebarkan menyebarkan sinisme pesimisme kemungkinan besar dibayar kekuatan-kekuatan asing keyakinan kepercayaan indonesia bersih jujur pasti melihat berbuat berbuat dicaci-maki apa-apa ragu-ragu merasa tekad dibuktikan setelah enam bulan melihat keadaan anak-anak biasa mengajak bangsa indonesia mari bersatu mari kerja menghilangkan kemiskinan kelaparan indonesia bangkitkan kehidupan bangsa indonesia pendidikan sarana sarana menghilangkan kemiskinan pendidikan butuh uang uang dicuri dikorupsi kurang membangun sekolah bangun kampus bangun kekurangan dokter kekurangan ratusan ribu dokter rakyat dokter dokter gigi bicara memfitnah menghardik mengejek buka sekolah-sekolah kampus-kampus buktikan rakyat indonesia buka kampus-kampus kedokteran kampus kedokteran rencana kampus-kampus kedokteran kampus-kampus teknik sebagainya dibuka anak-anak indonesia boleh bayar dibayar negara anaknya tukang pemulung insinyur dokter pengusaha jenderal cita-cita bangga melihat berani berani menang berani berbuat berbuat berani melihat keadaan berani melihat kesulitan berani menghadapi kesulitan lari kesulitan menutupi kesulitan lihat kesulitan hadapi atasi bangkit bangsa kasih acara balikpapan meresmikan kilang modernisasi kilang minyak balikpapan modernisasi kilang minyak menghemat devisa impor-impor terlalu bbm bahan bakar minyak mengerti masalah mengerti tim mengerti tim bekerja keras hadapi bencana atasi kesulitan atasi kasih tim semuanya rakyat mengatakan bangga prestasi tim percaya bulan-bulan datang beri terus-menerus bukti hasil prestasi rakyat indonesia minggu-minggu bulan-bulan tahun-tahun mendatang tentunya punya tongkat nabi musa punya tongkat nabi sulaiman seketika insyaallah setapak setapak bekerja cepat perjalanan seribu kilometer dimulai langkah berbuat langkah makan bergizi gratis mbg salah mencapai juta juta penerima manfaat juta anak-anak ibu-ibu hamil lansia menerima makan sekolah ibu-ibu hamil tujuh lima puluh delapan juta penerima manfaat tahun negara berbuat negara total beri makan salah miliar porsi cetak prestasi insyaallah lambat tahun sasaran juta lebih penerima manfaat januari juta percaya capai bulan desember walaupun bgn badan gizi nasional mengatakan pak lebih cepat desember oke dipaksa teliti terbaik melihat beroperasinya minimal ribu koperasi merah putih rencana ribu yakin bulan maret-april berfungsi beroperasi ribu koperasi berarti desember berharap mencapai minimal ribu koperasi merah putih desember artinya ekonomi bangkit bidang kasih unsur bekerja keras sekolah rakyat kasih anak-anakku semangatmu guru-guru kasih sekolah kasih minta dibina guru memberi contoh guru memberi contoh minta guru memberi terbaik memberi contoh tampil murid keadaan tertib rapi minta bantuan tni polri secara bergilir mengirim perwira bantu dikunjungi bergiliran dibina cara berpakaian cara pakai dasi cara pakai baret minta seskab mensesneg bantu mensos bantu menko-menko dilihat kurang perbaiki baret-baret kekecilan diganti kekecilan anak-anak indonesia digembleng candradimuka candradimuka sekolah rakyat dibina penampilannya biasa pasuruan hebat komandannya suruh menghadap kalah sma taruna nusantara sikapnya kanannya biasa lihat enggak tahu pak sugiono lembaga kau lembaga kau lulusan enggak yakin kananmu enggak uji duduk duduk duduk gila biasa jawa banyumas setengah banyumas setengah sulawesi banyumas agak beda solo solo solo bicaranya halus banyumas bisa-bisa banyumas mirip-mirip madura kira-kira adanya bilang bilang hebat bilang hebat kagum walaupun anak kecil kagum biasa baris-berbarisnya kira-kira kasih beasiswa anak lihat umurnya berapa ragu-ragu prestasi beri penghargaan cepat salah kekurangan bangsa pelit pelit memberi penghargaan senang sekarang panglima tni kapolri pelit berprestasi naikin pangkat ruginya sipil-sipil berprestasi sekolah kasih beasiswa sekolahkan nakal-nakal bina enggak apa-apa muda tergolong murid agak nakal kasih sejahtera semoga tuhan maha besar allah swt senantiasa melindungi melindungi anak-anak semoga seterusnya semangat bekerja keras belajar belajar belajar angkat tuamu lebih,"Bismillahirrahmanirrahim,

Assalamu'alaikum warahmatullahi wabarakatuh,
Selamat pagi oh sudah selamat siang,
Salam sejahtera bagi kita sekalian,
Syalom,
Salve,
Om swastiastu,
Namo Buddhaya, 
Salam kebajikan.

Yang saya hormati, Menteri Sosial Saudara Saifullah Yusuf sebagai penyelenggara, Wakil Menteri Sosial Saudara Agus Jabo Priyono bersama seluruh jajaran Kementerian Sosial;
Menteri Koordinator Pemberdayaan Masyarakat, Saudara Abdul Muhaimin Iskandar; Para menteri koordinator, para menteri, para kepala badan, Panglima TNI, Kapolri, serta seluruh anggota Kabinet Merah Putih, para wakil menteri, wakil kepala badan yang hadir, yang saya hormati;
Para kepala daerah yang hadir, Gubernur Kalimantan Selatan Saudara Muhidin yang saya hormati, Gubernur Jawa Timur Saudari Khofifah Indar Parawansa yang saya hormati, Gubernur Jambi Saudara Al Haris yang saya hormati, Gubernur Sulawesi Tenggara Saudara Andi Sumangerukka, Gubernur Nusa Tenggara Timur Saudara Emanuel Melkiades Laka yang saya hormati; Gubernur Maluku Utara Saudari Sherly Tjoanda, kok yang tepuk tangan Gubernur Maluku Utara;
Gubernur Nusa Tenggara Barat Saudara Lalu Muhamad Iqbal yang saya hormati.

Para gubernur, para bupati, dan wali kota, mungkin yang hadir juga ini banyak sekali bupati, ini bupati yang hadir di sini, ya? Bupati Ogan Komering Ulu Saudara Teddy Meilwansyah, Bupati Kepulauan Anambas Saudara Aneng, Bupati Natuna Saudara Cen Sui Lan, Bupati Kaur Saudara Gusril Pausi, Bupati Lampung Selatan Saudara Radityo Egy Pratama, Bupati Lebak Saudara Moch. Hasbi Asyidiki Jayabaya, Bupati Pandeglang Saudari R. Dewi Setiani, Bupati Sumedang Saudara Dony Ahmad Munir, Bupati Kuningan Saudara Dian Rachmat Yanuar, Bupati Majalengka Saudara Eman Suherman, Bupati Wonosobo Saudara Agus Subagiyo, Bupati Cilacap Saudara Syamsul Auliya Rachman, Bupati Rembang Saudara Harno, Bupati Sragen Saudara Sigit Pamungkas, Bupati Katingan Saudara Saiful, Bupati Barito Kuala Saudara Bahrul Ilmi, Bupati Bua Lemo Saudara Rum Pagau, Bupati Pangkajene Kepulauan Saudara Muhammad Yusran Lalogau, Bupati Soppeng Saudara Suwardi Haseng, Bupati Buton Tengah Saudara Azhari, Bupati Maluku Tengah Saudara Zulkarnain Awat Amir, Bupati Bone Saudara Andi Asman Sulaiman, Wali Kota Bandar Lampung Saudari Eva Dwiana, Wali Kota Cirebon Saudara Effendi Edo, Wali Kota Kediri Saudari Vinanda Prameswari, Prameswati, sorry, ya, Wali Kota Blitar Saudara Syauqul Muhibbin, Wali Kota Pasuruan Saudara Adi Wibowo, Wali Kota Palangkaraya Saudara Fairid Naparin, Wali Kota Banjarbaru Saudari Erna Lisa Halaby.

Menko-Menko yang hadir tadi, ya, Menteri Koordinator Pembangunan Manusia dan Kebudayaan Saudara Pratikno, tadi Saudara Muhaimin sudah tadi saya sebut, Menteri Sekretaris Negara, Prasetyo Hadi, Saudara Prasetyo Hadi, Menteri Luar Negeri Saudara Sugiono, Menteri Pendidikan Dasar dan Menengah Profesor Abdul Mu'ti, Menteri Pendidikan Tinggi, Sains, dan Teknologi Profesor Brian Yuliarto, Menteri Komunikasi dan Digital Saudara Meutya Viada Hafid, yang saya hormati Menteri Pekerjaan Umum Saudara Dody Hanggodo, Menteri Pendayagunaan Aparatur Negara dan Reformasi Bidokrasi Saudari Rini Widyantini, Menteri Pemberdayaan Perempuan dan Perlindungan Anak Saudari Arifah Choiri Fauzi, Menteri Perhubungan Saudara Dudy Purwagandhi.

Tadi Panglima TNI Jenderal TNI Agus Subiyanto, Kapolri Jenderal Polisi Listyo Sigit Prabowo tadi sudah disebut, Sekretaris Kabinet RI Letkol Teddy Indra Wijaya, Kepala Staf Kepresidenan Saudara Muhammad Qodari, Kepala Badan Komunikasi Pemerintah Saudara Angga Raka Prabowo. Nama Prabowo kok, banyak sekali ini. Pasti orang baik, yang namanya Prabowo ini, mudah-mudahan, insyaallah. Kepala Badan Pusat Statistik Saudari Amalia Widyasanti, Kepala Badan Pengawasan Keuangan dan Pembangunan Saudara Muhammad Yusuf Ateh. Kau asal mana ya, Pak Ateh? Sunda? Ha? Palembang-Sunda? Oke. Kepala Badan Percepatan Pengentasan Kemiskinan Saudara Budiman Sudjatmiko. Ada? Coba dicatat ini. Ini sambil saya absen, ini absen sebetulnya ini. Kepala Perpustakaan Nasional RI Saudara Aminudin Aziz, ya, bagus hadir, saya catat ini. Wakil Menteri Kesehatan Saudara Benjamin Paulus Octavianus, Wakil Menteri Dalam Negeri Saudara Letnan Jenderal Polisi Akhmad Wiyagus, Wakil Menteri Agraria dan Tata Ruang Saudara Ossy Dermawan, terima kasih.

Saudara-saudara,
Terima kasih kesabaran Saudara-saudara. Kenapa saya bacakan satu-satu? Karena mereka sudah membuat atau mengeluarkan suatu usaha, tenaga, mereka meluangkan waktu mereka hadir jauh-jauh ke sini, jadi saya kira pantas untuk disebut. Eh, Menteri [Kepala] Bappenas, belum, ya? Wah, enggak ada ini, [Kepala] Bappenas di sini, wah, aduh, gimana? Hah? Mana, sekpri? Gimana, sekpri? Ngarang,kau. Wah, pelakunya ini. Sekpri saya, Saudara Agung Surahman akan menikah tanggal 18, 18 Januari ini, hari Sabtu. Berapa hari sebelum menikah, masih mau kerja, masih mau masuk. Jadi walaupun tadi agak kurang, ya saya maafkan, lah. Apa? Enggak dengar saya, kau. Kaget saya pagi-pagi, ""Saya ikut, Pak"", ""Lo, kau kan, mau menikah sebentar lagi, sudah siap semua?"", ""Sudah, Pak, sudah siap semua"", masih mau hadir, ya, walaupun kurang-kurang dikit, ya. Profesor Rahmat Pambudi [Menteri PPN/Kepala Bappenas], terima kasih. Kenapa kau buka kopiah? Supaya kelihatan pintar. Jadi, kalau orang botak itu pasti pintar. Orang pintar belum tentu botak tapi kalau orang botak pasti pintar, dan saya beruntung karena tim saya banyak orang botak. Di sini ada berapa dirut? Dirut Agrinas Pangan, ini orang dari Timor Timur tadinya, tapi loyal sama merah-putih, ikut ke sini, beliau namanya Joao Mota, namanya panjang sekali, Joao Angelo De Sousa Mota, benar? Kepala juga mulai botak, pintar pasti.

Saudara-saudara sekalian,
Saya hari ini sangat bahagia, Saudara-saudara sekalian. Saya ucapkan terima kasih kepada semua unsur dan semua K/L, semua lembaga, semua elemen yang telah bekerja mewujudkan suatu langkah. Menurut saya ini langkah, langkah terobosan, langkah berani, terima kasih semuanya, kita telah mewujudkan upaya ini. Dan, saya terus terang saja cukup bahagia, cukup besar hati, saya terharu sebetulnya, melihat dampak daripada upaya kita. Yang saya katakan Saudara-saudara, cara bernegara, cara bernegara. Oh iya, ini saya lihat ada asisten khusus saya juga, Saudara Yuza, botak juga, kan? Saya punya dua asisten khusus, ya, di bidang komunikasi, yang nyusun pidato-pidato saya, yang satu namanya Agung juga, Acil, orang Garut, ya. You lihat, kan, dua-duanya botak, kan? Nah, jadi teori saya benar, mereka pintar-pintar, dan memang mereka pintar-pintar, terima kasih.

Jadi Saudara-saudara,
Cara berpikir, dan cara berpikir tentang bernegara, cara berpikir tentang pembangunan yang konvensional, yang normatif adalah membangun pertumbuhan, ya, dan ada pemikiran selama ini, ya, pemikiran neoliberal, biar yang kaya enggak apa-apa 0,1 persen, lama-lama menurut teori ini, karena pertumbuhan, kekayaan menumpuk, enggak apa-apa menumpuk di atas, lama-lama akan menetes ke bawah. Nah, ini teori, tapi kenyataannya menetesnya kapan sampai ke bawah? Jangan-jangan menetesnya 300 tahun, kita sudah mati semua. Ini menurut saya, tidak tepat untuk kita, untuk negara seperti kita, yang pernah dijajah, yang merdeka karena perjuangan, merdeka karena ratusan tahun perjuangan, di mana waktu kita merdeka, ya, sebagian besar rakyat kita, ya, tidak punya apa-apa. Kemudian kita bangun, bagus pertumbuhan, ternyata kalau kita hanya mengejar pertumbuhan, dan tidak melihat, tidak berani melihat, pertumbuhan ini benar-benar dirasakan enggak oleh rakyat yang paling bawah? Nah, di situ, disitu tugas para pemimpin. Kita harus berani melihat, kita harus berani melihat kekurangan kita, dan kita harus ambil langkah. Langkah kita harus berani.

Saudara-saudara,
Pertumbuhan harus disertai oleh pemerataan suatu sistem yang tidak cepat. Mengusahakan, mengupayakan pemerataan, sistem itu kurang bermanfaat bagi sebuah bangsa. Saya ingatkan Saudara-saudara sekalian, tujuan bernegara kita, tujuan kita merdeka adalah untuk membawa kesejahteraan, kehidupan yang lebih baik untuk seluruh rakyat Indonesia. Berkali-kali, pendiri-pendiri bangsa kita menggarisbawahi itu, ada dalam Pembukaan Undang-Undang Dasar 1945. Kita harus memajukan kesejahteraan umum, dan juga, yang pertama kita melindungi segenap tumpah darah Indonesia. Melindungi apa? Melindungi dari mana? Melindungi dari ancaman. Ancaman apa? Melindungi dari ancaman kelaparan, melindungi dari ancaman kemiskinan, melindungi dari ancaman penderitaan, melindungi dari ancaman penyakit, ini tujuan kita merdeka. Untuk apa kita merdeka? Kita punya lagu kebangsaan, apa lagu kebangsaan itu hanya untuk dinyanyikan?

Saudara-saudara sekalian,
Saya ingatkan kembali ke semua unsur, terutama orang-orang pintar. Saudara-saudara, kita bernegara untuk memperbaiki kehidupan seluruh rakyat Indonesia, bukan segelintir rakyat, seluruh rakyat Indonesia, itu tujuan bernegara. Dan, untuk itu, saya berterima kasih, waktu saya memang melakukan perintisan karier sebagai prajurit, prajurit TNI karena TNI memang adalah tentara rakyat, TNI dari tahun awal kemerdekaan seterusnya, selalu berada di tempat-tempat yang paling susah. Hari ini pun, TNI bersama Polri terjun di tempat yang paling susah di mana rakyat menderita akibat bencana di Sumatra dan di beberapa tempat, bersama lembaga-lembaga lain, bersama relawan, tapi TNI dan Polri terjun. TNI dan Polri sebenarnya adalah satu, adalah satu, karena TNI dan Polri lahir dari perjuangan kemerdekaan. Saya selalu ingatkan, ya memang kalau negara yang maju, seolah-olah maju, negara Barat, negara apa, tuh, seolah mau pisahkan, polisi urusannya hanya kamtibmas. Lahirnya republik, polisi ikut perang, polisi ikut perang. Di awal, karena kita enggak punya anggaran, kita tidak jelas, awal republik, lahirnya republik. Jadi khusus di Indonesia dan dulu pernah kita jadi satu, tapi enggak apa-apa, yang penting adalah sifat, nafas, semangat, kesadaran, kesadaran berbangsa, cinta tanah air, ini yang paling penting. Dan, saya melihat, hari ini kita buktikan, semua unsur ikut, dan tidak kecil peranan para gubernur dan para bupati kita.

Dan, saya terima kasih, program-program kita berhasil karena dukungan semua, dukungan bupati, dukungan wali kota, dukungan gubernur, dukungan pimpinan polisi, pimpinan tentara, dukungan semua, ke K/L-K/L di mana-mana. Ini bukti kita berbuat sehingga anak-anak kita hari ini, yang tadinya mungkin sulit sekolah, sekarang mereka punya harapan. Saya terkesima hari ini, terus terang saja, terkesima. Bisa ada anak yang tidak punya dalam beberapa bahasa, luar biasa, yang mereka itu, yang bahasa Inggrisnya, menurut saya luar biasa, karena saya besar di luar negeri. Kalau saya bahasa Inggrisnya bagus, ya wajar, saya pernah tinggal di daerah-daerah situ. Tapi anak ini, saya kagum juga sama dia tadi. Siapa namanya itu, ya? Nanti yang...tadi itu yang berbahasa bagus itu, semua ya nanti suruh menghadap saya, ya. Mungkin bagusnya kita kirim juga ke luar negeri, kira-kira, gimana setuju, enggak? Dan, saya kagum, masa baru enam bulan tadi saya lihat, sudah ada yang juara olimpiade ini, juara itu, luar biasa. Juara Olimpiade Matematika, luar biasa, saya sangat terkesima, saya sangat terharu, bahkan. Mudah-mudahan kamera enggak menuju ke saya tadi, sulit saya tahan air mata juga. Sama dengan medsos [media sosial]. Kita terharu, kita keluar air mata karena apa? Karena bangga, karena bahagia, melihat anak-anak kita. Dan, kita tergerak, teringat. Kenapa kita teringat? Bayangkan, bayangkan, kalau waktu itu kita, saya dan menteri-menteri, tidak ambil sikap yang berani, mari kita berbuat yang mungkin tidak lazim. Kita bikin sekolah yang terbaik, sekolah berasrama untuk mereka-mereka yang mungkin tidak punya harapan, mereka yang dari keluarga yang kondisinya tertinggal.

Saudara-saudara, Anak-anak, Anak-anak Sekolah Rakyat, Murid-murid, Anak-anakku,
Jangan kau kecil hati, jangan kau malu, orang tuamu hanya buruh atau hanya petani miskin, atau hanya tukang pemulung, jangan kau malu. Mereka, mereka mulia, mereka kerja keras, halal, bekerja dengan keringat untuk masa depanmu. Jangan pernah kecil hati. Hormati orang tuamu, kalau perlu kau pulang, kau sungkem, kau cium kaki orang tuamu. Jangan pernah kau malu. Mereka lebih mulia dari orang-orang pintar, tapi koruptor-koruptor yang berkhianat kepada negara dan bangsa. Saya lebih hormat sama pemulung, saya lebih hormat dengan dengan tukang becak yang kerja dengan keringat daripada mereka yang pintar-pintar tapi mencuri uang rakyat, saya lebih hormat. Karena presiden, ya saya boleh bicara, iya, kan?

Saudara-saudara,
Jadi, saya tidak mau anak-anak SR (Sekolah Rakyat) ya, memang jangan sekali-sekali. Selalu, selalu hormati orang tuamu. Kalau dia belum mampu, bukan salah dia, bukan salah orang tuamu. Memang negara kita belum mampu memberi terbaik untuk semua rakyat. Tapi kita akan berjuang keras, kita berjuang keras, supaya semua kekayaan negara akan dirasakan oleh seluruh rakyat Indonesia.

Saya kira saya tidak mau panjang lebar pidato, ya, nanti bisa kebablasan ini, karena saya kalau sudah begini, ya, bisa dua-tiga jam pidato saya. Apalagi saya lihat ada kopi di sini. Saya minta izin, boleh minum kopi? Boleh? Izinnya ke siapa, ya? Saya minta izin minum, ya. Biasanya kalau habis satu cangkir itu, pidato saya tiga jam. Masih kuat dengar saya? Benar? Benar? Anak-anakku, mau dengar aku terus? Yang anak-anak pengin, hanya menteri-menteri saya capai. Karena menteri-menteri saya, tiga kali atau empat kali seminggu dengar pidato semacam ini, dia. Tapi saya, enggak, saya benar-benar bahagia hari ini, kementerian-kementerian saya, kabinet saya, saya merasakan kompak. Jangan percaya orang-orang yang terlalu pintar, ya, yang ngomong di mana, di sosmed [social media], menganalisa, terjadi sesuatu perpecahan di antara lingkungannya Prabowo, wah, seru. Saya sendiri, saya sendiri, tertarik, dari mana ini?

Tapi enggak, saya merasa kerja keras, kompak, teamwork yang luar biasa, ya, sehingga kita mencapai keberhasilan demi keberhasilan, bukti demi bukti. Desember 31, 2025. Saya ulangi, Desember 31, tahun 2025, resmi Indonesia mencapai swasembada beras. Di tengah tahun 2024 dan 2025, Indonesia mengalami El Nino dilanjutkan dengan kekeringan berkepanjangan, kita bisa mengatasi, dan kita bisa menghasilkan produksi beras tertinggi sepanjang sejarah Republik Indonesia. Cadangan beras kita di gudang pemerintah hari ini, tertinggi selama sejarah Republik Indonesia, Saudara-saudara, dan kita akan terus memperkuat, terus memperkuat. Sebentar lagi, kita swasembada jagung untuk pakan para petani dan peternak. Habis itu, kita akan swasembada di bidang-bidang lain. Juga, hari ini kita berhasil melihat dan meresmikan 166 Sekolah Rakyat. Sasaran kita adalah 500 Sekolah Rakyat sampai tahun 2029, insyallah akan tercapai.

Dan, saya minta maaf kami masih belum bisa menghasilkan lebih banyak daripada yang sekarang, ini pun usahanya sudah luar biasa. Dan, saya untuk itu, saya sampaikan penghormatan saya sebesar-besarnya kepada Menteri Sosial dan jajarannya yang bekerja keras. Tentunya didukung oleh para Menko, ya, Pak Muhaimin, Profesor Pratik, didukung oleh menteri-menteri Dikdasmen, [Kementerian] Dikti dan Sains, Menteri Agama. Semua menteri-menteri yang dukung ini luar biasa. Dan, saya percaya di ujungnya kita akan capai target kita 500 [SR] dan tiap sekolah nanti ujungnya, sasaran kita adalah tiap sekolah adalah 1.000 murid, 1.000 murid. Kalau hari ini baru sampai 15.000 [murid], tapi saya dilaporkan mungkin akhir tahun ini akan mencapai 30.000. Tapi, ujungnya sasaran kita adalah tiap kampus, sekolah, rakyat adalah 1.000 murid, berarti sasaran kita nanti 500.000, 500.000 murid.

Cita-cita saya di akhir masa jabatan saya, tahun 2029, bahwa mereka yang berada di kemiskinan ekstrem, Desil 1 dan 2, bisa kita ubah nasibnya, kita bisa hilangkan kemiskinan ekstrem di Indonesia. Saya percaya itu bisa terjadi. Keberhasilan-keberhasilan kita sangat banyak, tapi kalau saya rinci di sini saya kira panjang sekali. Bukan kita sombong, bukan kita membangga-banggakan, tapi kita harus, kita harus bangga dengan prestasi, kita harus bangga dengan bukti, ya. Tidak boleh kita tidak mengerti keberhasilan. Kita tidak boleh menjadi bangsa yang rendah diri. Rendah hati boleh, jangan rendah diri, jangan inferior. Kalau Indonesia selalu jelek, enggak boleh, tidak benar. Indonesia berprestasi, Indonesia bisa berprestasi, Indonesia akan berprestasi, dan Indonesia akan bangkit menjadi negara yang baik, negara yang maju, negara yang sejahtera.

Saudara-saudara,
Di tengah kondisi dunia yang penuh gejolak, penuh ketidakpastian, kita bersyukur negara kita masih dalam keadaan yang baik, potensi kita sangat besar, kekayaan kita sangat banyak. Tidak gampang puluhan tahun, kekayaan kita kurang tertib dikelola. Tidak mudah, banyak orang mengejek saya, saya tahu. Sebetulnya enggak banyak, segelintir orang saja, hanya dia mungkin punya uang, dia punya sarana, dia bisa menyebarkan, dia bisa menyebarkan sinisme, pesimisme, dan kemungkinan besar mereka dibayar oleh kekuatan-kekuatan asing. Itu keyakinan saya, kepercayaan saya. Kalau orang Indonesia yang bersih, jujur, pasti melihat, yang benar adalah benar, yang tidak benar adalah tidak benar. Kita berbuat yang baik, berbuat yang benar masih dicaci-maki, tapi tidak apa-apa, kita tidak ragu-ragu.

Saya hari ini merasa bahwa tekad kita benar dan dibuktikan benar. Setelah enam bulan kita melihat keadaan anak-anak kita seperti ini, luar biasa ini, ya. Jadi sekali lagi, sekali lagi, saya mengajak semua, seluruh bangsa Indonesia selalu, mari kita bersatu, mari kita kerja sama untuk menghilangkan kemiskinan dan kelaparan dari Indonesia. Kita bangkitkan semua kehidupan bangsa Indonesia. Pendidikan adalah sarana, sarana yang paling benar untuk menghilangkan kemiskinan. Tapi pendidikan butuh uang. Uang kita kalau dicuri, kalau dikorupsi, kurang untuk membangun semua sekolah yang kita ingin bangun, Saudara-saudara, semua kampus yang kita ingin bangun.

Saudara-saudara,
Kita kekurangan dokter, kita kekurangan ratusan ribu dokter. Rakyat kita perlu dokter, perlu dokter gigi. Tidak bisa hanya dengan bicara, dengan memfitnah, menghardik, mengejek, tidak bisa. Kita harus buka sekolah-sekolah, kampus-kampus yang banyak. Dan, saya akan buktikan kepada seluruh rakyat Indonesia, dalam waktu dekat, kita akan buka kampus-kampus kedokteran. Dan, di kampus kedokteran ini, dan rencana saya, kampus-kampus kedokteran, kampus-kampus teknik dan yang sebagainya, nanti dibuka untuk semua anak-anak Indonesia dan mereka tidak boleh bayar, dibayar oleh negara. Saya ingin anaknya tukang pemulung bisa jadi insinyur, bisa jadi dokter, bisa jadi pengusaha, bisa jadi jenderal, itu cita-cita saya, Saudara-saudara. Saya akan bangga melihat itu.

Sekali lagi, kita harus berani. Siapa berani dia menang, berani berbuat. Sebelum berbuat, berani melihat keadaan yang sebenarnya. Berani melihat kesulitan, berani menghadapi kesulitan. Jangan lari dari kesulitan, jangan menutupi kesulitan. Lihat kesulitan, hadapi, atasi. Baru kita bangkit sebagai bangsa. Terima kasih. Cukup?

Saudara-saudara,
Karena saya harus ada acara lagi di Balikpapan, meresmikan suatu kilang, suatu modernisasi kilang minyak di Balikpapan. Dengan modernisasi kilang minyak ini, kita akan menghemat devisa yang banyak. Kita tidak perlu lagi impor-impor terlalu banyak BBM [bahan bakar minyak].

Saudara-saudara,
Kita mengerti, masalah sudah mengerti. Tim saya sudah mengerti, tim saya bekerja keras. Kita hadapi, ada bencana, kita atasi, ya, kan? Ada kesulitan kita atasi. Terima kasih, tim saya semuanya. Di depan rakyat, saya mengatakan, saya bangga dengan prestasi tim saya, dan saya percaya, kita dalam bulan-bulan akan datang, kita akan beri terus-menerus bukti hasil prestasi kepada rakyat Indonesia dalam minggu-minggu, bulan-bulan, dan tahun-tahun mendatang. Tentunya, kami, saya, tidak punya tongkat Nabi Musa. Saya juga tidak punya tongkat Nabi Sulaiman. Tidak bisa seketika. Tapi insyaallah, setapak demi setapak, kita bekerja dengan cepat. Perjalanan seribu kilometer dimulai dengan satu langkah dan kita sudah berbuat banyak langkah, Saudara-saudara sekalian.

Makan Bergizi Gratis (MBG) hari ini, kalau tidak salah, sudah mencapai 58 juta, 58 juta penerima manfaat, 58 juta anak-anak, ibu-ibu hamil, dan lansia menerima makan tiap hari, tiap hari sekolah, ya. Tapi kalau yang ibu-ibu hamil, tujuh hari diberi. Lima puluh delapan juta [penerima manfaat], dalam satu tahun. Negara mana yang bisa berbuat itu? Negara mana? Dan, total sudah kita beri makan itu, kalau tidak salah tiga miliar porsi sudah kita cetak, Saudara-saudara sekalian. Ini prestasi. Dan, insyaallah paling lambat akhir tahun ini, kita akan sampai sasaran kita, 82 juta lebih penerima manfaat. Kalau Januari saja sudah 58 juta, saya percaya kita akan capai [bulan] Desember. Walaupun Kepala BGN [Badan Gizi Nasional] mengatakan, ""Tidak, Pak, kami akan lebih cepat dari Desember."" Oke, jangan dipaksa. Teliti. Buat yang terbaik. Kita juga akan melihat beroperasinya minimal 25 ribu Koperasi Merah Putih. Dari rencana kita 81 ribu, kita yakin bulan Maret-April akan berfungsi beroperasi 25 ribu koperasi. Berarti akhir Desember, saya berharap akan mencapai minimal 60 ribu Koperasi Merah Putih, Desember 2026. Artinya, ekonomi kita akan bangkit di semua bidang.

Saya kira itu. Terima kasih sekali lagi, semua unsur yang bekerja keras untuk Sekolah Rakyat. Terima kasih anak-anakku, atas semangatmu. Guru-guru, terima kasih. Kepala sekolah, terima kasih. Saya minta dibina dengan baik. Guru harus selalu memberi contoh, ya, guru harus memberi contoh. Saya minta para guru selalu memberi yang terbaik, memberi contoh. Tampil di depan murid harus dalam keadaan yang baik, yang tertib, yang rapi, ya. Kalau perlu saya minta juga bantuan TNI dan Polri secara bergilir, mungkin mengirim beberapa perwira untuk bantu, mungkin dikunjungi bergiliran dan dibina, diberi cara berpakaian yang baik, cara pakai dasi yang baik, ya, cara pakai baret yang baik. Saya minta Seskab dan Mensesneg bantu Mensos, bantu Menko-Menko. Dilihat lagi, ya, kan, yang mungkin kurang apa, kita perbaiki, ya, kan. Kalau ada baret-baret yang kekecilan diganti yang tidak kekecilan, ya.

Jadi Saudara-saudara,
Anak-anak Indonesia yang akan digembleng di candradimuka tadi, candradimuka Sekolah Rakyat harus dibina dengan baik. Penampilannya harus baik. Luar biasa tadi yang dari Pasuruan, ya? Hebat sekali, lo, komandannya suruh menghadap saya nanti. Saya kira tidak kalah dengan SMA Taruna Nusantara (TN). Sikapnya itu, lo. Balik kanannya itu luar biasa, saya belum pernah lihat, enggak tahu saya. Pak Sugiono, kepala lembaga, ya? Kau kepala lembaga TN, ya? Kau lulusan TN, ya? Enggak yakin so, balik kananmu sama dengan ini. Tapi kamu sudah menteri, saya enggak mau uji kamu. Duduk, duduk, duduk. Gila, ya. Wah, luar biasa.

Saya ini, saya ini orang Jawa tapi dari Banyumas. Setengah Banyumas, setengah Sulawesi. Jadi kalau orang Banyumas itu agak beda dengan orang Solo. Mana, ada orang Solo di sini? Kalau orang Solo itu bicaranya halus, ya, kan? Kalau Banyumas itu bisa-bisa orang Banyumas itu ya, mungkin mirip-mirip Madura lah, kira-kira, ya. Jadi, apa adanya. Kalau tidak benar, saya bilang tidak benar. Tapi kalau baik, saya bilang baik. Kalau hebat, saya bilang hebat. Kalau kagum, walaupun anak kecil, saya kagum tadi. Luar biasa tadi baris-berbarisnya. Mungkin, mungkin kira-kira apa? Kita kasih beasiswa juga anak itu, ya. Kita lihat umurnya berapa. Kita jangan ragu-ragu. Prestasi, hormati, beri penghargaan. Cepat.

Salah satu kekurangan bangsa kita adalah pelit, pelit memberi penghargaan, ya. Tapi saya senang sekarang. Panglima TNI dan Kapolri tidak pelit. Berprestasi, naikin pangkat. Apa ruginya? Ya, kan. Kalau yang sipil-sipil, berprestasi, kalau masih sekolah, kasih beasiswa, sekolahkan ke mana, ya. Yang nakal-nakal, bina lagi, enggak apa-apa, ya, kan. Saya dulu waktu muda, ya, tergolong murid yang ya, agak nakal juga.

Saya kira itu dari saya. Terima kasih sekali lagi.

Wassalamualaikum warahmatullahi wabarakatuh,
Salam sejahtera untuk kita sekalian,
Syalom,
Salve,
Om santi santi santi om,
Namo Buddhaya, 
Salam kebajikan.

Semoga Tuhan Maha Besar, Allah Swt., senantiasa melindungi Saudara-saudara sekalian, melindungi anak-anak kita. Semoga seterusnya terus semangat, terus bekerja keras. Belajar, belajar, belajar, untuk nanti Saudara-saudara angkat orang tuamu ke tempat yang lebih baik.","Bismillahirrahmanirrahim,

Assalamu'alaikum warahmatullahi wabarakatuh,
Selamat pagi oh sudah selamat siang,
Salam sejahtera bagi kita sekalian,
Syalom,
Salve,
Om swastiastu,
Namo Buddhaya, 
Salam kebajikan.

Yang saya hormati, Menteri Sosial Saudara Saifullah Yusuf sebagai penyelenggara, Wakil Menteri Sosial Saudara Agus Jabo Priyono bersama seluruh jajaran Kementerian Sosial;
Menteri Koordinator Pemberdayaan Masyarakat, Saudara Abdul Muhaimin Iskandar; Para menteri koordinator, para menteri, para kepala badan, Panglima TNI, Kapolri, serta seluruh anggota Kabinet Merah Putih, para wakil menteri, wakil kepala badan yang hadir, yang saya hormati;
Para kepala daerah yang hadir, Gubernur Kalimantan Selatan Saudara Muhidin yang saya hormati, Gubernur Jawa Timur Saudari Khofifah Indar Parawansa yang saya hormati, Gubernur Jambi Saudara Al Haris yang saya hormati, Gubernur Sulawesi Tenggara Saudara Andi Sumangerukka, Gubernur Nusa Tenggara Timur Saudara Emanuel Melkiades Laka yang saya hormati; Gubernur Maluku Utara Saudari Sherly Tjoanda, kok yang tepuk tangan Gubernur Maluku Utara;
Gubernur Nusa Tenggara Barat Saudara Lalu Muhamad Iqbal yang saya hormati.

Para gubernur, para bupati, dan wali kota, mungkin yang hadir juga ini banyak sekali bupati, ini bupati yang hadir di sini, ya? Bupati Ogan Komering Ulu Saudara Teddy Meilwansyah, Bupati Kepulauan Anambas Saudara Aneng, Bupati Natuna Saudara Cen Sui Lan, Bupati Kaur Saudara Gusril Pausi, Bupati Lampung Selatan Saudara Radityo Egy Pratama, Bupati Lebak Saudara Moch. Hasbi Asyidiki Jayabaya, Bupati Pandeglang Saudari R. Dewi Setiani, Bupati Sumedang Saudara Dony Ahmad Munir, Bupati Kuningan Saudara Dian Rachmat Yanuar, Bupati Majalengka Saudara Eman Suherman, Bupati Wonosobo Saudara Agus Subagiyo, Bupati Cilacap Saudara Syamsul Auliya Rachman, Bupati Rembang Saudara Harno, Bupati Sragen Saudara Sigit Pamungkas, Bupati Katingan Saudara Saiful, Bupati Barito Kuala Saudara Bahrul Ilmi, Bupati Bua Lemo Saudara Rum Pagau, Bupati Pangkajene Kepulauan Saudara Muhammad Yusran Lalogau, Bupati Soppeng Saudara Suwardi Haseng, Bupati Buton Tengah Saudara Azhari, Bupati Maluku Tengah Saudara Zulkarnain Awat Amir, Bupati Bone Saudara Andi Asman Sulaiman, Wali Kota Bandar Lampung Saudari Eva Dwiana, Wali Kota Cirebon Saudara Effendi Edo, Wali Kota Kediri Saudari Vinanda Prameswari, Prameswati, sorry, ya, Wali Kota Blitar Saudara Syauqul Muhibbin, Wali Kota Pasuruan Saudara Adi Wibowo, Wali Kota Palangkaraya Saudara Fairid Naparin, Wali Kota Banjarbaru Saudari Erna Lisa Halaby.

Menko-Menko yang hadir tadi, ya, Menteri Koordinator Pembangunan Manusia dan Kebudayaan Saudara Pratikno, tadi Saudara Muhaimin sudah tadi saya sebut, Menteri Sekretaris Negara, Prasetyo Hadi, Saudara Prasetyo Hadi, Menteri Luar Negeri Saudara Sugiono, Menteri Pendidikan Dasar dan Menengah Profesor Abdul Mu'ti, Menteri Pendidikan Tinggi, Sains, dan Teknologi Profesor Brian Yuliarto, Menteri Komunikasi dan Digital Saudara Meutya Viada Hafid, yang saya hormati Menteri Pekerjaan Umum Saudara Dody Hanggodo, Menteri Pendayagunaan Aparatur Negara dan Reformasi Bidokrasi Saudari Rini Widyantini, Menteri Pemberdayaan Perempuan dan Perlindungan Anak Saudari Arifah Choiri Fauzi, Menteri Perhubungan Saudara Dudy Purwagandhi.

Tadi Panglima TNI Jenderal TNI Agus Subiyanto, Kapolri Jenderal Polisi Listyo Sigit Prabowo tadi sudah disebut, Sekretaris Kabinet RI Letkol Teddy Indra Wijaya, Kepala Staf Kepresidenan Saudara Muhammad Qodari, Kepala Badan Komunikasi Pemerintah Saudara Angga Raka Prabowo. Nama Prabowo kok, banyak sekali ini. Pasti orang baik, yang namanya Prabowo ini, mudah-mudahan, insyaallah. Kepala Badan Pusat Statistik Saudari Amalia Widyasanti, Kepala Badan Pengawasan Keuangan dan Pembangunan Saudara Muhammad Yusuf Ateh. Kau asal mana ya, Pak Ateh? Sunda? Ha? Palembang-Sunda? Oke. Kepala Badan Percepatan Pengentasan Kemiskinan Saudara Budiman Sudjatmiko. Ada? Coba dicatat ini. Ini sambil saya absen, ini absen sebetulnya ini. Kepala Perpustakaan Nasional RI Saudara Aminudin Aziz, ya, bagus hadir, saya catat ini. Wakil Menteri Kesehatan Saudara Benjamin Paulus Octavianus, Wakil Menteri Dalam Negeri Saudara Letnan Jenderal Polisi Akhmad Wiyagus, Wakil Menteri Agraria dan Tata Ruang Saudara Ossy Dermawan, terima kasih.

Saudara-saudara,
Terima kasih kesabaran Saudara-saudara. Kenapa saya bacakan satu-satu? Karena mereka sudah membuat atau mengeluarkan suatu usaha, tenaga, mereka meluangkan waktu mereka hadir jauh-jauh ke sini, jadi saya kira pantas untuk disebut. Eh, Menteri [Kepala] Bappenas, belum, ya? Wah, enggak ada ini, [Kepala] Bappenas di sini, wah, aduh, gimana? Hah? Mana, sekpri? Gimana, sekpri? Ngarang,kau. Wah, pelakunya ini. Sekpri saya, Saudara Agung Surahman akan menikah tanggal 18, 18 Januari ini, hari Sabtu. Berapa hari sebelum menikah, masih mau kerja, masih mau masuk. Jadi walaupun tadi agak kurang, ya saya maafkan, lah. Apa? Enggak dengar saya, kau. Kaget saya pagi-pagi, ""Saya ikut, Pak"", ""Lo, kau kan, mau menikah sebentar lagi, sudah siap semua?"", ""Sudah, Pak, sudah siap semua"", masih mau hadir, ya, walaupun kurang-kurang dikit, ya. Profesor Rahmat Pambudi [Menteri PPN/Kepala Bappenas], terima kasih. Kenapa kau buka kopiah? Supaya kelihatan pintar. Jadi, kalau orang botak itu pasti pintar. Orang pintar belum tentu botak tapi kalau orang botak pasti pintar, dan saya beruntung karena tim saya banyak orang botak. Di sini ada berapa dirut? Dirut Agrinas Pangan, ini orang dari Timor Timur tadinya, tapi loyal sama merah-putih, ikut ke sini, beliau namanya Joao Mota, namanya panjang sekali, Joao Angelo De Sousa Mota, benar? Kepala juga mulai botak, pintar pasti.

Saudara-saudara sekalian,
Saya hari ini sangat bahagia, Saudara-saudara sekalian. Saya ucapkan terima kasih kepada semua unsur dan semua K/L, semua lembaga, semua elemen yang telah bekerja mewujudkan suatu langkah. Menurut saya ini langkah, langkah terobosan, langkah berani, terima kasih semuanya, kita telah mewujudkan upaya ini. Dan, saya terus terang saja cukup bahagia, cukup besar hati, saya terharu sebetulnya, melihat dampak daripada upaya kita. Yang saya katakan Saudara-saudara, cara bernegara, cara bernegara. Oh iya, ini saya lihat ada asisten khusus saya juga, Saudara Yuza, botak juga, kan? Saya punya dua asisten khusus, ya, di bidang komunikasi, yang nyusun pidato-pidato saya, yang satu namanya Agung juga, Acil, orang Garut, ya. You lihat, kan, dua-duanya botak, kan? Nah, jadi teori saya benar, mereka pintar-pintar, dan memang mereka pintar-pintar, terima kasih.

Jadi Saudara-saudara,
Cara berpikir, dan cara berpikir tentang bernegara, cara berpikir tentang pembangunan yang konvensional, yang normatif adalah membangun pertumbuhan, ya, dan ada pemikiran selama ini, ya, pemikiran neoliberal, biar yang kaya enggak apa-apa 0,1 persen, lama-lama menurut teori ini, karena pertumbuhan, kekayaan menumpuk, enggak apa-apa menumpuk di atas, lama-lama akan menetes ke bawah. Nah, ini teori, tapi kenyataannya menetesnya kapan sampai ke bawah? Jangan-jangan menetesnya 300 tahun, kita sudah mati semua. Ini menurut saya, tidak tepat untuk kita, untuk negara seperti kita, yang pernah dijajah, yang merdeka karena perjuangan, merdeka karena ratusan tahun perjuangan, di mana waktu kita merdeka, ya, sebagian besar rakyat kita, ya, tidak punya apa-apa. Kemudian kita bangun, bagus pertumbuhan, ternyata kalau kita hanya mengejar pertumbuhan, dan tidak melihat, tidak berani melihat, pertumbuhan ini benar-benar dirasakan enggak oleh rakyat yang paling bawah? Nah, di situ, disitu tugas para pemimpin. Kita harus berani melihat, kita harus berani melihat kekurangan kita, dan kita harus ambil langkah. Langkah kita harus berani.

Saudara-saudara,
Pertumbuhan harus disertai oleh pemerataan suatu sistem yang tidak cepat. Mengusahakan, mengupayakan pemerataan, sistem itu kurang bermanfaat bagi sebuah bangsa. Saya ingatkan Saudara-saudara sekalian, tujuan bernegara kita, tujuan kita merdeka adalah untuk membawa kesejahteraan, kehidupan yang lebih baik untuk seluruh rakyat Indonesia. Berkali-kali, pendiri-pendiri bangsa kita menggarisbawahi itu, ada dalam Pembukaan Undang-Undang Dasar 1945. Kita harus memajukan kesejahteraan umum, dan juga, yang pertama kita melindungi segenap tumpah darah Indonesia. Melindungi apa? Melindungi dari mana? Melindungi dari ancaman. Ancaman apa? Melindungi dari ancaman kelaparan, melindungi dari ancaman kemiskinan, melindungi dari ancaman penderitaan, melindungi dari ancaman penyakit, ini tujuan kita merdeka. Untuk apa kita merdeka? Kita punya lagu kebangsaan, apa lagu kebangsaan itu hanya untuk dinyanyikan?

Saudara-saudara sekalian,
Saya ingatkan kembali ke semua unsur, terutama orang-orang pintar. Saudara-saudara, kita bernegara untuk memperbaiki kehidupan seluruh rakyat Indonesia, bukan segelintir rakyat, seluruh rakyat Indonesia, itu tujuan bernegara. Dan, untuk itu, saya berterima kasih, waktu saya memang melakukan perintisan karier sebagai prajurit, prajurit TNI karena TNI memang adalah tentara rakyat, TNI dari tahun awal kemerdekaan seterusnya, selalu berada di tempat-tempat yang paling susah. Hari ini pun, TNI bersama Polri terjun di tempat yang paling susah di mana rakyat menderita akibat bencana di Sumatra dan di beberapa tempat, bersama lembaga-lembaga lain, bersama relawan, tapi TNI dan Polri terjun. TNI dan Polri sebenarnya adalah satu, adalah satu, karena TNI dan Polri lahir dari perjuangan kemerdekaan. Saya selalu ingatkan, ya memang kalau negara yang maju, seolah-olah maju, negara Barat, negara apa, tuh, seolah mau pisahkan, polisi urusannya hanya kamtibmas. Lahirnya republik, polisi ikut perang, polisi ikut perang. Di awal, karena kita enggak punya anggaran, kita tidak jelas, awal republik, lahirnya republik. Jadi khusus di Indonesia dan dulu pernah kita jadi satu, tapi enggak apa-apa, yang penting adalah sifat, nafas, semangat, kesadaran, kesadaran berbangsa, cinta tanah air, ini yang paling penting. Dan, saya melihat, hari ini kita buktikan, semua unsur ikut, dan tidak kecil peranan para gubernur dan para bupati kita.

Dan, saya terima kasih, program-program kita berhasil karena dukungan semua, dukungan bupati, dukungan wali kota, dukungan gubernur, dukungan pimpinan polisi, pimpinan tentara, dukungan semua, ke K/L-K/L di mana-mana. Ini bukti kita berbuat sehingga anak-anak kita hari ini, yang tadinya mungkin sulit sekolah, sekarang mereka punya harapan. Saya terkesima hari ini, terus terang saja, terkesima. Bisa ada anak yang tidak punya dalam beberapa bahasa, luar biasa, yang mereka itu, yang bahasa Inggrisnya, menurut saya luar biasa, karena saya besar di luar negeri. Kalau saya bahasa Inggrisnya bagus, ya wajar, saya pernah tinggal di daerah-daerah situ. Tapi anak ini, saya kagum juga sama dia tadi. Siapa namanya itu, ya? Nanti yang...tadi itu yang berbahasa bagus itu, semua ya nanti suruh menghadap saya, ya. Mungkin bagusnya kita kirim juga ke luar negeri, kira-kira, gimana setuju, enggak? Dan, saya kagum, masa baru enam bulan tadi saya lihat, sudah ada yang juara olimpiade ini, juara itu, luar biasa. Juara Olimpiade Matematika, luar biasa, saya sangat terkesima, saya sangat terharu, bahkan. Mudah-mudahan kamera enggak menuju ke saya tadi, sulit saya tahan air mata juga. Sama dengan medsos [media sosial]. Kita terharu, kita keluar air mata karena apa? Karena bangga, karena bahagia, melihat anak-anak kita. Dan, kita tergerak, teringat. Kenapa kita teringat? Bayangkan, bayangkan, kalau waktu itu kita, saya dan menteri-menteri, tidak ambil sikap yang berani, mari kita berbuat yang mungkin tidak lazim. Kita bikin sekolah yang terbaik, sekolah berasrama untuk mereka-mereka yang mungkin tidak punya harapan, mereka yang dari keluarga yang kondisinya tertinggal.

Saudara-saudara, Anak-anak, Anak-anak Sekolah Rakyat, Murid-murid, Anak-anakku,
Jangan kau kecil hati, jangan kau malu, orang tuamu hanya buruh atau hanya petani miskin, atau hanya tukang pemulung, jangan kau malu. Mereka, mereka mulia, mereka kerja keras, halal, bekerja dengan keringat untuk masa depanmu. Jangan pernah kecil hati. Hormati orang tuamu, kalau perlu kau pulang, kau sungkem, kau cium kaki orang tuamu. Jangan pernah kau malu. Mereka lebih mulia dari orang-orang pintar, tapi koruptor-koruptor yang berkhianat kepada negara dan bangsa. Saya lebih hormat sama pemulung, saya lebih hormat dengan dengan tukang becak yang kerja dengan keringat daripada mereka yang pintar-pintar tapi mencuri uang rakyat, saya lebih hormat. Karena presiden, ya saya boleh bicara, iya, kan?

Saudara-saudara,
Jadi, saya tidak mau anak-anak SR (Sekolah Rakyat) ya, memang jangan sekali-sekali. Selalu, selalu hormati orang tuamu. Kalau dia belum mampu, bukan salah dia, bukan salah orang tuamu. Memang negara kita belum mampu memberi terbaik untuk semua rakyat. Tapi kita akan berjuang keras, kita berjuang keras, supaya semua kekayaan negara akan dirasakan oleh seluruh rakyat Indonesia.

Saya kira saya tidak mau panjang lebar pidato, ya, nanti bisa kebablasan ini, karena saya kalau sudah begini, ya, bisa dua-tiga jam pidato saya. Apalagi saya lihat ada kopi di sini. Saya minta izin, boleh minum kopi? Boleh? Izinnya ke siapa, ya? Saya minta izin minum, ya. Biasanya kalau habis satu cangkir itu, pidato saya tiga jam. Masih kuat dengar saya? Benar? Benar? Anak-anakku, mau dengar aku terus? Yang anak-anak pengin, hanya menteri-menteri saya capai. Karena menteri-menteri saya, tiga kali atau empat kali seminggu dengar pidato semacam ini, dia. Tapi saya, enggak, saya benar-benar bahagia hari ini, kementerian-kementerian saya, kabinet saya, saya merasakan kompak. Jangan percaya orang-orang yang terlalu pintar, ya, yang ngomong di mana, di sosmed [social media], menganalisa, terjadi sesuatu perpecahan di antara lingkungannya Prabowo, wah, seru. Saya sendiri, saya sendiri, tertarik, dari mana ini?

Tapi enggak, saya merasa kerja keras, kompak, teamwork yang luar biasa, ya, sehingga kita mencapai keberhasilan demi keberhasilan, bukti demi bukti. Desember 31, 2025. Saya ulangi, Desember 31, tahun 2025, resmi Indonesia mencapai swasembada beras. Di tengah tahun 2024 dan 2025, Indonesia mengalami El Nino dilanjutkan dengan kekeringan berkepanjangan, kita bisa mengatasi, dan kita bisa menghasilkan produksi beras tertinggi sepanjang sejarah Republik Indonesia. Cadangan beras kita di gudang pemerintah hari ini, tertinggi selama sejarah Republik Indonesia, Saudara-saudara, dan kita akan terus memperkuat, terus memperkuat. Sebentar lagi, kita swasembada jagung untuk pakan para petani dan peternak. Habis itu, kita akan swasembada di bidang-bidang lain. Juga, hari ini kita berhasil melihat dan meresmikan 166 Sekolah Rakyat. Sasaran kita adalah 500 Sekolah Rakyat sampai tahun 2029, insyallah akan tercapai.

Dan, saya minta maaf kami masih belum bisa menghasilkan lebih banyak daripada yang sekarang, ini pun usahanya sudah luar biasa. Dan, saya untuk itu, saya sampaikan penghormatan saya sebesar-besarnya kepada Menteri Sosial dan jajarannya yang bekerja keras. Tentunya didukung oleh para Menko, ya, Pak Muhaimin, Profesor Pratik, didukung oleh menteri-menteri Dikdasmen, [Kementerian] Dikti dan Sains, Menteri Agama. Semua menteri-menteri yang dukung ini luar biasa. Dan, saya percaya di ujungnya kita akan capai target kita 500 [SR] dan tiap sekolah nanti ujungnya, sasaran kita adalah tiap sekolah adalah 1.000 murid, 1.000 murid. Kalau hari ini baru sampai 15.000 [murid], tapi saya dilaporkan mungkin akhir tahun ini akan mencapai 30.000. Tapi, ujungnya sasaran kita adalah tiap kampus, sekolah, rakyat adalah 1.000 murid, berarti sasaran kita nanti 500.000, 500.000 murid.

Cita-cita saya di akhir masa jabatan saya, tahun 2029, bahwa mereka yang berada di kemiskinan ekstrem, Desil 1 dan 2, bisa kita ubah nasibnya, kita bisa hilangkan kemiskinan ekstrem di Indonesia. Saya percaya itu bisa terjadi. Keberhasilan-keberhasilan kita sangat banyak, tapi kalau saya rinci di sini saya kira panjang sekali. Bukan kita sombong, bukan kita membangga-banggakan, tapi kita harus, kita harus bangga dengan prestasi, kita harus bangga dengan bukti, ya. Tidak boleh kita tidak mengerti keberhasilan. Kita tidak boleh menjadi bangsa yang rendah diri. Rendah hati boleh, jangan rendah diri, jangan inferior. Kalau Indonesia selalu jelek, enggak boleh, tidak benar. Indonesia berprestasi, Indonesia bisa berprestasi, Indonesia akan berprestasi, dan Indonesia akan bangkit menjadi negara yang baik, negara yang maju, negara yang sejahtera.

Saudara-saudara,
Di tengah kondisi dunia yang penuh gejolak, penuh ketidakpastian, kita bersyukur negara kita masih dalam keadaan yang baik, potensi kita sangat besar, kekayaan kita sangat banyak. Tidak gampang puluhan tahun, kekayaan kita kurang tertib dikelola. Tidak mudah, banyak orang mengejek saya, saya tahu. Sebetulnya enggak banyak, segelintir orang saja, hanya dia mungkin punya uang, dia punya sarana, dia bisa menyebarkan, dia bisa menyebarkan sinisme, pesimisme, dan kemungkinan besar mereka dibayar oleh kekuatan-kekuatan asing. Itu keyakinan saya, kepercayaan saya. Kalau orang Indonesia yang bersih, jujur, pasti melihat, yang benar adalah benar, yang tidak benar adalah tidak benar. Kita berbuat yang baik, berbuat yang benar masih dicaci-maki, tapi tidak apa-apa, kita tidak ragu-ragu.

Saya hari ini merasa bahwa tekad kita benar dan dibuktikan benar. Setelah enam bulan kita melihat keadaan anak-anak kita seperti ini, luar biasa ini, ya. Jadi sekali lagi, sekali lagi, saya mengajak semua, seluruh bangsa Indonesia selalu, mari kita bersatu, mari kita kerja sama untuk menghilangkan kemiskinan dan kelaparan dari Indonesia. Kita bangkitkan semua kehidupan bangsa Indonesia. Pendidikan adalah sarana, sarana yang paling benar untuk menghilangkan kemiskinan. Tapi pendidikan butuh uang. Uang kita kalau dicuri, kalau dikorupsi, kurang untuk membangun semua sekolah yang kita ingin bangun, Saudara-saudara, semua kampus yang kita ingin bangun.

Saudara-saudara,
Kita kekurangan dokter, kita kekurangan ratusan ribu dokter. Rakyat kita perlu dokter, perlu dokter gigi. Tidak bisa hanya dengan bicara, dengan memfitnah, menghardik, mengejek, tidak bisa. Kita harus buka sekolah-sekolah, kampus-kampus yang banyak. Dan, saya akan buktikan kepada seluruh rakyat Indonesia, dalam waktu dekat, kita akan buka kampus-kampus kedokteran. Dan, di kampus kedokteran ini, dan rencana saya, kampus-kampus kedokteran, kampus-kampus teknik dan yang sebagainya, nanti dibuka untuk semua anak-anak Indonesia dan mereka tidak boleh bayar, dibayar oleh negara. Saya ingin anaknya tukang pemulung bisa jadi insinyur, bisa jadi dokter, bisa jadi pengusaha, bisa jadi jenderal, itu cita-cita saya, Saudara-saudara. Saya akan bangga melihat itu.

Sekali lagi, kita harus berani. Siapa berani dia menang, berani berbuat. Sebelum berbuat, berani melihat keadaan yang sebenarnya. Berani melihat kesulitan, berani menghadapi kesulitan. Jangan lari dari kesulitan, jangan menutupi kesulitan. Lihat kesulitan, hadapi, atasi. Baru kita bangkit sebagai bangsa. Terima kasih. Cukup?

Saudara-saudara,
Karena saya harus ada acara lagi di Balikpapan, meresmikan suatu kilang, suatu modernisasi kilang minyak di Balikpapan. Dengan modernisasi kilang minyak ini, kita akan menghemat devisa yang banyak. Kita tidak perlu lagi impor-impor terlalu banyak BBM [bahan bakar minyak].

Saudara-saudara,
Kita mengerti, masalah sudah mengerti. Tim saya sudah mengerti, tim saya bekerja keras. Kita hadapi, ada bencana, kita atasi, ya, kan? Ada kesulitan kita atasi. Terima kasih, tim saya semuanya. Di depan rakyat, saya mengatakan, saya bangga dengan prestasi tim saya, dan saya percaya, kita dalam bulan-bulan akan datang, kita akan beri terus-menerus bukti hasil prestasi kepada rakyat Indonesia dalam minggu-minggu, bulan-bulan, dan tahun-tahun mendatang. Tentunya, kami, saya, tidak punya tongkat Nabi Musa. Saya juga tidak punya tongkat Nabi Sulaiman. Tidak bisa seketika. Tapi insyaallah, setapak demi setapak, kita bekerja dengan cepat. Perjalanan seribu kilometer dimulai dengan satu langkah dan kita sudah berbuat banyak langkah, Saudara-saudara sekalian.

Makan Bergizi Gratis (MBG) hari ini, kalau tidak salah, sudah mencapai 58 juta, 58 juta penerima manfaat, 58 juta anak-anak, ibu-ibu hamil, dan lansia menerima makan tiap hari, tiap hari sekolah, ya. Tapi kalau yang ibu-ibu hamil, tujuh hari diberi. Lima puluh delapan juta [penerima manfaat], dalam satu tahun. Negara mana yang bisa berbuat itu? Negara mana? Dan, total sudah kita beri makan itu, kalau tidak salah tiga miliar porsi sudah kita cetak, Saudara-saudara sekalian. Ini prestasi. Dan, insyaallah paling lambat akhir tahun ini, kita akan sampai sasaran kita, 82 juta lebih penerima manfaat. Kalau Januari saja sudah 58 juta, saya percaya kita akan capai [bulan] Desember. Walaupun Kepala BGN [Badan Gizi Nasional] mengatakan, ""Tidak, Pak, kami akan lebih cepat dari Desember."" Oke, jangan dipaksa. Teliti. Buat yang terbaik. Kita juga akan melihat beroperasinya minimal 25 ribu Koperasi Merah Putih. Dari rencana kita 81 ribu, kita yakin bulan Maret-April akan berfungsi beroperasi 25 ribu koperasi. Berarti akhir Desember, saya berharap akan mencapai minimal 60 ribu Koperasi Merah Putih, Desember 2026. Artinya, ekonomi kita akan bangkit di semua bidang.

Saya kira itu. Terima kasih sekali lagi, semua unsur yang bekerja keras untuk Sekolah Rakyat. Terima kasih anak-anakku, atas semangatmu. Guru-guru, terima kasih. Kepala sekolah, terima kasih. Saya minta dibina dengan baik. Guru harus selalu memberi contoh, ya, guru harus memberi contoh. Saya minta para guru selalu memberi yang terbaik, memberi contoh. Tampil di depan murid harus dalam keadaan yang baik, yang tertib, yang rapi, ya. Kalau perlu saya minta juga bantuan TNI dan Polri secara bergilir, mungkin mengirim beberapa perwira untuk bantu, mungkin dikunjungi bergiliran dan dibina, diberi cara berpakaian yang baik, cara pakai dasi yang baik, ya, cara pakai baret yang baik. Saya minta Seskab dan Mensesneg bantu Mensos, bantu Menko-Menko. Dilihat lagi, ya, kan, yang mungkin kurang apa, kita perbaiki, ya, kan. Kalau ada baret-baret yang kekecilan diganti yang tidak kekecilan, ya.

Jadi Saudara-saudara,
Anak-anak Indonesia yang akan digembleng di candradimuka tadi, candradimuka Sekolah Rakyat harus dibina dengan baik. Penampilannya harus baik. Luar biasa tadi yang dari Pasuruan, ya? Hebat sekali, lo, komandannya suruh menghadap saya nanti. Saya kira tidak kalah dengan SMA Taruna Nusantara (TN). Sikapnya itu, lo. Balik kanannya itu luar biasa, saya belum pernah lihat, enggak tahu saya. Pak Sugiono, kepala lembaga, ya? Kau kepala lembaga TN, ya? Kau lulusan TN, ya? Enggak yakin so, balik kananmu sama dengan ini. Tapi kamu sudah menteri, saya enggak mau uji kamu. Duduk, duduk, duduk. Gila, ya. Wah, luar biasa.

Saya ini, saya ini orang Jawa tapi dari Banyumas. Setengah Banyumas, setengah Sulawesi. Jadi kalau orang Banyumas itu agak beda dengan orang Solo. Mana, ada orang Solo di sini? Kalau orang Solo itu bicaranya halus, ya, kan? Kalau Banyumas itu bisa-bisa orang Banyumas itu ya, mungkin mirip-mirip Madura lah, kira-kira, ya. Jadi, apa adanya. Kalau tidak benar, saya bilang tidak benar. Tapi kalau baik, saya bilang baik. Kalau hebat, saya bilang hebat. Kalau kagum, walaupun anak kecil, saya kagum tadi. Luar biasa tadi baris-berbarisnya. Mungkin, mungkin kira-kira apa? Kita kasih beasiswa juga anak itu, ya. Kita lihat umurnya berapa. Kita jangan ragu-ragu. Prestasi, hormati, beri penghargaan. Cepat.

Salah satu kekurangan bangsa kita adalah pelit, pelit memberi penghargaan, ya. Tapi saya senang sekarang. Panglima TNI dan Kapolri tidak pelit. Berprestasi, naikin pangkat. Apa ruginya? Ya, kan. Kalau yang sipil-sipil, berprestasi, kalau masih sekolah, kasih beasiswa, sekolahkan ke mana, ya. Yang nakal-nakal, bina lagi, enggak apa-apa, ya, kan. Saya dulu waktu muda, ya, tergolong murid yang ya, agak nakal juga.

Saya kira itu dari saya. Terima kasih sekali lagi.

Wassalamualaikum warahmatullahi wabarakatuh,
Salam sejahtera untuk kita sekalian,
Syalom,
Salve,
Om santi santi santi om,
Namo Buddhaya, 
Salam kebajikan.

Semoga Tuhan Maha Besar, Allah Swt., senantiasa melindungi Saudara-saudara sekalian, melindungi anak-anak kita. Semoga seterusnya terus semangat, terus bekerja keras. Belajar, belajar, belajar, untuk nanti Saudara-saudara angkat orang tuamu ke tempat yang lebih baik.",24461,3441,1715,872,d4e324ae3e214de594d66380477793f6fe3b6582a51bfff42c707f76b6f6bcdd,"{""remove_urls"": true, ""remove_email"": true, ""remove_source_note"": true, ""normalize_unicode"": true, ""normalize_whitespace"": true, ""lowercase_for_tokenization"": true, ""remove_numbers_for_tokens"": true, ""min_token_length"": 3, ""apply_general_stopwords"": true, ""apply_domain_stopwords"": true, ""stemming_enabled"": false}",2026-06-11T21:38:26
SPCH_005_WORLD_ECONOMIC_FORUM,NASKAH-PIDATO-PRABOWO-WORLD-ECONOMIC-FORUM.txt,"Distinguished President and CEO of the WEF, Mr. Borge Brende,

Ladies and Gentlemen,

Bismillahirrahmanirrahim,

Assalamu’alaikum warahmatullahi wabarakatuh,

Shalom,

Salve,

Om swastiastu.

Ladies and Gentlemen,

We gather here, in Davos, at a time of great uncertainty. A time when wars continue to break out. A time when trust between nations, between institutions, between peoples, is fragile. History teaches us peace and stability are our most valuable assets. Peace and stability are the ultimate prerequisites for growth and prosperity. There will be no prosperity without peace.

Excellencies, Distinguished Delegates,

The IMF recently described Indonesia as, I quote, a global bright spot with strong economic growth amid a challenging external environment. While the world had faced tightening financial conditions, trade tensions. and political uncertainty, Indonesia continues to grow. Indonesia’s economy grew by more than 5 percent every year over the last decade and I’m confident that this year our growth will be higher. Our inflation remains at around 2 percent. Our government deficit is now cut below 3 percent of our GDP. International institutions did not praise us because of unfounded optimism, they did so because of evidence. They recognize that the Indonesia’s economy is resilient. Our policies have been and will always be well calibrated. Peace and stability in Indonesia over the years did not happen by chance. Peace and stability in my country did not happen by luck. It happened because we, Indonesia, have and will always continue to use unity over fragmentation. Friendship and collaboration over confrontation. And, always friendship over enmity. Our credibility hard earned over many years has been protected. Credibility once lost is very expensive to regain. Indonesia, in our history, has never once defaulted on our payments of our debt, not once. Succeeding regimes always pay the debts of the preceding regime. Presidents, successful presidents will always honor the debts of the previous administration.

Excellencies, Distinguished Friends,

In addition to requiring peace and stability, growth requires statecraft and capital. In particular, the efficient allocation and reallocation of capital. That is why last February we established our sovereign wealth fund, Danantara Indonesia. Danantara needs the energy to power the future of Indonesia. Danantara is a sovereign wealth fund with one trillion US dollars in assets under management. With Danantara, I can stand here in front of you as an equal partner. Indonesia is now not only a land of peace and stability, Indonesia now is more and more the land of opportunity. Once again, I mentioned that I am convinced that our growth, the economy, the growth of our economy will be significantly surprising to many in the world. With Danantara, Indonesia is now able to be your partners. We will co-invest and grow with you. Danantara is established to finance and co-finance the industries of the future. We are determined to industrialize our country in a significant way. The industries of the future must be executed well and wisely. That is why we built Danantara with strong oversight and institutional responsibility, and we try to find the best executives to direct the leadership of Danantara. Danantara now manages 1,044 state-owned enterprises. We are going to bring this down to around at most 300. We will rationalize, we will get rid of inefficiency. We want the best governance and the best management under international standards. I have allowed Danantara to recruit expatriates, foreign citizens, to be able to lead these companies. We want the best brains and the best minds in the world.

This is, in fact, how we run Indonesia now. From our social programs, to our efforts to downstream our natural resources, to our efforts to reach sufficiency in food and energy. All are now accompanied by strong oversight and capable leaders. In the first two months of my administration, we carried out a vigorous efficiency program. We saved 18 billion dollars by stopping inefficient and dubious programs from our budget, and redirected this fund, these funds to projects that directly improve livelihoods and impact all of society.

As a result, on January 6th, 2025, we started our free nutritious meals program for pregnant and lactating mothers, infants, and all Indonesian children. On our first day, we started with 190 kitchens, serving 570,000 people per day, 570,000 meals per day. Today, in one year, we have achieved 21,102 kitchens serving nationwide. As of last night, we are producing 59.8 million meals for 59.8 million children, mothers, and elderly living alone. They receive these meals every day. To put this into context, in about a month’s time, we will surpass McDonald’s, 68 million meals a day. We started in January of last year. This year, we aim to serve 82.9 million meals a day. All children of Indonesia from the womb of their mother up until they reach 18 years of age benefit from this program. For pregnant and lactating mothers, we deliver the meal daily to their home. This is also done, delivered to their homes for the elderly living alone. To put this in the context I mentioned, I think McDonald’s started the first kitchen in 1940, to reach 68 million it took them what 50, 55 decades more. We will reach 82.9 [millions] I hope by the end of December 2026. But my people said, “No, Sir, we will reach 82.9 [millions] before December.” So, hopefully, we will achieve this.

In addition to strengthening our children, our free meals strengthen our economy. More than 61,000 micro, small and medium enterprises, and cooperatives are now a part of this supply chain. We are creating more than 600,000 jobs, just at the kitchens. At its peak, we are optimistic it will reach 1.5 million direct jobs. With vendors, with suppliers, there will be another more than 1 million livelihoods embraced and improved. This is why I’m convinced that our growth will reach impressive numbers.

Our social policies must expand productivity and produce growth. Today, 70 million Indonesians receive free medical checkups and they will receive free medical checkups once a year for the rest of their lives. And, this will increase to all the children and the adults of Indonesia. We are providing free medical checkups to all citizens of Indonesia. This is not a populist program. This is a rational program to save money. By detecting illness, disease at an early stage, we will save much more in the long term in treatment. This actually is a productivity improvement program. My experts say that in the long run, we will save many many billions of US dollars.

Last year, for instance, we renovated 16,140 schools. We equipped 288,000 schools each with one 75-inch interactive flat panel as part of our digitalization of our education program. Next year, in this coming year, 2026, we will add another 1 million of these interactive smart panels. So that every school will have at least three to four classrooms with these panels and we hope within three years, all the schools of Indonesia will have at least six classrooms with digital interactive panels. That means that I, for instance, in Jakarta, I can drop in on any school in Indonesia and I can see the quality of teaching of the teachers. I can see the reaction of the children. And in the first weeks, we see the enthusiasm of the children, the enthusiasm of the teachers, of the villagers. Many of them cry when they see the panels coming in. We get messages: “Mr. President, in the entire history of this village, we have never felt that the Central Government knows about us. This is the first time we feel that the Central Government cares about us, and is now in our village, is now helping to teach our children.” This is for me, heartwarming because what we are doing is we are empowering the future generation of Indonesians.

Why, why does this matter to global investors gathering here at the World Economic Forum? Because I am of the conviction that human capital determines long term growth, long term returns. Human development, human resources, is the key to a thriving and successful nation. Lack of education is the path towards failed states. No country can hope to be stable and prosper if its people are illiterate, if its people are not able to keep up with modern science and technology.

In addition, this year we will increase the renovation. I’m determined to modernize and renovate 60,000 schools. I’m also building 1,000 schools, I would, what I call integrated comprehensive schools with modern facilities, with modern laboratories, 1,000. I have already, I’m sorry, 500, but I’ve already built 160 schools, boarding schools for the very poor. So, this is maybe unique, because usually the children of the upper class, the children of the wealthy, go to boarding school. But, I now make boarding schools for the very poor. Their only condition for entering the school is they must come from the bottom deciles of our society. Those who are very poor, I am taking the children, I want to cut the chain of poverty.

Usually in countries like my countries, countries of the global south, countries of the third world, countries coming out of hundreds of years of colonialism, usually the son of a poor peasant will be a poor peasant, the son of a garbage collector will be a garbage collector, the son of a street hawker will be a street hawker, the son of a day laborer in the harbor will also be a day laborer in the harbor. This is what we call in the global south, the circle of poverty. I’m determined to break the circle. I’m determined that the son of the poorest should not be poor. They must be given equal opportunity and that’s why I’ve already built 166, and I will build a total of 500 of these boarding schools. And, another 500, another 500 not boarding schools but centers of excellence to boost the other children who are brighter. Also, I’ve started 20 new boarding schools for the academically gifted. I’m also building 10 new universities, and I’m discussing and negotiating with the best universities of Europe, United Kingdom, and North America, to twin them, and to produce universities and campus of international standards.

In addition, we are now in the process of building 83,000 cooperatives with 83,000 warehouses, 83,000 cold storages, 83,000 mini markets, 83,000 village drugstores selling generic medicine and all subsidized goods direct to the villages, without intervention from too many middlemen. We are also going to modernize what we call the new fishing villages. We will build at least 1,000 this year, but we actually want to allocate funds for 5,000 villages. Each village will have 2,000 fishermen, we hope to impact 10 million fishermen with their wives and their children, this will impact at least 40 million Indonesians.

We have started a pilot project in Biak, in Papua, and the result is very heartening. The average increase in their livelihood is 60 percent increase in their annual livelihood. Why? Because before, to get ice was impossible for them, there was no ice making factory near the villages. To get diesel very far, we will build diesel stations in every village. They will have access very easily.

Ladies and Gentlemen,

Let me say this clearly. There is no investment climate without the certainty of equitable rule of law. Nobody will come in to invest in a country that’s lawless, or of dubious legal tradition. I am determined under my administration to ensure the rule of law. The rule of law must prevail over any vested interests. In 2025, Indonesia, as I promised, we will confront and we have confronted corruption directly, firmly and openly. As any person dealing with an illness, with a disease, we must be, we must have the courage to acknowledge the illness and disease that we suffer. We are determined, directly, to fight against this corruption. It’s challenging, not many people believe we can do it, but we have no choice. I have no choice. I have been inaugurated, I’ve been sworn in to uphold the constitution and the rule of law.

In my first weeks in government, we uncovered massive abuse in fuel and crude oil governance. In all sectors of the economy, we found illegality, illegal practices. In my first year of administration, we have already confiscated 4 million hectares of illegal plantations and illegal mines. It is amazing. I call this not free enterprise, I call this not the free market. I called it openly greedynomics, the economics of greed, the economics of rapacious practices. Maybe in many of your countries, there was a period like this, a period of the robber barons. I have confiscated 4 million hectares, but two days ago, I led the cabinet meeting by Zoom from London, and we decided to confiscate or to revoke the licenses of 28 corporations which had licenses over 1.01 million hectares I revoked. Because, we found them violating laws. They were building plantations on protected forests. This is a flagrant undermining of the rule of law.

Perhaps these rapacious so-called entrepreneurs feel that they need not recognize the sovereignty of the Indonesian Government or perhaps they feel they can buy all Indonesian government officials. I have reports that some of these people in their meeting say, “Oh, it’s okay, there is no government official that cannot be bought.” Well, I challenge them to try to buy officials for my administration. They will come to find themselves a big surprise. Combined with the 4 million hectares of illegal plantations already confiscated, we have, in fact, enacted the boldest, the most daring forest law enforcement effort in the history of Indonesia. We have closed up to now 1,000 illegal mines.

But my staff, my people report to me, “Sir, there are at least another thousand or more. There could be as many as 666 corporations that violate the law.” So, I say, “What can we do? We can only have the courage to enforce the law. There can be no compromise. There can be no turning back.” My people demand this and we are determined to serve our people in honesty. We are determined, I am determined to uphold my oath, defend the constitution of my country and force the law of the land.

You might not have heard our story, because we are people who do not like to be flamboyant, we are low key, we tend to be below the radar, but we are very determined in our effort to keep up with the rest of the world.

You might not have heard this story, but extreme poverty in Indonesia fell to its lowest level in history. I’m determined, in the next four years, we will eradicate extreme poverty, and we will bring down poverty as a whole. That is my mission in my life. That is my mission in the remaining years of my life. There is nothing more vulnerable, there is nothing more satisfying than bringing down poverty and bringing down eradicating hunger.

There is a saying I learned from my elders, one of my elders, a very wise man, very honest, political leader, he told me, “Prabowo, the duty of a leader is very simple. The leader of this country, if you want to be the leader of this country, you must work. So that the poor and the weak can smile and can laugh. Very simple.” What does that mean? If the poor, the weak, can smile and can laugh, that means they have hope, that means they see a future. That means their livelihood is being improved. So that is my mission now, to make the poorest of Indonesians, the weakest of Indonesians, smile. I think part of this is, we must combat corruption, manipulation, maleficence.

Ladies and Gentlemen,

A few days ago, I was surprised myself, Gallup, Gallup Poll and Harvard University found that a research survey of hundreds of countries found that Indonesia, the Indonesian people are the happiest people, the most flourishing country in the world with the people the most optimistic. This is a bit heartening, but for me also a bit sad. I know my people, many of them live in shuts. Many of them do not have clean water. Many of them do not have bathrooms, [and] many of them eat rice with salt. And yet, they smile. And yet, they have hope. We also achieved sufficiency in rice, the first time in many, many years, our rice production is the highest in the history of Indonesia. I gave a target to be self-sufficient in four years. I gave a target to my team. They did it within one year. I’m convinced in the next four years, we will be self-sufficient in the other food products: corn, sugar, protein.

Excellencies, Distinguished Delegates,

Indonesia does not fear economic integration. We are a trading nation for hundreds of years. We conclude now trade agreements not because it is fashionable, but we consider it necessary. We believe in the concept of win-win. Last year, we signed free trade agreements and comprehensive economic partnership agreements with Europe, with the EU, Canada, Peru, Eurasia. I have just visited the United Kingdom to sign our new strategic partnership, also an economic growth agreement. And, we hope next year we can conclude a comprehensive economic partnership agreement with the United Kingdom. This is part of our strategy to deepen productivity, reduce barriers, unlock private sector growth for Indonesia, ASEAN, and the global South.

We believe that trade integration when done fairly is not a threat to sovereignty. We believe trade is a tool for prosperity. Indonesia has a clear vision. We are determined to become a modern country, integrated with a global economy, providing good quality of life for its citizens, living free of poverty and hunger. But, we understand very well, this cannot be achieved by slogans alone. It requires determination, good governance, clean government, free of corruption and maleficence, and in the end, we must have efficient public administration. We must also enact a new culture in our bureaucracy. Our Government must serve the general good and must not entrench itself in collusion with greedy and rapacious economic players. Achieving our mission also requires smart investment in infrastructure, simplifying rules and regulations, getting rid of too much red tape, and of course significant investment in health and education.

Distinguished Delegates, Friends,

Economic growth requires a dynamic private sector. Indonesia is, and it will always be open for foreign and domestic investment. And, we realize the prerequisite for investment is political and economic stability. Also, the certainty of equitable rule of law, guaranteed by a strong, clean and democratic government. Indonesia today offers sustainable growth with stability. We may be very low key. We may be below the radar. We don’t like to be flamboyant, to be bragging. We believe in evidence, evidence-based action.

In fact, I was invited to speak last year here and I declined, why? Because if I had come last year, I would have only been leading my administration only for two months. So, what will I be able to say? I will only be able to talk, to give platitudes. Today, I stand before you with confidence, with pride in our achievement. We have in one year achieved tremendous gains, tremendous reforms. We have wiped away hundreds and hundreds of regulations that do not make sense, regulations that hinder fairness, that creates the culture of corruption. Hundreds of regulations we have wiped out in one year.

Ladies and Gentlemen,

Peace and stability are a long and arduous program. But if you want to take something from my talk today, maybe it should be this. Indonesia chooses peace over chaos. We want to be a friend to all, an enemy to none. One thousand friends, too few for us. One enemy, too many. We want to be a good neighbor, a good responsible citizen of the world, protecting the environment, protecting nature. We must not destroy nature. We must live with nature. We must maintain and be a part of a future full of hope. Hope grounded in credibility, execution of sound public policy and continuous record of growth with equity.

Let us build the world we want to live in together. Let us continue the journey to improve the quality of life for all, to live in peace, freedom, friendship, tolerance, coexistence and cooperation for all races, all ethnicity, all religions. Let us continue our pursuit of justice for all, security and freedom for all.

I look forward to seeing many of you here in this room, in Indonesia. Because in Bali, this June, we will host the first Ocean Impact Summit together with the World Economic Forum, which Indonesia is sponsoring together with the important participation of Mr. Ray Dalio and his research vessel, OceanX. There is a SpaceX, I think, from Mr. Elon Musk, but I think Mr. Ray Dalio is one of the pioneers in ocean research. And, Indonesia being three-quarters sea, we are very concerned about the future of our ocean.

Ladies and Gentlemen,

Thank you very much for your attention. May you go, may you go in peace with the blessing of the Almighty God.

Wassalamu’alaikum warahmatullahi wabarakatuh,

Shalom,

Salve,

Om santi santi om,

May peace be upon us all.

Thank you.",21485,utf-8,21135,3585,51,5c443ea53ec06c51d42ec156fbe3d3b5aa39f0917b65e264f46f20456f509d67,World Economic Forum,international,filename_contains_international_forum_keyword,2026-01-22,source_url_or_text_pattern,en,https://setkab.go.id/sambutan-presiden-republik-indonesia-pada-world-economic-forum-wef-annual-meeting-2026-di-london-inggris-pada-kamis-22-januari-2026/,setkab.go.id,VALID_SETKAB_DOMAIN_OFFLINE,OK,"Distinguished President and CEO of the WEF, Mr. Borge Brende,

Ladies and Gentlemen,

Bismillahirrahmanirrahim,

Assalamu'alaikum warahmatullahi wabarakatuh,

Shalom,

Salve,

Om swastiastu.

Ladies and Gentlemen,

We gather here, in Davos, at a time of great uncertainty. A time when wars continue to break out. A time when trust between nations, between institutions, between peoples, is fragile. History teaches us peace and stability are our most valuable assets. Peace and stability are the ultimate prerequisites for growth and prosperity. There will be no prosperity without peace.

Excellencies, Distinguished Delegates,

The IMF recently described Indonesia as, I quote, a global bright spot with strong economic growth amid a challenging external environment. While the world had faced tightening financial conditions, trade tensions. and political uncertainty, Indonesia continues to grow. Indonesia's economy grew by more than 5 percent every year over the last decade and I'm confident that this year our growth will be higher. Our inflation remains at around 2 percent. Our government deficit is now cut below 3 percent of our GDP. International institutions did not praise us because of unfounded optimism, they did so because of evidence. They recognize that the Indonesia's economy is resilient. Our policies have been and will always be well calibrated. Peace and stability in Indonesia over the years did not happen by chance. Peace and stability in my country did not happen by luck. It happened because we, Indonesia, have and will always continue to use unity over fragmentation. Friendship and collaboration over confrontation. And, always friendship over enmity. Our credibility hard earned over many years has been protected. Credibility once lost is very expensive to regain. Indonesia, in our history, has never once defaulted on our payments of our debt, not once. Succeeding regimes always pay the debts of the preceding regime. Presidents, successful presidents will always honor the debts of the previous administration.

Excellencies, Distinguished Friends,

In addition to requiring peace and stability, growth requires statecraft and capital. In particular, the efficient allocation and reallocation of capital. That is why last February we established our sovereign wealth fund, Danantara Indonesia. Danantara needs the energy to power the future of Indonesia. Danantara is a sovereign wealth fund with one trillion US dollars in assets under management. With Danantara, I can stand here in front of you as an equal partner. Indonesia is now not only a land of peace and stability, Indonesia now is more and more the land of opportunity. Once again, I mentioned that I am convinced that our growth, the economy, the growth of our economy will be significantly surprising to many in the world. With Danantara, Indonesia is now able to be your partners. We will co-invest and grow with you. Danantara is established to finance and co-finance the industries of the future. We are determined to industrialize our country in a significant way. The industries of the future must be executed well and wisely. That is why we built Danantara with strong oversight and institutional responsibility, and we try to find the best executives to direct the leadership of Danantara. Danantara now manages 1,044 state-owned enterprises. We are going to bring this down to around at most 300. We will rationalize, we will get rid of inefficiency. We want the best governance and the best management under international standards. I have allowed Danantara to recruit expatriates, foreign citizens, to be able to lead these companies. We want the best brains and the best minds in the world.

This is, in fact, how we run Indonesia now. From our social programs, to our efforts to downstream our natural resources, to our efforts to reach sufficiency in food and energy. All are now accompanied by strong oversight and capable leaders. In the first two months of my administration, we carried out a vigorous efficiency program. We saved 18 billion dollars by stopping inefficient and dubious programs from our budget, and redirected this fund, these funds to projects that directly improve livelihoods and impact all of society.

As a result, on January 6th, 2025, we started our free nutritious meals program for pregnant and lactating mothers, infants, and all Indonesian children. On our first day, we started with 190 kitchens, serving 570,000 people per day, 570,000 meals per day. Today, in one year, we have achieved 21,102 kitchens serving nationwide. As of last night, we are producing 59.8 million meals for 59.8 million children, mothers, and elderly living alone. They receive these meals every day. To put this into context, in about a month's time, we will surpass McDonald's, 68 million meals a day. We started in January of last year. This year, we aim to serve 82.9 million meals a day. All children of Indonesia from the womb of their mother up until they reach 18 years of age benefit from this program. For pregnant and lactating mothers, we deliver the meal daily to their home. This is also done, delivered to their homes for the elderly living alone. To put this in the context I mentioned, I think McDonald's started the first kitchen in 1940, to reach 68 million it took them what 50, 55 decades more. We will reach 82.9 [millions] I hope by the end of December 2026. But my people said, ""No, Sir, we will reach 82.9 [millions] before December."" So, hopefully, we will achieve this.

In addition to strengthening our children, our free meals strengthen our economy. More than 61,000 micro, small and medium enterprises, and cooperatives are now a part of this supply chain. We are creating more than 600,000 jobs, just at the kitchens. At its peak, we are optimistic it will reach 1.5 million direct jobs. With vendors, with suppliers, there will be another more than 1 million livelihoods embraced and improved. This is why I'm convinced that our growth will reach impressive numbers.

Our social policies must expand productivity and produce growth. Today, 70 million Indonesians receive free medical checkups and they will receive free medical checkups once a year for the rest of their lives. And, this will increase to all the children and the adults of Indonesia. We are providing free medical checkups to all citizens of Indonesia. This is not a populist program. This is a rational program to save money. By detecting illness, disease at an early stage, we will save much more in the long term in treatment. This actually is a productivity improvement program. My experts say that in the long run, we will save many many billions of US dollars.

Last year, for instance, we renovated 16,140 schools. We equipped 288,000 schools each with one 75-inch interactive flat panel as part of our digitalization of our education program. Next year, in this coming year, 2026, we will add another 1 million of these interactive smart panels. So that every school will have at least three to four classrooms with these panels and we hope within three years, all the schools of Indonesia will have at least six classrooms with digital interactive panels. That means that I, for instance, in Jakarta, I can drop in on any school in Indonesia and I can see the quality of teaching of the teachers. I can see the reaction of the children. And in the first weeks, we see the enthusiasm of the children, the enthusiasm of the teachers, of the villagers. Many of them cry when they see the panels coming in. We get messages: ""Mr. President, in the entire history of this village, we have never felt that the Central Government knows about us. This is the first time we feel that the Central Government cares about us, and is now in our village, is now helping to teach our children."" This is for me, heartwarming because what we are doing is we are empowering the future generation of Indonesians.

Why, why does this matter to global investors gathering here at the World Economic Forum? Because I am of the conviction that human capital determines long term growth, long term returns. Human development, human resources, is the key to a thriving and successful nation. Lack of education is the path towards failed states. No country can hope to be stable and prosper if its people are illiterate, if its people are not able to keep up with modern science and technology.

In addition, this year we will increase the renovation. I'm determined to modernize and renovate 60,000 schools. I'm also building 1,000 schools, I would, what I call integrated comprehensive schools with modern facilities, with modern laboratories, 1,000. I have already, I'm sorry, 500, but I've already built 160 schools, boarding schools for the very poor. So, this is maybe unique, because usually the children of the upper class, the children of the wealthy, go to boarding school. But, I now make boarding schools for the very poor. Their only condition for entering the school is they must come from the bottom deciles of our society. Those who are very poor, I am taking the children, I want to cut the chain of poverty.

Usually in countries like my countries, countries of the global south, countries of the third world, countries coming out of hundreds of years of colonialism, usually the son of a poor peasant will be a poor peasant, the son of a garbage collector will be a garbage collector, the son of a street hawker will be a street hawker, the son of a day laborer in the harbor will also be a day laborer in the harbor. This is what we call in the global south, the circle of poverty. I'm determined to break the circle. I'm determined that the son of the poorest should not be poor. They must be given equal opportunity and that's why I've already built 166, and I will build a total of 500 of these boarding schools. And, another 500, another 500 not boarding schools but centers of excellence to boost the other children who are brighter. Also, I've started 20 new boarding schools for the academically gifted. I'm also building 10 new universities, and I'm discussing and negotiating with the best universities of Europe, United Kingdom, and North America, to twin them, and to produce universities and campus of international standards.

In addition, we are now in the process of building 83,000 cooperatives with 83,000 warehouses, 83,000 cold storages, 83,000 mini markets, 83,000 village drugstores selling generic medicine and all subsidized goods direct to the villages, without intervention from too many middlemen. We are also going to modernize what we call the new fishing villages. We will build at least 1,000 this year, but we actually want to allocate funds for 5,000 villages. Each village will have 2,000 fishermen, we hope to impact 10 million fishermen with their wives and their children, this will impact at least 40 million Indonesians.

We have started a pilot project in Biak, in Papua, and the result is very heartening. The average increase in their livelihood is 60 percent increase in their annual livelihood. Why? Because before, to get ice was impossible for them, there was no ice making factory near the villages. To get diesel very far, we will build diesel stations in every village. They will have access very easily.

Ladies and Gentlemen,

Let me say this clearly. There is no investment climate without the certainty of equitable rule of law. Nobody will come in to invest in a country that's lawless, or of dubious legal tradition. I am determined under my administration to ensure the rule of law. The rule of law must prevail over any vested interests. In 2025, Indonesia, as I promised, we will confront and we have confronted corruption directly, firmly and openly. As any person dealing with an illness, with a disease, we must be, we must have the courage to acknowledge the illness and disease that we suffer. We are determined, directly, to fight against this corruption. It's challenging, not many people believe we can do it, but we have no choice. I have no choice. I have been inaugurated, I've been sworn in to uphold the constitution and the rule of law.

In my first weeks in government, we uncovered massive abuse in fuel and crude oil governance. In all sectors of the economy, we found illegality, illegal practices. In my first year of administration, we have already confiscated 4 million hectares of illegal plantations and illegal mines. It is amazing. I call this not free enterprise, I call this not the free market. I called it openly greedynomics, the economics of greed, the economics of rapacious practices. Maybe in many of your countries, there was a period like this, a period of the robber barons. I have confiscated 4 million hectares, but two days ago, I led the cabinet meeting by Zoom from London, and we decided to confiscate or to revoke the licenses of 28 corporations which had licenses over 1.01 million hectares I revoked. Because, we found them violating laws. They were building plantations on protected forests. This is a flagrant undermining of the rule of law.

Perhaps these rapacious so-called entrepreneurs feel that they need not recognize the sovereignty of the Indonesian Government or perhaps they feel they can buy all Indonesian government officials. I have reports that some of these people in their meeting say, ""Oh, it's okay, there is no government official that cannot be bought."" Well, I challenge them to try to buy officials for my administration. They will come to find themselves a big surprise. Combined with the 4 million hectares of illegal plantations already confiscated, we have, in fact, enacted the boldest, the most daring forest law enforcement effort in the history of Indonesia. We have closed up to now 1,000 illegal mines.

But my staff, my people report to me, ""Sir, there are at least another thousand or more. There could be as many as 666 corporations that violate the law."" So, I say, ""What can we do? We can only have the courage to enforce the law. There can be no compromise. There can be no turning back."" My people demand this and we are determined to serve our people in honesty. We are determined, I am determined to uphold my oath, defend the constitution of my country and force the law of the land.

You might not have heard our story, because we are people who do not like to be flamboyant, we are low key, we tend to be below the radar, but we are very determined in our effort to keep up with the rest of the world.

You might not have heard this story, but extreme poverty in Indonesia fell to its lowest level in history. I'm determined, in the next four years, we will eradicate extreme poverty, and we will bring down poverty as a whole. That is my mission in my life. That is my mission in the remaining years of my life. There is nothing more vulnerable, there is nothing more satisfying than bringing down poverty and bringing down eradicating hunger.

There is a saying I learned from my elders, one of my elders, a very wise man, very honest, political leader, he told me, ""Prabowo, the duty of a leader is very simple. The leader of this country, if you want to be the leader of this country, you must work. So that the poor and the weak can smile and can laugh. Very simple."" What does that mean? If the poor, the weak, can smile and can laugh, that means they have hope, that means they see a future. That means their livelihood is being improved. So that is my mission now, to make the poorest of Indonesians, the weakest of Indonesians, smile. I think part of this is, we must combat corruption, manipulation, maleficence.

Ladies and Gentlemen,

A few days ago, I was surprised myself, Gallup, Gallup Poll and Harvard University found that a research survey of hundreds of countries found that Indonesia, the Indonesian people are the happiest people, the most flourishing country in the world with the people the most optimistic. This is a bit heartening, but for me also a bit sad. I know my people, many of them live in shuts. Many of them do not have clean water. Many of them do not have bathrooms, [and] many of them eat rice with salt. And yet, they smile. And yet, they have hope. We also achieved sufficiency in rice, the first time in many, many years, our rice production is the highest in the history of Indonesia. I gave a target to be self-sufficient in four years. I gave a target to my team. They did it within one year. I'm convinced in the next four years, we will be self-sufficient in the other food products: corn, sugar, protein.

Excellencies, Distinguished Delegates,

Indonesia does not fear economic integration. We are a trading nation for hundreds of years. We conclude now trade agreements not because it is fashionable, but we consider it necessary. We believe in the concept of win-win. Last year, we signed free trade agreements and comprehensive economic partnership agreements with Europe, with the EU, Canada, Peru, Eurasia. I have just visited the United Kingdom to sign our new strategic partnership, also an economic growth agreement. And, we hope next year we can conclude a comprehensive economic partnership agreement with the United Kingdom. This is part of our strategy to deepen productivity, reduce barriers, unlock private sector growth for Indonesia, ASEAN, and the global South.

We believe that trade integration when done fairly is not a threat to sovereignty. We believe trade is a tool for prosperity. Indonesia has a clear vision. We are determined to become a modern country, integrated with a global economy, providing good quality of life for its citizens, living free of poverty and hunger. But, we understand very well, this cannot be achieved by slogans alone. It requires determination, good governance, clean government, free of corruption and maleficence, and in the end, we must have efficient public administration. We must also enact a new culture in our bureaucracy. Our Government must serve the general good and must not entrench itself in collusion with greedy and rapacious economic players. Achieving our mission also requires smart investment in infrastructure, simplifying rules and regulations, getting rid of too much red tape, and of course significant investment in health and education.

Distinguished Delegates, Friends,

Economic growth requires a dynamic private sector. Indonesia is, and it will always be open for foreign and domestic investment. And, we realize the prerequisite for investment is political and economic stability. Also, the certainty of equitable rule of law, guaranteed by a strong, clean and democratic government. Indonesia today offers sustainable growth with stability. We may be very low key. We may be below the radar. We don't like to be flamboyant, to be bragging. We believe in evidence, evidence-based action.

In fact, I was invited to speak last year here and I declined, why? Because if I had come last year, I would have only been leading my administration only for two months. So, what will I be able to say? I will only be able to talk, to give platitudes. Today, I stand before you with confidence, with pride in our achievement. We have in one year achieved tremendous gains, tremendous reforms. We have wiped away hundreds and hundreds of regulations that do not make sense, regulations that hinder fairness, that creates the culture of corruption. Hundreds of regulations we have wiped out in one year.

Ladies and Gentlemen,

Peace and stability are a long and arduous program. But if you want to take something from my talk today, maybe it should be this. Indonesia chooses peace over chaos. We want to be a friend to all, an enemy to none. One thousand friends, too few for us. One enemy, too many. We want to be a good neighbor, a good responsible citizen of the world, protecting the environment, protecting nature. We must not destroy nature. We must live with nature. We must maintain and be a part of a future full of hope. Hope grounded in credibility, execution of sound public policy and continuous record of growth with equity.

Let us build the world we want to live in together. Let us continue the journey to improve the quality of life for all, to live in peace, freedom, friendship, tolerance, coexistence and cooperation for all races, all ethnicity, all religions. Let us continue our pursuit of justice for all, security and freedom for all.

I look forward to seeing many of you here in this room, in Indonesia. Because in Bali, this June, we will host the first Ocean Impact Summit together with the World Economic Forum, which Indonesia is sponsoring together with the important participation of Mr. Ray Dalio and his research vessel, OceanX. There is a SpaceX, I think, from Mr. Elon Musk, but I think Mr. Ray Dalio is one of the pioneers in ocean research. And, Indonesia being three-quarters sea, we are very concerned about the future of our ocean.

Ladies and Gentlemen,

Thank you very much for your attention. May you go, may you go in peace with the blessing of the Almighty God.

Wassalamu'alaikum warahmatullahi wabarakatuh,

Shalom,

Salve,

Om santi santi om,

May peace be upon us all.

Thank you.","distinguished president and ceo of the wef, mr. borge brende,

ladies and gentlemen,

bismillahirrahmanirrahim,

assalamu'alaikum warahmatullahi wabarakatuh,

shalom,

salve,

om swastiastu.

ladies and gentlemen,

we gather here, in davos, at a time of great uncertainty. a time when wars continue to break out. a time when trust between nations, between institutions, between peoples, is fragile. history teaches us peace and stability are our most valuable assets. peace and stability are the ultimate prerequisites for growth and prosperity. there will be no prosperity without peace.

excellencies, distinguished delegates,

the imf recently described indonesia as, i quote, a global bright spot with strong economic growth amid a challenging external environment. while the world had faced tightening financial conditions, trade tensions. and political uncertainty, indonesia continues to grow. indonesia's economy grew by more than 5 percent every year over the last decade and i'm confident that this year our growth will be higher. our inflation remains at around 2 percent. our government deficit is now cut below 3 percent of our gdp. international institutions did not praise us because of unfounded optimism, they did so because of evidence. they recognize that the indonesia's economy is resilient. our policies have been and will always be well calibrated. peace and stability in indonesia over the years did not happen by chance. peace and stability in my country did not happen by luck. it happened because we, indonesia, have and will always continue to use unity over fragmentation. friendship and collaboration over confrontation. and, always friendship over enmity. our credibility hard earned over many years has been protected. credibility once lost is very expensive to regain. indonesia, in our history, has never once defaulted on our payments of our debt, not once. succeeding regimes always pay the debts of the preceding regime. presidents, successful presidents will always honor the debts of the previous administration.

excellencies, distinguished friends,

in addition to requiring peace and stability, growth requires statecraft and capital. in particular, the efficient allocation and reallocation of capital. that is why last february we established our sovereign wealth fund, danantara indonesia. danantara needs the energy to power the future of indonesia. danantara is a sovereign wealth fund with one trillion us dollars in assets under management. with danantara, i can stand here in front of you as an equal partner. indonesia is now not only a land of peace and stability, indonesia now is more and more the land of opportunity. once again, i mentioned that i am convinced that our growth, the economy, the growth of our economy will be significantly surprising to many in the world. with danantara, indonesia is now able to be your partners. we will co-invest and grow with you. danantara is established to finance and co-finance the industries of the future. we are determined to industrialize our country in a significant way. the industries of the future must be executed well and wisely. that is why we built danantara with strong oversight and institutional responsibility, and we try to find the best executives to direct the leadership of danantara. danantara now manages 1,044 state-owned enterprises. we are going to bring this down to around at most 300. we will rationalize, we will get rid of inefficiency. we want the best governance and the best management under international standards. i have allowed danantara to recruit expatriates, foreign citizens, to be able to lead these companies. we want the best brains and the best minds in the world.

this is, in fact, how we run indonesia now. from our social programs, to our efforts to downstream our natural resources, to our efforts to reach sufficiency in food and energy. all are now accompanied by strong oversight and capable leaders. in the first two months of my administration, we carried out a vigorous efficiency program. we saved 18 billion dollars by stopping inefficient and dubious programs from our budget, and redirected this fund, these funds to projects that directly improve livelihoods and impact all of society.

as a result, on january 6th, 2025, we started our free nutritious meals program for pregnant and lactating mothers, infants, and all indonesian children. on our first day, we started with 190 kitchens, serving 570,000 people per day, 570,000 meals per day. today, in one year, we have achieved 21,102 kitchens serving nationwide. as of last night, we are producing 59.8 million meals for 59.8 million children, mothers, and elderly living alone. they receive these meals every day. to put this into context, in about a month's time, we will surpass mcdonald's, 68 million meals a day. we started in january of last year. this year, we aim to serve 82.9 million meals a day. all children of indonesia from the womb of their mother up until they reach 18 years of age benefit from this program. for pregnant and lactating mothers, we deliver the meal daily to their home. this is also done, delivered to their homes for the elderly living alone. to put this in the context i mentioned, i think mcdonald's started the first kitchen in 1940, to reach 68 million it took them what 50, 55 decades more. we will reach 82.9 [millions] i hope by the end of december 2026. but my people said, ""no, sir, we will reach 82.9 [millions] before december."" so, hopefully, we will achieve this.

in addition to strengthening our children, our free meals strengthen our economy. more than 61,000 micro, small and medium enterprises, and cooperatives are now a part of this supply chain. we are creating more than 600,000 jobs, just at the kitchens. at its peak, we are optimistic it will reach 1.5 million direct jobs. with vendors, with suppliers, there will be another more than 1 million livelihoods embraced and improved. this is why i'm convinced that our growth will reach impressive numbers.

our social policies must expand productivity and produce growth. today, 70 million indonesians receive free medical checkups and they will receive free medical checkups once a year for the rest of their lives. and, this will increase to all the children and the adults of indonesia. we are providing free medical checkups to all citizens of indonesia. this is not a populist program. this is a rational program to save money. by detecting illness, disease at an early stage, we will save much more in the long term in treatment. this actually is a productivity improvement program. my experts say that in the long run, we will save many many billions of us dollars.

last year, for instance, we renovated 16,140 schools. we equipped 288,000 schools each with one 75-inch interactive flat panel as part of our digitalization of our education program. next year, in this coming year, 2026, we will add another 1 million of these interactive smart panels. so that every school will have at least three to four classrooms with these panels and we hope within three years, all the schools of indonesia will have at least six classrooms with digital interactive panels. that means that i, for instance, in jakarta, i can drop in on any school in indonesia and i can see the quality of teaching of the teachers. i can see the reaction of the children. and in the first weeks, we see the enthusiasm of the children, the enthusiasm of the teachers, of the villagers. many of them cry when they see the panels coming in. we get messages: ""mr. president, in the entire history of this village, we have never felt that the central government knows about us. this is the first time we feel that the central government cares about us, and is now in our village, is now helping to teach our children."" this is for me, heartwarming because what we are doing is we are empowering the future generation of indonesians.

why, why does this matter to global investors gathering here at the world economic forum? because i am of the conviction that human capital determines long term growth, long term returns. human development, human resources, is the key to a thriving and successful nation. lack of education is the path towards failed states. no country can hope to be stable and prosper if its people are illiterate, if its people are not able to keep up with modern science and technology.

in addition, this year we will increase the renovation. i'm determined to modernize and renovate 60,000 schools. i'm also building 1,000 schools, i would, what i call integrated comprehensive schools with modern facilities, with modern laboratories, 1,000. i have already, i'm sorry, 500, but i've already built 160 schools, boarding schools for the very poor. so, this is maybe unique, because usually the children of the upper class, the children of the wealthy, go to boarding school. but, i now make boarding schools for the very poor. their only condition for entering the school is they must come from the bottom deciles of our society. those who are very poor, i am taking the children, i want to cut the chain of poverty.

usually in countries like my countries, countries of the global south, countries of the third world, countries coming out of hundreds of years of colonialism, usually the son of a poor peasant will be a poor peasant, the son of a garbage collector will be a garbage collector, the son of a street hawker will be a street hawker, the son of a day laborer in the harbor will also be a day laborer in the harbor. this is what we call in the global south, the circle of poverty. i'm determined to break the circle. i'm determined that the son of the poorest should not be poor. they must be given equal opportunity and that's why i've already built 166, and i will build a total of 500 of these boarding schools. and, another 500, another 500 not boarding schools but centers of excellence to boost the other children who are brighter. also, i've started 20 new boarding schools for the academically gifted. i'm also building 10 new universities, and i'm discussing and negotiating with the best universities of europe, united kingdom, and north america, to twin them, and to produce universities and campus of international standards.

in addition, we are now in the process of building 83,000 cooperatives with 83,000 warehouses, 83,000 cold storages, 83,000 mini markets, 83,000 village drugstores selling generic medicine and all subsidized goods direct to the villages, without intervention from too many middlemen. we are also going to modernize what we call the new fishing villages. we will build at least 1,000 this year, but we actually want to allocate funds for 5,000 villages. each village will have 2,000 fishermen, we hope to impact 10 million fishermen with their wives and their children, this will impact at least 40 million indonesians.

we have started a pilot project in biak, in papua, and the result is very heartening. the average increase in their livelihood is 60 percent increase in their annual livelihood. why? because before, to get ice was impossible for them, there was no ice making factory near the villages. to get diesel very far, we will build diesel stations in every village. they will have access very easily.

ladies and gentlemen,

let me say this clearly. there is no investment climate without the certainty of equitable rule of law. nobody will come in to invest in a country that's lawless, or of dubious legal tradition. i am determined under my administration to ensure the rule of law. the rule of law must prevail over any vested interests. in 2025, indonesia, as i promised, we will confront and we have confronted corruption directly, firmly and openly. as any person dealing with an illness, with a disease, we must be, we must have the courage to acknowledge the illness and disease that we suffer. we are determined, directly, to fight against this corruption. it's challenging, not many people believe we can do it, but we have no choice. i have no choice. i have been inaugurated, i've been sworn in to uphold the constitution and the rule of law.

in my first weeks in government, we uncovered massive abuse in fuel and crude oil governance. in all sectors of the economy, we found illegality, illegal practices. in my first year of administration, we have already confiscated 4 million hectares of illegal plantations and illegal mines. it is amazing. i call this not free enterprise, i call this not the free market. i called it openly greedynomics, the economics of greed, the economics of rapacious practices. maybe in many of your countries, there was a period like this, a period of the robber barons. i have confiscated 4 million hectares, but two days ago, i led the cabinet meeting by zoom from london, and we decided to confiscate or to revoke the licenses of 28 corporations which had licenses over 1.01 million hectares i revoked. because, we found them violating laws. they were building plantations on protected forests. this is a flagrant undermining of the rule of law.

perhaps these rapacious so-called entrepreneurs feel that they need not recognize the sovereignty of the indonesian government or perhaps they feel they can buy all indonesian government officials. i have reports that some of these people in their meeting say, ""oh, it's okay, there is no government official that cannot be bought."" well, i challenge them to try to buy officials for my administration. they will come to find themselves a big surprise. combined with the 4 million hectares of illegal plantations already confiscated, we have, in fact, enacted the boldest, the most daring forest law enforcement effort in the history of indonesia. we have closed up to now 1,000 illegal mines.

but my staff, my people report to me, ""sir, there are at least another thousand or more. there could be as many as 666 corporations that violate the law."" so, i say, ""what can we do? we can only have the courage to enforce the law. there can be no compromise. there can be no turning back."" my people demand this and we are determined to serve our people in honesty. we are determined, i am determined to uphold my oath, defend the constitution of my country and force the law of the land.

you might not have heard our story, because we are people who do not like to be flamboyant, we are low key, we tend to be below the radar, but we are very determined in our effort to keep up with the rest of the world.

you might not have heard this story, but extreme poverty in indonesia fell to its lowest level in history. i'm determined, in the next four years, we will eradicate extreme poverty, and we will bring down poverty as a whole. that is my mission in my life. that is my mission in the remaining years of my life. there is nothing more vulnerable, there is nothing more satisfying than bringing down poverty and bringing down eradicating hunger.

there is a saying i learned from my elders, one of my elders, a very wise man, very honest, political leader, he told me, ""prabowo, the duty of a leader is very simple. the leader of this country, if you want to be the leader of this country, you must work. so that the poor and the weak can smile and can laugh. very simple."" what does that mean? if the poor, the weak, can smile and can laugh, that means they have hope, that means they see a future. that means their livelihood is being improved. so that is my mission now, to make the poorest of indonesians, the weakest of indonesians, smile. i think part of this is, we must combat corruption, manipulation, maleficence.

ladies and gentlemen,

a few days ago, i was surprised myself, gallup, gallup poll and harvard university found that a research survey of hundreds of countries found that indonesia, the indonesian people are the happiest people, the most flourishing country in the world with the people the most optimistic. this is a bit heartening, but for me also a bit sad. i know my people, many of them live in shuts. many of them do not have clean water. many of them do not have bathrooms, [and] many of them eat rice with salt. and yet, they smile. and yet, they have hope. we also achieved sufficiency in rice, the first time in many, many years, our rice production is the highest in the history of indonesia. i gave a target to be self-sufficient in four years. i gave a target to my team. they did it within one year. i'm convinced in the next four years, we will be self-sufficient in the other food products: corn, sugar, protein.

excellencies, distinguished delegates,

indonesia does not fear economic integration. we are a trading nation for hundreds of years. we conclude now trade agreements not because it is fashionable, but we consider it necessary. we believe in the concept of win-win. last year, we signed free trade agreements and comprehensive economic partnership agreements with europe, with the eu, canada, peru, eurasia. i have just visited the united kingdom to sign our new strategic partnership, also an economic growth agreement. and, we hope next year we can conclude a comprehensive economic partnership agreement with the united kingdom. this is part of our strategy to deepen productivity, reduce barriers, unlock private sector growth for indonesia, asean, and the global south.

we believe that trade integration when done fairly is not a threat to sovereignty. we believe trade is a tool for prosperity. indonesia has a clear vision. we are determined to become a modern country, integrated with a global economy, providing good quality of life for its citizens, living free of poverty and hunger. but, we understand very well, this cannot be achieved by slogans alone. it requires determination, good governance, clean government, free of corruption and maleficence, and in the end, we must have efficient public administration. we must also enact a new culture in our bureaucracy. our government must serve the general good and must not entrench itself in collusion with greedy and rapacious economic players. achieving our mission also requires smart investment in infrastructure, simplifying rules and regulations, getting rid of too much red tape, and of course significant investment in health and education.

distinguished delegates, friends,

economic growth requires a dynamic private sector. indonesia is, and it will always be open for foreign and domestic investment. and, we realize the prerequisite for investment is political and economic stability. also, the certainty of equitable rule of law, guaranteed by a strong, clean and democratic government. indonesia today offers sustainable growth with stability. we may be very low key. we may be below the radar. we don't like to be flamboyant, to be bragging. we believe in evidence, evidence-based action.

in fact, i was invited to speak last year here and i declined, why? because if i had come last year, i would have only been leading my administration only for two months. so, what will i be able to say? i will only be able to talk, to give platitudes. today, i stand before you with confidence, with pride in our achievement. we have in one year achieved tremendous gains, tremendous reforms. we have wiped away hundreds and hundreds of regulations that do not make sense, regulations that hinder fairness, that creates the culture of corruption. hundreds of regulations we have wiped out in one year.

ladies and gentlemen,

peace and stability are a long and arduous program. but if you want to take something from my talk today, maybe it should be this. indonesia chooses peace over chaos. we want to be a friend to all, an enemy to none. one thousand friends, too few for us. one enemy, too many. we want to be a good neighbor, a good responsible citizen of the world, protecting the environment, protecting nature. we must not destroy nature. we must live with nature. we must maintain and be a part of a future full of hope. hope grounded in credibility, execution of sound public policy and continuous record of growth with equity.

let us build the world we want to live in together. let us continue the journey to improve the quality of life for all, to live in peace, freedom, friendship, tolerance, coexistence and cooperation for all races, all ethnicity, all religions. let us continue our pursuit of justice for all, security and freedom for all.

i look forward to seeing many of you here in this room, in indonesia. because in bali, this june, we will host the first ocean impact summit together with the world economic forum, which indonesia is sponsoring together with the important participation of mr. ray dalio and his research vessel, oceanx. there is a spacex, i think, from mr. elon musk, but i think mr. ray dalio is one of the pioneers in ocean research. and, indonesia being three-quarters sea, we are very concerned about the future of our ocean.

ladies and gentlemen,

thank you very much for your attention. may you go, may you go in peace with the blessing of the almighty god.

wassalamu'alaikum warahmatullahi wabarakatuh,

shalom,

salve,

om santi santi om,

may peace be upon us all.

thank you.","[""president"", ""ceo"", ""wef"", ""borge"", ""brende"", ""assalamu'alaikum"", ""gather"", ""davos"", ""time"", ""great"", ""uncertainty"", ""time"", ""wars"", ""continue"", ""break"", ""time"", ""trust"", ""nations"", ""institutions"", ""peoples"", ""fragile"", ""history"", ""teaches"", ""peace"", ""stability"", ""valuable"", ""assets"", ""peace"", ""stability"", ""ultimate"", ""prerequisites"", ""growth"", ""prosperity"", ""prosperity"", ""without"", ""peace"", ""imf"", ""recently"", ""described"", ""indonesia"", ""quote"", ""global"", ""bright"", ""spot"", ""strong"", ""economic"", ""growth"", ""amid"", ""challenging"", ""external"", ""environment"", ""world"", ""faced"", ""tightening"", ""financial"", ""conditions"", ""trade"", ""tensions"", ""political"", ""uncertainty"", ""indonesia"", ""continues"", ""grow"", ""indonesia's"", ""economy"", ""grew"", ""percent"", ""every"", ""year"", ""last"", ""decade"", ""i'm"", ""confident"", ""year"", ""growth"", ""higher"", ""inflation"", ""remains"", ""around"", ""percent"", ""government"", ""deficit"", ""cut"", ""percent"", ""gdp"", ""international"", ""institutions"", ""praise"", ""unfounded"", ""optimism"", ""evidence"", ""recognize"", ""indonesia's"", ""economy"", ""resilient"", ""policies"", ""always"", ""well"", ""calibrated"", ""peace"", ""stability"", ""indonesia"", ""years"", ""happen"", ""chance"", ""peace"", ""stability"", ""country"", ""happen"", ""luck"", ""happened"", ""indonesia"", ""always"", ""continue"", ""use"", ""unity"", ""fragmentation"", ""friendship"", ""collaboration"", ""confrontation"", ""always"", ""friendship"", ""enmity"", ""credibility"", ""hard"", ""earned"", ""many"", ""years"", ""protected"", ""credibility"", ""lost"", ""expensive"", ""regain"", ""indonesia"", ""history"", ""never"", ""defaulted"", ""payments"", ""debt"", ""succeeding"", ""regimes"", ""always"", ""pay"", ""debts"", ""preceding"", ""regime"", ""presidents"", ""successful"", ""presidents"", ""always"", ""honor"", ""debts"", ""previous"", ""administration"", ""addition"", ""requiring"", ""peace"", ""stability"", ""growth"", ""requires"", ""statecraft"", ""capital"", ""particular"", ""efficient"", ""allocation"", ""reallocation"", ""capital"", ""last"", ""february"", ""established"", ""sovereign"", ""wealth"", ""fund"", ""danantara"", ""indonesia"", ""danantara"", ""needs"", ""energy"", ""power"", ""future"", ""indonesia"", ""danantara"", ""sovereign"", ""wealth"", ""fund"", ""one"", ""trillion"", ""dollars"", ""assets"", ""management"", ""danantara"", ""stand"", ""front"", ""equal"", ""partner"", ""indonesia"", ""land"", ""peace"", ""stability"", ""indonesia"", ""land"", ""opportunity"", ""mentioned"", ""convinced"", ""growth"", ""economy"", ""growth"", ""economy"", ""significantly"", ""surprising"", ""many"", ""world"", ""danantara"", ""indonesia"", ""able"", ""partners"", ""co-invest"", ""grow"", ""danantara"", ""established"", ""finance"", ""co-finance"", ""industries"", ""future"", ""determined"", ""industrialize"", ""country"", ""significant"", ""way"", ""industries"", ""future"", ""must"", ""executed"", ""well"", ""wisely"", ""built"", ""danantara"", ""strong"", ""oversight"", ""institutional"", ""responsibility"", ""try"", ""find"", ""best"", ""executives"", ""direct"", ""leadership"", ""danantara"", ""danantara"", ""manages"", ""state-owned"", ""enterprises"", ""going"", ""bring"", ""around"", ""rationalize"", ""get"", ""rid"", ""inefficiency"", ""want"", ""best"", ""governance"", ""best"", ""management"", ""international"", ""standards"", ""allowed"", ""danantara"", ""recruit"", ""expatriates"", ""foreign"", ""citizens"", ""able"", ""lead"", ""companies"", ""want"", ""best"", ""brains"", ""best"", ""minds"", ""world"", ""fact"", ""run"", ""indonesia"", ""social"", ""programs"", ""efforts"", ""downstream"", ""natural"", ""resources"", ""efforts"", ""reach"", ""sufficiency"", ""food"", ""energy"", ""accompanied"", ""strong"", ""oversight"", ""capable"", ""leaders"", ""first"", ""two"", ""months"", ""administration"", ""carried"", ""vigorous"", ""efficiency"", ""program"", ""saved"", ""billion"", ""dollars"", ""stopping"", ""inefficient"", ""dubious"", ""programs"", ""budget"", ""redirected"", ""fund"", ""funds"", ""projects"", ""directly"", ""improve"", ""livelihoods"", ""impact"", ""society"", ""result"", ""january"", ""started"", ""free"", ""nutritious"", ""meals"", ""program"", ""pregnant"", ""lactating"", ""mothers"", ""infants"", ""indonesian"", ""children"", ""first"", ""day"", ""started"", ""kitchens"", ""serving"", ""people"", ""per"", ""day"", ""meals"", ""per"", ""day"", ""today"", ""one"", ""year"", ""achieved"", ""kitchens"", ""serving"", ""nationwide"", ""last"", ""night"", ""producing"", ""million"", ""meals"", ""million"", ""children"", ""mothers"", ""elderly"", ""living"", ""alone"", ""receive"", ""meals"", ""every"", ""day"", ""put"", ""context"", ""month's"", ""time"", ""surpass"", ""mcdonald's"", ""million"", ""meals"", ""day"", ""started"", ""january"", ""last"", ""year"", ""year"", ""aim"", ""serve"", ""million"", ""meals"", ""day"", ""children"", ""indonesia"", ""womb"", ""mother"", ""reach"", ""years"", ""age"", ""benefit"", ""program"", ""pregnant"", ""lactating"", ""mothers"", ""deliver"", ""meal"", ""daily"", ""home"", ""done"", ""delivered"", ""homes"", ""elderly"", ""living"", ""alone"", ""put"", ""context"", ""mentioned"", ""think"", ""mcdonald's"", ""started"", ""first"", ""kitchen"", ""reach"", ""million"", ""took"", ""decades"", ""reach"", ""millions"", ""hope"", ""end"", ""december"", ""people"", ""said"", ""sir"", ""reach"", ""millions"", ""december"", ""hopefully"", ""achieve"", ""addition"", ""strengthening"", ""children"", ""free"", ""meals"", ""strengthen"", ""economy"", ""micro"", ""small"", ""medium"", ""enterprises"", ""cooperatives"", ""part"", ""supply"", ""chain"", ""creating"", ""jobs"", ""kitchens"", ""peak"", ""optimistic"", ""reach"", ""million"", ""direct"", ""jobs"", ""vendors"", ""suppliers"", ""another"", ""million"", ""livelihoods"", ""embraced"", ""improved"", ""i'm"", ""convinced"", ""growth"", ""reach"", ""impressive"", ""numbers"", ""social"", ""policies"", ""must"", ""expand"", ""productivity"", ""produce"", ""growth"", ""today"", ""million"", ""indonesians"", ""receive"", ""free"", ""medical"", ""checkups"", ""receive"", ""free"", ""medical"", ""checkups"", ""year"", ""rest"", ""lives"", ""increase"", ""children"", ""adults"", ""indonesia"", ""providing"", ""free"", ""medical"", ""checkups"", ""citizens"", ""indonesia"", ""populist"", ""program"", ""rational"", ""program"", ""save"", ""money"", ""detecting"", ""illness"", ""disease"", ""early"", ""stage"", ""save"", ""much"", ""long"", ""term"", ""treatment"", ""actually"", ""productivity"", ""improvement"", ""program"", ""experts"", ""say"", ""long"", ""run"", ""save"", ""many"", ""many"", ""billions"", ""dollars"", ""last"", ""year"", ""instance"", ""renovated"", ""schools"", ""equipped"", ""schools"", ""one"", ""inch"", ""interactive"", ""flat"", ""panel"", ""part"", ""digitalization"", ""education"", ""program"", ""next"", ""year"", ""coming"", ""year"", ""add"", ""another"", ""million"", ""interactive"", ""smart"", ""panels"", ""every"", ""school"", ""least"", ""three"", ""four"", ""classrooms"", ""panels"", ""hope"", ""within"", ""three"", ""years"", ""schools"", ""indonesia"", ""least"", ""six"", ""classrooms"", ""digital"", ""interactive"", ""panels"", ""means"", ""instance"", ""jakarta"", ""drop"", ""school"", ""indonesia"", ""see"", ""quality"", ""teaching"", ""teachers"", ""see"", ""reaction"", ""children"", ""first"", ""weeks"", ""see"", ""enthusiasm"", ""children"", ""enthusiasm"", ""teachers"", ""villagers"", ""many"", ""cry"", ""see"", ""panels"", ""coming"", ""get"", ""messages"", ""president"", ""entire"", ""history"", ""village"", ""never"", ""felt"", ""central"", ""government"", ""knows"", ""first"", ""time"", ""feel"", ""central"", ""government"", ""cares"", ""village"", ""helping"", ""teach"", ""children"", ""heartwarming"", ""empowering"", ""future"", ""generation"", ""indonesians"", ""matter"", ""global"", ""investors"", ""gathering"", ""world"", ""economic"", ""forum"", ""conviction"", ""human"", ""capital"", ""determines"", ""long"", ""term"", ""growth"", ""long"", ""term"", ""returns"", ""human"", ""development"", ""human"", ""resources"", ""key"", ""thriving"", ""successful"", ""nation"", ""lack"", ""education"", ""path"", ""towards"", ""failed"", ""states"", ""country"", ""hope"", ""stable"", ""prosper"", ""people"", ""illiterate"", ""people"", ""able"", ""keep"", ""modern"", ""science"", ""technology"", ""addition"", ""year"", ""increase"", ""renovation"", ""i'm"", ""determined"", ""modernize"", ""renovate"", ""schools"", ""i'm"", ""building"", ""schools"", ""would"", ""call"", ""integrated"", ""comprehensive"", ""schools"", ""modern"", ""facilities"", ""modern"", ""laboratories"", ""already"", ""i'm"", ""sorry"", ""i've"", ""already"", ""built"", ""schools"", ""boarding"", ""schools"", ""poor"", ""maybe"", ""unique"", ""usually"", ""children"", ""upper"", ""class"", ""children"", ""wealthy"", ""boarding"", ""school"", ""make"", ""boarding"", ""schools"", ""poor"", ""condition"", ""entering"", ""school"", ""must"", ""come"", ""bottom"", ""deciles"", ""society"", ""poor"", ""taking"", ""children"", ""want"", ""cut"", ""chain"", ""poverty"", ""usually"", ""countries"", ""like"", ""countries"", ""countries"", ""global"", ""south"", ""countries"", ""third"", ""world"", ""countries"", ""coming"", ""hundreds"", ""years"", ""colonialism"", ""usually"", ""son"", ""poor"", ""peasant"", ""poor"", ""peasant"", ""son"", ""garbage"", ""collector"", ""garbage"", ""collector"", ""son"", ""street"", ""hawker"", ""street"", ""hawker"", ""son"", ""day"", ""laborer"", ""harbor"", ""day"", ""laborer"", ""harbor"", ""call"", ""global"", ""south"", ""circle"", ""poverty"", ""i'm"", ""determined"", ""break"", ""circle"", ""i'm"", ""determined"", ""son"", ""poorest"", ""poor"", ""must"", ""given"", ""equal"", ""opportunity"", ""that's"", ""i've"", ""already"", ""built"", ""build"", ""total"", ""boarding"", ""schools"", ""another"", ""another"", ""boarding"", ""schools"", ""centers"", ""excellence"", ""boost"", ""children"", ""brighter"", ""i've"", ""started"", ""new"", ""boarding"", ""schools"", ""academically"", ""gifted"", ""i'm"", ""building"", ""new"", ""universities"", ""i'm"", ""discussing"", ""negotiating"", ""best"", ""universities"", ""europe"", ""united"", ""kingdom"", ""north"", ""america"", ""twin"", ""produce"", ""universities"", ""campus"", ""international"", ""standards"", ""addition"", ""process"", ""building"", ""cooperatives"", ""warehouses"", ""cold"", ""storages"", ""mini"", ""markets"", ""village"", ""drugstores"", ""selling"", ""generic"", ""medicine"", ""subsidized"", ""goods"", ""direct"", ""villages"", ""without"", ""intervention"", ""many"", ""middlemen"", ""going"", ""modernize"", ""call"", ""new"", ""fishing"", ""villages"", ""build"", ""least"", ""year"", ""actually"", ""want"", ""allocate"", ""funds"", ""villages"", ""village"", ""fishermen"", ""hope"", ""impact"", ""million"", ""fishermen"", ""wives"", ""children"", ""impact"", ""least"", ""million"", ""indonesians"", ""started"", ""pilot"", ""project"", ""biak"", ""papua"", ""result"", ""heartening"", ""average"", ""increase"", ""livelihood"", ""percent"", ""increase"", ""annual"", ""livelihood"", ""get"", ""ice"", ""impossible"", ""ice"", ""making"", ""factory"", ""near"", ""villages"", ""get"", ""diesel"", ""far"", ""build"", ""diesel"", ""stations"", ""every"", ""village"", ""access"", ""easily"", ""let"", ""say"", ""clearly"", ""investment"", ""climate"", ""without"", ""certainty"", ""equitable"", ""rule"", ""law"", ""nobody"", ""come"", ""invest"", ""country"", ""that's"", ""lawless"", ""dubious"", ""legal"", ""tradition"", ""determined"", ""administration"", ""ensure"", ""rule"", ""law"", ""rule"", ""law"", ""must"", ""prevail"", ""vested"", ""interests"", ""indonesia"", ""promised"", ""confront"", ""confronted"", ""corruption"", ""directly"", ""firmly"", ""openly"", ""person"", ""dealing"", ""illness"", ""disease"", ""must"", ""must"", ""courage"", ""acknowledge"", ""illness"", ""disease"", ""suffer"", ""determined"", ""directly"", ""fight"", ""corruption"", ""it's"", ""challenging"", ""many"", ""people"", ""believe"", ""choice"", ""choice"", ""inaugurated"", ""i've"", ""sworn"", ""uphold"", ""constitution"", ""rule"", ""law"", ""first"", ""weeks"", ""government"", ""uncovered"", ""massive"", ""abuse"", ""fuel"", ""crude"", ""oil"", ""governance"", ""sectors"", ""economy"", ""found"", ""illegality"", ""illegal"", ""practices"", ""first"", ""year"", ""administration"", ""already"", ""confiscated"", ""million"", ""hectares"", ""illegal"", ""plantations"", ""illegal"", ""mines"", ""amazing"", ""call"", ""free"", ""enterprise"", ""call"", ""free"", ""market"", ""called"", ""openly"", ""greedynomics"", ""economics"", ""greed"", ""economics"", ""rapacious"", ""practices"", ""maybe"", ""many"", ""countries"", ""period"", ""like"", ""period"", ""robber"", ""barons"", ""confiscated"", ""million"", ""hectares"", ""two"", ""days"", ""ago"", ""led"", ""cabinet"", ""meeting"", ""zoom"", ""london"", ""decided"", ""confiscate"", ""revoke"", ""licenses"", ""corporations"", ""licenses"", ""million"", ""hectares"", ""revoked"", ""found"", ""violating"", ""laws"", ""building"", ""plantations"", ""protected"", ""forests"", ""flagrant"", ""undermining"", ""rule"", ""law"", ""perhaps"", ""rapacious"", ""so-called"", ""entrepreneurs"", ""feel"", ""need"", ""recognize"", ""sovereignty"", ""indonesian"", ""government"", ""perhaps"", ""feel"", ""buy"", ""indonesian"", ""government"", ""officials"", ""reports"", ""people"", ""meeting"", ""say"", ""it's"", ""okay"", ""government"", ""official"", ""cannot"", ""bought"", ""well"", ""challenge"", ""try"", ""buy"", ""officials"", ""administration"", ""come"", ""find"", ""big"", ""surprise"", ""combined"", ""million"", ""hectares"", ""illegal"", ""plantations"", ""already"", ""confiscated"", ""fact"", ""enacted"", ""boldest"", ""daring"", ""forest"", ""law"", ""enforcement"", ""effort"", ""history"", ""indonesia"", ""closed"", ""illegal"", ""mines"", ""staff"", ""people"", ""report"", ""sir"", ""least"", ""another"", ""thousand"", ""many"", ""corporations"", ""violate"", ""law"", ""say"", ""courage"", ""enforce"", ""law"", ""compromise"", ""turning"", ""back"", ""people"", ""demand"", ""determined"", ""serve"", ""people"", ""honesty"", ""determined"", ""determined"", ""uphold"", ""oath"", ""defend"", ""constitution"", ""country"", ""force"", ""law"", ""land"", ""might"", ""heard"", ""story"", ""people"", ""like"", ""flamboyant"", ""low"", ""key"", ""tend"", ""radar"", ""determined"", ""effort"", ""keep"", ""rest"", ""world"", ""might"", ""heard"", ""story"", ""extreme"", ""poverty"", ""indonesia"", ""fell"", ""lowest"", ""level"", ""history"", ""i'm"", ""determined"", ""next"", ""four"", ""years"", ""eradicate"", ""extreme"", ""poverty"", ""bring"", ""poverty"", ""whole"", ""mission"", ""life"", ""mission"", ""remaining"", ""years"", ""life"", ""nothing"", ""vulnerable"", ""nothing"", ""satisfying"", ""bringing"", ""poverty"", ""bringing"", ""eradicating"", ""hunger"", ""saying"", ""learned"", ""elders"", ""one"", ""elders"", ""wise"", ""man"", ""honest"", ""political"", ""leader"", ""told"", ""duty"", ""leader"", ""simple"", ""leader"", ""country"", ""want"", ""leader"", ""country"", ""must"", ""work"", ""poor"", ""weak"", ""smile"", ""laugh"", ""simple"", ""mean"", ""poor"", ""weak"", ""smile"", ""laugh"", ""means"", ""hope"", ""means"", ""see"", ""future"", ""means"", ""livelihood"", ""improved"", ""mission"", ""make"", ""poorest"", ""indonesians"", ""weakest"", ""indonesians"", ""smile"", ""think"", ""part"", ""must"", ""combat"", ""corruption"", ""manipulation"", ""maleficence"", ""days"", ""ago"", ""surprised"", ""gallup"", ""gallup"", ""poll"", ""harvard"", ""university"", ""found"", ""research"", ""survey"", ""hundreds"", ""countries"", ""found"", ""indonesia"", ""indonesian"", ""people"", ""happiest"", ""people"", ""flourishing"", ""country"", ""world"", ""people"", ""optimistic"", ""bit"", ""heartening"", ""bit"", ""sad"", ""know"", ""people"", ""many"", ""live"", ""shuts"", ""many"", ""clean"", ""water"", ""many"", ""bathrooms"", ""many"", ""eat"", ""rice"", ""salt"", ""yet"", ""smile"", ""yet"", ""hope"", ""achieved"", ""sufficiency"", ""rice"", ""first"", ""time"", ""many"", ""many"", ""years"", ""rice"", ""production"", ""highest"", ""history"", ""indonesia"", ""gave"", ""target"", ""self-sufficient"", ""four"", ""years"", ""gave"", ""target"", ""team"", ""within"", ""one"", ""year"", ""i'm"", ""convinced"", ""next"", ""four"", ""years"", ""self-sufficient"", ""food"", ""products"", ""corn"", ""sugar"", ""protein"", ""indonesia"", ""fear"", ""economic"", ""integration"", ""trading"", ""nation"", ""hundreds"", ""years"", ""conclude"", ""trade"", ""agreements"", ""fashionable"", ""consider"", ""necessary"", ""believe"", ""concept"", ""win-win"", ""last"", ""year"", ""signed"", ""free"", ""trade"", ""agreements"", ""comprehensive"", ""economic"", ""partnership"", ""agreements"", ""europe"", ""canada"", ""peru"", ""eurasia"", ""visited"", ""united"", ""kingdom"", ""sign"", ""new"", ""strategic"", ""partnership"", ""economic"", ""growth"", ""agreement"", ""hope"", ""next"", ""year"", ""conclude"", ""comprehensive"", ""economic"", ""partnership"", ""agreement"", ""united"", ""kingdom"", ""part"", ""strategy"", ""deepen"", ""productivity"", ""reduce"", ""barriers"", ""unlock"", ""private"", ""sector"", ""growth"", ""indonesia"", ""asean"", ""global"", ""south"", ""believe"", ""trade"", ""integration"", ""done"", ""fairly"", ""threat"", ""sovereignty"", ""believe"", ""trade"", ""tool"", ""prosperity"", ""indonesia"", ""clear"", ""vision"", ""determined"", ""become"", ""modern"", ""country"", ""integrated"", ""global"", ""economy"", ""providing"", ""good"", ""quality"", ""life"", ""citizens"", ""living"", ""free"", ""poverty"", ""hunger"", ""understand"", ""well"", ""cannot"", ""achieved"", ""slogans"", ""alone"", ""requires"", ""determination"", ""good"", ""governance"", ""clean"", ""government"", ""free"", ""corruption"", ""maleficence"", ""end"", ""must"", ""efficient"", ""public"", ""administration"", ""must"", ""enact"", ""new"", ""culture"", ""bureaucracy"", ""government"", ""must"", ""serve"", ""general"", ""good"", ""must"", ""entrench"", ""collusion"", ""greedy"", ""rapacious"", ""economic"", ""players"", ""achieving"", ""mission"", ""requires"", ""smart"", ""investment"", ""infrastructure"", ""simplifying"", ""rules"", ""regulations"", ""getting"", ""rid"", ""much"", ""red"", ""tape"", ""course"", ""significant"", ""investment"", ""health"", ""education"", ""economic"", ""growth"", ""requires"", ""dynamic"", ""private"", ""sector"", ""indonesia"", ""always"", ""open"", ""foreign"", ""domestic"", ""investment"", ""realize"", ""prerequisite"", ""investment"", ""political"", ""economic"", ""stability"", ""certainty"", ""equitable"", ""rule"", ""law"", ""guaranteed"", ""strong"", ""clean"", ""democratic"", ""government"", ""indonesia"", ""today"", ""offers"", ""sustainable"", ""growth"", ""stability"", ""may"", ""low"", ""key"", ""may"", ""radar"", ""don't"", ""like"", ""flamboyant"", ""bragging"", ""believe"", ""evidence"", ""evidence-based"", ""action"", ""fact"", ""invited"", ""speak"", ""last"", ""year"", ""declined"", ""come"", ""last"", ""year"", ""would"", ""leading"", ""administration"", ""two"", ""months"", ""able"", ""say"", ""able"", ""talk"", ""give"", ""platitudes"", ""today"", ""stand"", ""confidence"", ""pride"", ""achievement"", ""one"", ""year"", ""achieved"", ""tremendous"", ""gains"", ""tremendous"", ""reforms"", ""wiped"", ""away"", ""hundreds"", ""hundreds"", ""regulations"", ""make"", ""sense"", ""regulations"", ""hinder"", ""fairness"", ""creates"", ""culture"", ""corruption"", ""hundreds"", ""regulations"", ""wiped"", ""one"", ""year"", ""peace"", ""stability"", ""long"", ""arduous"", ""program"", ""want"", ""take"", ""something"", ""talk"", ""today"", ""maybe"", ""indonesia"", ""chooses"", ""peace"", ""chaos"", ""want"", ""friend"", ""enemy"", ""none"", ""one"", ""thousand"", ""one"", ""enemy"", ""many"", ""want"", ""good"", ""neighbor"", ""good"", ""responsible"", ""citizen"", ""world"", ""protecting"", ""environment"", ""protecting"", ""nature"", ""must"", ""destroy"", ""nature"", ""must"", ""live"", ""nature"", ""must"", ""maintain"", ""part"", ""future"", ""full"", ""hope"", ""hope"", ""grounded"", ""credibility"", ""execution"", ""sound"", ""public"", ""policy"", ""continuous"", ""record"", ""growth"", ""equity"", ""let"", ""build"", ""world"", ""want"", ""live"", ""together"", ""let"", ""continue"", ""journey"", ""improve"", ""quality"", ""life"", ""live"", ""peace"", ""freedom"", ""friendship"", ""tolerance"", ""coexistence"", ""cooperation"", ""races"", ""ethnicity"", ""religions"", ""let"", ""continue"", ""pursuit"", ""justice"", ""security"", ""freedom"", ""look"", ""forward"", ""seeing"", ""many"", ""room"", ""indonesia"", ""bali"", ""june"", ""host"", ""first"", ""ocean"", ""impact"", ""summit"", ""together"", ""world"", ""economic"", ""forum"", ""indonesia"", ""sponsoring"", ""together"", ""important"", ""participation"", ""ray"", ""dalio"", ""research"", ""vessel"", ""oceanx"", ""spacex"", ""think"", ""elon"", ""musk"", ""think"", ""ray"", ""dalio"", ""one"", ""pioneers"", ""ocean"", ""research"", ""indonesia"", ""three-quarters"", ""sea"", ""concerned"", ""future"", ""ocean"", ""thank"", ""much"", ""attention"", ""may"", ""may"", ""peace"", ""blessing"", ""almighty"", ""god"", ""wassalamu'alaikum"", ""may"", ""peace"", ""upon"", ""thank""]",president ceo wef borge brende assalamu'alaikum gather davos time great uncertainty time wars continue break time trust nations institutions peoples fragile history teaches peace stability valuable assets peace stability ultimate prerequisites growth prosperity prosperity without peace imf recently described indonesia quote global bright spot strong economic growth amid challenging external environment world faced tightening financial conditions trade tensions political uncertainty indonesia continues grow indonesia's economy grew percent every year last decade i'm confident year growth higher inflation remains around percent government deficit cut percent gdp international institutions praise unfounded optimism evidence recognize indonesia's economy resilient policies always well calibrated peace stability indonesia years happen chance peace stability country happen luck happened indonesia always continue use unity fragmentation friendship collaboration confrontation always friendship enmity credibility hard earned many years protected credibility lost expensive regain indonesia history never defaulted payments debt succeeding regimes always pay debts preceding regime presidents successful presidents always honor debts previous administration addition requiring peace stability growth requires statecraft capital particular efficient allocation reallocation capital last february established sovereign wealth fund danantara indonesia danantara needs energy power future indonesia danantara sovereign wealth fund one trillion dollars assets management danantara stand front equal partner indonesia land peace stability indonesia land opportunity mentioned convinced growth economy growth economy significantly surprising many world danantara indonesia able partners co-invest grow danantara established finance co-finance industries future determined industrialize country significant way industries future must executed well wisely built danantara strong oversight institutional responsibility try find best executives direct leadership danantara danantara manages state-owned enterprises going bring around rationalize get rid inefficiency want best governance best management international standards allowed danantara recruit expatriates foreign citizens able lead companies want best brains best minds world fact run indonesia social programs efforts downstream natural resources efforts reach sufficiency food energy accompanied strong oversight capable leaders first two months administration carried vigorous efficiency program saved billion dollars stopping inefficient dubious programs budget redirected fund funds projects directly improve livelihoods impact society result january started free nutritious meals program pregnant lactating mothers infants indonesian children first day started kitchens serving people per day meals per day today one year achieved kitchens serving nationwide last night producing million meals million children mothers elderly living alone receive meals every day put context month's time surpass mcdonald's million meals day started january last year year aim serve million meals day children indonesia womb mother reach years age benefit program pregnant lactating mothers deliver meal daily home done delivered homes elderly living alone put context mentioned think mcdonald's started first kitchen reach million took decades reach millions hope end december people said sir reach millions december hopefully achieve addition strengthening children free meals strengthen economy micro small medium enterprises cooperatives part supply chain creating jobs kitchens peak optimistic reach million direct jobs vendors suppliers another million livelihoods embraced improved i'm convinced growth reach impressive numbers social policies must expand productivity produce growth today million indonesians receive free medical checkups receive free medical checkups year rest lives increase children adults indonesia providing free medical checkups citizens indonesia populist program rational program save money detecting illness disease early stage save much long term treatment actually productivity improvement program experts say long run save many many billions dollars last year instance renovated schools equipped schools one inch interactive flat panel part digitalization education program next year coming year add another million interactive smart panels every school least three four classrooms panels hope within three years schools indonesia least six classrooms digital interactive panels means instance jakarta drop school indonesia see quality teaching teachers see reaction children first weeks see enthusiasm children enthusiasm teachers villagers many cry see panels coming get messages president entire history village never felt central government knows first time feel central government cares village helping teach children heartwarming empowering future generation indonesians matter global investors gathering world economic forum conviction human capital determines long term growth long term returns human development human resources key thriving successful nation lack education path towards failed states country hope stable prosper people illiterate people able keep modern science technology addition year increase renovation i'm determined modernize renovate schools i'm building schools would call integrated comprehensive schools modern facilities modern laboratories already i'm sorry i've already built schools boarding schools poor maybe unique usually children upper class children wealthy boarding school make boarding schools poor condition entering school must come bottom deciles society poor taking children want cut chain poverty usually countries like countries countries global south countries third world countries coming hundreds years colonialism usually son poor peasant poor peasant son garbage collector garbage collector son street hawker street hawker son day laborer harbor day laborer harbor call global south circle poverty i'm determined break circle i'm determined son poorest poor must given equal opportunity that's i've already built build total boarding schools another another boarding schools centers excellence boost children brighter i've started new boarding schools academically gifted i'm building new universities i'm discussing negotiating best universities europe united kingdom north america twin produce universities campus international standards addition process building cooperatives warehouses cold storages mini markets village drugstores selling generic medicine subsidized goods direct villages without intervention many middlemen going modernize call new fishing villages build least year actually want allocate funds villages village fishermen hope impact million fishermen wives children impact least million indonesians started pilot project biak papua result heartening average increase livelihood percent increase annual livelihood get ice impossible ice making factory near villages get diesel far build diesel stations every village access easily let say clearly investment climate without certainty equitable rule law nobody come invest country that's lawless dubious legal tradition determined administration ensure rule law rule law must prevail vested interests indonesia promised confront confronted corruption directly firmly openly person dealing illness disease must must courage acknowledge illness disease suffer determined directly fight corruption it's challenging many people believe choice choice inaugurated i've sworn uphold constitution rule law first weeks government uncovered massive abuse fuel crude oil governance sectors economy found illegality illegal practices first year administration already confiscated million hectares illegal plantations illegal mines amazing call free enterprise call free market called openly greedynomics economics greed economics rapacious practices maybe many countries period like period robber barons confiscated million hectares two days ago led cabinet meeting zoom london decided confiscate revoke licenses corporations licenses million hectares revoked found violating laws building plantations protected forests flagrant undermining rule law perhaps rapacious so-called entrepreneurs feel need recognize sovereignty indonesian government perhaps feel buy indonesian government officials reports people meeting say it's okay government official cannot bought well challenge try buy officials administration come find big surprise combined million hectares illegal plantations already confiscated fact enacted boldest daring forest law enforcement effort history indonesia closed illegal mines staff people report sir least another thousand many corporations violate law say courage enforce law compromise turning back people demand determined serve people honesty determined determined uphold oath defend constitution country force law land might heard story people like flamboyant low key tend radar determined effort keep rest world might heard story extreme poverty indonesia fell lowest level history i'm determined next four years eradicate extreme poverty bring poverty whole mission life mission remaining years life nothing vulnerable nothing satisfying bringing poverty bringing eradicating hunger saying learned elders one elders wise man honest political leader told duty leader simple leader country want leader country must work poor weak smile laugh simple mean poor weak smile laugh means hope means see future means livelihood improved mission make poorest indonesians weakest indonesians smile think part must combat corruption manipulation maleficence days ago surprised gallup gallup poll harvard university found research survey hundreds countries found indonesia indonesian people happiest people flourishing country world people optimistic bit heartening bit sad know people many live shuts many clean water many bathrooms many eat rice salt yet smile yet hope achieved sufficiency rice first time many many years rice production highest history indonesia gave target self-sufficient four years gave target team within one year i'm convinced next four years self-sufficient food products corn sugar protein indonesia fear economic integration trading nation hundreds years conclude trade agreements fashionable consider necessary believe concept win-win last year signed free trade agreements comprehensive economic partnership agreements europe canada peru eurasia visited united kingdom sign new strategic partnership economic growth agreement hope next year conclude comprehensive economic partnership agreement united kingdom part strategy deepen productivity reduce barriers unlock private sector growth indonesia asean global south believe trade integration done fairly threat sovereignty believe trade tool prosperity indonesia clear vision determined become modern country integrated global economy providing good quality life citizens living free poverty hunger understand well cannot achieved slogans alone requires determination good governance clean government free corruption maleficence end must efficient public administration must enact new culture bureaucracy government must serve general good must entrench collusion greedy rapacious economic players achieving mission requires smart investment infrastructure simplifying rules regulations getting rid much red tape course significant investment health education economic growth requires dynamic private sector indonesia always open foreign domestic investment realize prerequisite investment political economic stability certainty equitable rule law guaranteed strong clean democratic government indonesia today offers sustainable growth stability may low key may radar don't like flamboyant bragging believe evidence evidence-based action fact invited speak last year declined come last year would leading administration two months able say able talk give platitudes today stand confidence pride achievement one year achieved tremendous gains tremendous reforms wiped away hundreds hundreds regulations make sense regulations hinder fairness creates culture corruption hundreds regulations wiped one year peace stability long arduous program want take something talk today maybe indonesia chooses peace chaos want friend enemy none one thousand one enemy many want good neighbor good responsible citizen world protecting environment protecting nature must destroy nature must live nature must maintain part future full hope hope grounded credibility execution sound public policy continuous record growth equity let build world want live together let continue journey improve quality life live peace freedom friendship tolerance coexistence cooperation races ethnicity religions let continue pursuit justice security freedom look forward seeing many room indonesia bali june host first ocean impact summit together world economic forum indonesia sponsoring together important participation ray dalio research vessel oceanx spacex think elon musk think ray dalio one pioneers ocean research indonesia three-quarters sea concerned future ocean thank much attention may may peace blessing almighty god wassalamu'alaikum may peace upon thank,"Distinguished President and CEO of the WEF, Mr. Borge Brende,

Ladies and Gentlemen,

Bismillahirrahmanirrahim,

Assalamu'alaikum warahmatullahi wabarakatuh,

Shalom,

Salve,

Om swastiastu.

Ladies and Gentlemen,

We gather here, in Davos, at a time of great uncertainty. A time when wars continue to break out. A time when trust between nations, between institutions, between peoples, is fragile. History teaches us peace and stability are our most valuable assets. Peace and stability are the ultimate prerequisites for growth and prosperity. There will be no prosperity without peace.

Excellencies, Distinguished Delegates,

The IMF recently described Indonesia as, I quote, a global bright spot with strong economic growth amid a challenging external environment. While the world had faced tightening financial conditions, trade tensions. and political uncertainty, Indonesia continues to grow. Indonesia's economy grew by more than 5 percent every year over the last decade and I'm confident that this year our growth will be higher. Our inflation remains at around 2 percent. Our government deficit is now cut below 3 percent of our GDP. International institutions did not praise us because of unfounded optimism, they did so because of evidence. They recognize that the Indonesia's economy is resilient. Our policies have been and will always be well calibrated. Peace and stability in Indonesia over the years did not happen by chance. Peace and stability in my country did not happen by luck. It happened because we, Indonesia, have and will always continue to use unity over fragmentation. Friendship and collaboration over confrontation. And, always friendship over enmity. Our credibility hard earned over many years has been protected. Credibility once lost is very expensive to regain. Indonesia, in our history, has never once defaulted on our payments of our debt, not once. Succeeding regimes always pay the debts of the preceding regime. Presidents, successful presidents will always honor the debts of the previous administration.

Excellencies, Distinguished Friends,

In addition to requiring peace and stability, growth requires statecraft and capital. In particular, the efficient allocation and reallocation of capital. That is why last February we established our sovereign wealth fund, Danantara Indonesia. Danantara needs the energy to power the future of Indonesia. Danantara is a sovereign wealth fund with one trillion US dollars in assets under management. With Danantara, I can stand here in front of you as an equal partner. Indonesia is now not only a land of peace and stability, Indonesia now is more and more the land of opportunity. Once again, I mentioned that I am convinced that our growth, the economy, the growth of our economy will be significantly surprising to many in the world. With Danantara, Indonesia is now able to be your partners. We will co-invest and grow with you. Danantara is established to finance and co-finance the industries of the future. We are determined to industrialize our country in a significant way. The industries of the future must be executed well and wisely. That is why we built Danantara with strong oversight and institutional responsibility, and we try to find the best executives to direct the leadership of Danantara. Danantara now manages 1,044 state-owned enterprises. We are going to bring this down to around at most 300. We will rationalize, we will get rid of inefficiency. We want the best governance and the best management under international standards. I have allowed Danantara to recruit expatriates, foreign citizens, to be able to lead these companies. We want the best brains and the best minds in the world.

This is, in fact, how we run Indonesia now. From our social programs, to our efforts to downstream our natural resources, to our efforts to reach sufficiency in food and energy. All are now accompanied by strong oversight and capable leaders. In the first two months of my administration, we carried out a vigorous efficiency program. We saved 18 billion dollars by stopping inefficient and dubious programs from our budget, and redirected this fund, these funds to projects that directly improve livelihoods and impact all of society.

As a result, on January 6th, 2025, we started our free nutritious meals program for pregnant and lactating mothers, infants, and all Indonesian children. On our first day, we started with 190 kitchens, serving 570,000 people per day, 570,000 meals per day. Today, in one year, we have achieved 21,102 kitchens serving nationwide. As of last night, we are producing 59.8 million meals for 59.8 million children, mothers, and elderly living alone. They receive these meals every day. To put this into context, in about a month's time, we will surpass McDonald's, 68 million meals a day. We started in January of last year. This year, we aim to serve 82.9 million meals a day. All children of Indonesia from the womb of their mother up until they reach 18 years of age benefit from this program. For pregnant and lactating mothers, we deliver the meal daily to their home. This is also done, delivered to their homes for the elderly living alone. To put this in the context I mentioned, I think McDonald's started the first kitchen in 1940, to reach 68 million it took them what 50, 55 decades more. We will reach 82.9 [millions] I hope by the end of December 2026. But my people said, ""No, Sir, we will reach 82.9 [millions] before December."" So, hopefully, we will achieve this.

In addition to strengthening our children, our free meals strengthen our economy. More than 61,000 micro, small and medium enterprises, and cooperatives are now a part of this supply chain. We are creating more than 600,000 jobs, just at the kitchens. At its peak, we are optimistic it will reach 1.5 million direct jobs. With vendors, with suppliers, there will be another more than 1 million livelihoods embraced and improved. This is why I'm convinced that our growth will reach impressive numbers.

Our social policies must expand productivity and produce growth. Today, 70 million Indonesians receive free medical checkups and they will receive free medical checkups once a year for the rest of their lives. And, this will increase to all the children and the adults of Indonesia. We are providing free medical checkups to all citizens of Indonesia. This is not a populist program. This is a rational program to save money. By detecting illness, disease at an early stage, we will save much more in the long term in treatment. This actually is a productivity improvement program. My experts say that in the long run, we will save many many billions of US dollars.

Last year, for instance, we renovated 16,140 schools. We equipped 288,000 schools each with one 75-inch interactive flat panel as part of our digitalization of our education program. Next year, in this coming year, 2026, we will add another 1 million of these interactive smart panels. So that every school will have at least three to four classrooms with these panels and we hope within three years, all the schools of Indonesia will have at least six classrooms with digital interactive panels. That means that I, for instance, in Jakarta, I can drop in on any school in Indonesia and I can see the quality of teaching of the teachers. I can see the reaction of the children. And in the first weeks, we see the enthusiasm of the children, the enthusiasm of the teachers, of the villagers. Many of them cry when they see the panels coming in. We get messages: ""Mr. President, in the entire history of this village, we have never felt that the Central Government knows about us. This is the first time we feel that the Central Government cares about us, and is now in our village, is now helping to teach our children."" This is for me, heartwarming because what we are doing is we are empowering the future generation of Indonesians.

Why, why does this matter to global investors gathering here at the World Economic Forum? Because I am of the conviction that human capital determines long term growth, long term returns. Human development, human resources, is the key to a thriving and successful nation. Lack of education is the path towards failed states. No country can hope to be stable and prosper if its people are illiterate, if its people are not able to keep up with modern science and technology.

In addition, this year we will increase the renovation. I'm determined to modernize and renovate 60,000 schools. I'm also building 1,000 schools, I would, what I call integrated comprehensive schools with modern facilities, with modern laboratories, 1,000. I have already, I'm sorry, 500, but I've already built 160 schools, boarding schools for the very poor. So, this is maybe unique, because usually the children of the upper class, the children of the wealthy, go to boarding school. But, I now make boarding schools for the very poor. Their only condition for entering the school is they must come from the bottom deciles of our society. Those who are very poor, I am taking the children, I want to cut the chain of poverty.

Usually in countries like my countries, countries of the global south, countries of the third world, countries coming out of hundreds of years of colonialism, usually the son of a poor peasant will be a poor peasant, the son of a garbage collector will be a garbage collector, the son of a street hawker will be a street hawker, the son of a day laborer in the harbor will also be a day laborer in the harbor. This is what we call in the global south, the circle of poverty. I'm determined to break the circle. I'm determined that the son of the poorest should not be poor. They must be given equal opportunity and that's why I've already built 166, and I will build a total of 500 of these boarding schools. And, another 500, another 500 not boarding schools but centers of excellence to boost the other children who are brighter. Also, I've started 20 new boarding schools for the academically gifted. I'm also building 10 new universities, and I'm discussing and negotiating with the best universities of Europe, United Kingdom, and North America, to twin them, and to produce universities and campus of international standards.

In addition, we are now in the process of building 83,000 cooperatives with 83,000 warehouses, 83,000 cold storages, 83,000 mini markets, 83,000 village drugstores selling generic medicine and all subsidized goods direct to the villages, without intervention from too many middlemen. We are also going to modernize what we call the new fishing villages. We will build at least 1,000 this year, but we actually want to allocate funds for 5,000 villages. Each village will have 2,000 fishermen, we hope to impact 10 million fishermen with their wives and their children, this will impact at least 40 million Indonesians.

We have started a pilot project in Biak, in Papua, and the result is very heartening. The average increase in their livelihood is 60 percent increase in their annual livelihood. Why? Because before, to get ice was impossible for them, there was no ice making factory near the villages. To get diesel very far, we will build diesel stations in every village. They will have access very easily.

Ladies and Gentlemen,

Let me say this clearly. There is no investment climate without the certainty of equitable rule of law. Nobody will come in to invest in a country that's lawless, or of dubious legal tradition. I am determined under my administration to ensure the rule of law. The rule of law must prevail over any vested interests. In 2025, Indonesia, as I promised, we will confront and we have confronted corruption directly, firmly and openly. As any person dealing with an illness, with a disease, we must be, we must have the courage to acknowledge the illness and disease that we suffer. We are determined, directly, to fight against this corruption. It's challenging, not many people believe we can do it, but we have no choice. I have no choice. I have been inaugurated, I've been sworn in to uphold the constitution and the rule of law.

In my first weeks in government, we uncovered massive abuse in fuel and crude oil governance. In all sectors of the economy, we found illegality, illegal practices. In my first year of administration, we have already confiscated 4 million hectares of illegal plantations and illegal mines. It is amazing. I call this not free enterprise, I call this not the free market. I called it openly greedynomics, the economics of greed, the economics of rapacious practices. Maybe in many of your countries, there was a period like this, a period of the robber barons. I have confiscated 4 million hectares, but two days ago, I led the cabinet meeting by Zoom from London, and we decided to confiscate or to revoke the licenses of 28 corporations which had licenses over 1.01 million hectares I revoked. Because, we found them violating laws. They were building plantations on protected forests. This is a flagrant undermining of the rule of law.

Perhaps these rapacious so-called entrepreneurs feel that they need not recognize the sovereignty of the Indonesian Government or perhaps they feel they can buy all Indonesian government officials. I have reports that some of these people in their meeting say, ""Oh, it's okay, there is no government official that cannot be bought."" Well, I challenge them to try to buy officials for my administration. They will come to find themselves a big surprise. Combined with the 4 million hectares of illegal plantations already confiscated, we have, in fact, enacted the boldest, the most daring forest law enforcement effort in the history of Indonesia. We have closed up to now 1,000 illegal mines.

But my staff, my people report to me, ""Sir, there are at least another thousand or more. There could be as many as 666 corporations that violate the law."" So, I say, ""What can we do? We can only have the courage to enforce the law. There can be no compromise. There can be no turning back."" My people demand this and we are determined to serve our people in honesty. We are determined, I am determined to uphold my oath, defend the constitution of my country and force the law of the land.

You might not have heard our story, because we are people who do not like to be flamboyant, we are low key, we tend to be below the radar, but we are very determined in our effort to keep up with the rest of the world.

You might not have heard this story, but extreme poverty in Indonesia fell to its lowest level in history. I'm determined, in the next four years, we will eradicate extreme poverty, and we will bring down poverty as a whole. That is my mission in my life. That is my mission in the remaining years of my life. There is nothing more vulnerable, there is nothing more satisfying than bringing down poverty and bringing down eradicating hunger.

There is a saying I learned from my elders, one of my elders, a very wise man, very honest, political leader, he told me, ""Prabowo, the duty of a leader is very simple. The leader of this country, if you want to be the leader of this country, you must work. So that the poor and the weak can smile and can laugh. Very simple."" What does that mean? If the poor, the weak, can smile and can laugh, that means they have hope, that means they see a future. That means their livelihood is being improved. So that is my mission now, to make the poorest of Indonesians, the weakest of Indonesians, smile. I think part of this is, we must combat corruption, manipulation, maleficence.

Ladies and Gentlemen,

A few days ago, I was surprised myself, Gallup, Gallup Poll and Harvard University found that a research survey of hundreds of countries found that Indonesia, the Indonesian people are the happiest people, the most flourishing country in the world with the people the most optimistic. This is a bit heartening, but for me also a bit sad. I know my people, many of them live in shuts. Many of them do not have clean water. Many of them do not have bathrooms, [and] many of them eat rice with salt. And yet, they smile. And yet, they have hope. We also achieved sufficiency in rice, the first time in many, many years, our rice production is the highest in the history of Indonesia. I gave a target to be self-sufficient in four years. I gave a target to my team. They did it within one year. I'm convinced in the next four years, we will be self-sufficient in the other food products: corn, sugar, protein.

Excellencies, Distinguished Delegates,

Indonesia does not fear economic integration. We are a trading nation for hundreds of years. We conclude now trade agreements not because it is fashionable, but we consider it necessary. We believe in the concept of win-win. Last year, we signed free trade agreements and comprehensive economic partnership agreements with Europe, with the EU, Canada, Peru, Eurasia. I have just visited the United Kingdom to sign our new strategic partnership, also an economic growth agreement. And, we hope next year we can conclude a comprehensive economic partnership agreement with the United Kingdom. This is part of our strategy to deepen productivity, reduce barriers, unlock private sector growth for Indonesia, ASEAN, and the global South.

We believe that trade integration when done fairly is not a threat to sovereignty. We believe trade is a tool for prosperity. Indonesia has a clear vision. We are determined to become a modern country, integrated with a global economy, providing good quality of life for its citizens, living free of poverty and hunger. But, we understand very well, this cannot be achieved by slogans alone. It requires determination, good governance, clean government, free of corruption and maleficence, and in the end, we must have efficient public administration. We must also enact a new culture in our bureaucracy. Our Government must serve the general good and must not entrench itself in collusion with greedy and rapacious economic players. Achieving our mission also requires smart investment in infrastructure, simplifying rules and regulations, getting rid of too much red tape, and of course significant investment in health and education.

Distinguished Delegates, Friends,

Economic growth requires a dynamic private sector. Indonesia is, and it will always be open for foreign and domestic investment. And, we realize the prerequisite for investment is political and economic stability. Also, the certainty of equitable rule of law, guaranteed by a strong, clean and democratic government. Indonesia today offers sustainable growth with stability. We may be very low key. We may be below the radar. We don't like to be flamboyant, to be bragging. We believe in evidence, evidence-based action.

In fact, I was invited to speak last year here and I declined, why? Because if I had come last year, I would have only been leading my administration only for two months. So, what will I be able to say? I will only be able to talk, to give platitudes. Today, I stand before you with confidence, with pride in our achievement. We have in one year achieved tremendous gains, tremendous reforms. We have wiped away hundreds and hundreds of regulations that do not make sense, regulations that hinder fairness, that creates the culture of corruption. Hundreds of regulations we have wiped out in one year.

Ladies and Gentlemen,

Peace and stability are a long and arduous program. But if you want to take something from my talk today, maybe it should be this. Indonesia chooses peace over chaos. We want to be a friend to all, an enemy to none. One thousand friends, too few for us. One enemy, too many. We want to be a good neighbor, a good responsible citizen of the world, protecting the environment, protecting nature. We must not destroy nature. We must live with nature. We must maintain and be a part of a future full of hope. Hope grounded in credibility, execution of sound public policy and continuous record of growth with equity.

Let us build the world we want to live in together. Let us continue the journey to improve the quality of life for all, to live in peace, freedom, friendship, tolerance, coexistence and cooperation for all races, all ethnicity, all religions. Let us continue our pursuit of justice for all, security and freedom for all.

I look forward to seeing many of you here in this room, in Indonesia. Because in Bali, this June, we will host the first Ocean Impact Summit together with the World Economic Forum, which Indonesia is sponsoring together with the important participation of Mr. Ray Dalio and his research vessel, OceanX. There is a SpaceX, I think, from Mr. Elon Musk, but I think Mr. Ray Dalio is one of the pioneers in ocean research. And, Indonesia being three-quarters sea, we are very concerned about the future of our ocean.

Ladies and Gentlemen,

Thank you very much for your attention. May you go, may you go in peace with the blessing of the Almighty God.

Wassalamu'alaikum warahmatullahi wabarakatuh,

Shalom,

Salve,

Om santi santi om,

May peace be upon us all.

Thank you.","Distinguished President and CEO of the WEF, Mr. Borge Brende,

Ladies and Gentlemen,

Bismillahirrahmanirrahim,

Assalamu'alaikum warahmatullahi wabarakatuh,

Shalom,

Salve,

Om swastiastu.

Ladies and Gentlemen,

We gather here, in Davos, at a time of great uncertainty. A time when wars continue to break out. A time when trust between nations, between institutions, between peoples, is fragile. History teaches us peace and stability are our most valuable assets. Peace and stability are the ultimate prerequisites for growth and prosperity. There will be no prosperity without peace.

Excellencies, Distinguished Delegates,

The IMF recently described Indonesia as, I quote, a global bright spot with strong economic growth amid a challenging external environment. While the world had faced tightening financial conditions, trade tensions. and political uncertainty, Indonesia continues to grow. Indonesia's economy grew by more than 5 percent every year over the last decade and I'm confident that this year our growth will be higher. Our inflation remains at around 2 percent. Our government deficit is now cut below 3 percent of our GDP. International institutions did not praise us because of unfounded optimism, they did so because of evidence. They recognize that the Indonesia's economy is resilient. Our policies have been and will always be well calibrated. Peace and stability in Indonesia over the years did not happen by chance. Peace and stability in my country did not happen by luck. It happened because we, Indonesia, have and will always continue to use unity over fragmentation. Friendship and collaboration over confrontation. And, always friendship over enmity. Our credibility hard earned over many years has been protected. Credibility once lost is very expensive to regain. Indonesia, in our history, has never once defaulted on our payments of our debt, not once. Succeeding regimes always pay the debts of the preceding regime. Presidents, successful presidents will always honor the debts of the previous administration.

Excellencies, Distinguished Friends,

In addition to requiring peace and stability, growth requires statecraft and capital. In particular, the efficient allocation and reallocation of capital. That is why last February we established our sovereign wealth fund, Danantara Indonesia. Danantara needs the energy to power the future of Indonesia. Danantara is a sovereign wealth fund with one trillion US dollars in assets under management. With Danantara, I can stand here in front of you as an equal partner. Indonesia is now not only a land of peace and stability, Indonesia now is more and more the land of opportunity. Once again, I mentioned that I am convinced that our growth, the economy, the growth of our economy will be significantly surprising to many in the world. With Danantara, Indonesia is now able to be your partners. We will co-invest and grow with you. Danantara is established to finance and co-finance the industries of the future. We are determined to industrialize our country in a significant way. The industries of the future must be executed well and wisely. That is why we built Danantara with strong oversight and institutional responsibility, and we try to find the best executives to direct the leadership of Danantara. Danantara now manages 1,044 state-owned enterprises. We are going to bring this down to around at most 300. We will rationalize, we will get rid of inefficiency. We want the best governance and the best management under international standards. I have allowed Danantara to recruit expatriates, foreign citizens, to be able to lead these companies. We want the best brains and the best minds in the world.

This is, in fact, how we run Indonesia now. From our social programs, to our efforts to downstream our natural resources, to our efforts to reach sufficiency in food and energy. All are now accompanied by strong oversight and capable leaders. In the first two months of my administration, we carried out a vigorous efficiency program. We saved 18 billion dollars by stopping inefficient and dubious programs from our budget, and redirected this fund, these funds to projects that directly improve livelihoods and impact all of society.

As a result, on January 6th, 2025, we started our free nutritious meals program for pregnant and lactating mothers, infants, and all Indonesian children. On our first day, we started with 190 kitchens, serving 570,000 people per day, 570,000 meals per day. Today, in one year, we have achieved 21,102 kitchens serving nationwide. As of last night, we are producing 59.8 million meals for 59.8 million children, mothers, and elderly living alone. They receive these meals every day. To put this into context, in about a month's time, we will surpass McDonald's, 68 million meals a day. We started in January of last year. This year, we aim to serve 82.9 million meals a day. All children of Indonesia from the womb of their mother up until they reach 18 years of age benefit from this program. For pregnant and lactating mothers, we deliver the meal daily to their home. This is also done, delivered to their homes for the elderly living alone. To put this in the context I mentioned, I think McDonald's started the first kitchen in 1940, to reach 68 million it took them what 50, 55 decades more. We will reach 82.9 [millions] I hope by the end of December 2026. But my people said, ""No, Sir, we will reach 82.9 [millions] before December."" So, hopefully, we will achieve this.

In addition to strengthening our children, our free meals strengthen our economy. More than 61,000 micro, small and medium enterprises, and cooperatives are now a part of this supply chain. We are creating more than 600,000 jobs, just at the kitchens. At its peak, we are optimistic it will reach 1.5 million direct jobs. With vendors, with suppliers, there will be another more than 1 million livelihoods embraced and improved. This is why I'm convinced that our growth will reach impressive numbers.

Our social policies must expand productivity and produce growth. Today, 70 million Indonesians receive free medical checkups and they will receive free medical checkups once a year for the rest of their lives. And, this will increase to all the children and the adults of Indonesia. We are providing free medical checkups to all citizens of Indonesia. This is not a populist program. This is a rational program to save money. By detecting illness, disease at an early stage, we will save much more in the long term in treatment. This actually is a productivity improvement program. My experts say that in the long run, we will save many many billions of US dollars.

Last year, for instance, we renovated 16,140 schools. We equipped 288,000 schools each with one 75-inch interactive flat panel as part of our digitalization of our education program. Next year, in this coming year, 2026, we will add another 1 million of these interactive smart panels. So that every school will have at least three to four classrooms with these panels and we hope within three years, all the schools of Indonesia will have at least six classrooms with digital interactive panels. That means that I, for instance, in Jakarta, I can drop in on any school in Indonesia and I can see the quality of teaching of the teachers. I can see the reaction of the children. And in the first weeks, we see the enthusiasm of the children, the enthusiasm of the teachers, of the villagers. Many of them cry when they see the panels coming in. We get messages: ""Mr. President, in the entire history of this village, we have never felt that the Central Government knows about us. This is the first time we feel that the Central Government cares about us, and is now in our village, is now helping to teach our children."" This is for me, heartwarming because what we are doing is we are empowering the future generation of Indonesians.

Why, why does this matter to global investors gathering here at the World Economic Forum? Because I am of the conviction that human capital determines long term growth, long term returns. Human development, human resources, is the key to a thriving and successful nation. Lack of education is the path towards failed states. No country can hope to be stable and prosper if its people are illiterate, if its people are not able to keep up with modern science and technology.

In addition, this year we will increase the renovation. I'm determined to modernize and renovate 60,000 schools. I'm also building 1,000 schools, I would, what I call integrated comprehensive schools with modern facilities, with modern laboratories, 1,000. I have already, I'm sorry, 500, but I've already built 160 schools, boarding schools for the very poor. So, this is maybe unique, because usually the children of the upper class, the children of the wealthy, go to boarding school. But, I now make boarding schools for the very poor. Their only condition for entering the school is they must come from the bottom deciles of our society. Those who are very poor, I am taking the children, I want to cut the chain of poverty.

Usually in countries like my countries, countries of the global south, countries of the third world, countries coming out of hundreds of years of colonialism, usually the son of a poor peasant will be a poor peasant, the son of a garbage collector will be a garbage collector, the son of a street hawker will be a street hawker, the son of a day laborer in the harbor will also be a day laborer in the harbor. This is what we call in the global south, the circle of poverty. I'm determined to break the circle. I'm determined that the son of the poorest should not be poor. They must be given equal opportunity and that's why I've already built 166, and I will build a total of 500 of these boarding schools. And, another 500, another 500 not boarding schools but centers of excellence to boost the other children who are brighter. Also, I've started 20 new boarding schools for the academically gifted. I'm also building 10 new universities, and I'm discussing and negotiating with the best universities of Europe, United Kingdom, and North America, to twin them, and to produce universities and campus of international standards.

In addition, we are now in the process of building 83,000 cooperatives with 83,000 warehouses, 83,000 cold storages, 83,000 mini markets, 83,000 village drugstores selling generic medicine and all subsidized goods direct to the villages, without intervention from too many middlemen. We are also going to modernize what we call the new fishing villages. We will build at least 1,000 this year, but we actually want to allocate funds for 5,000 villages. Each village will have 2,000 fishermen, we hope to impact 10 million fishermen with their wives and their children, this will impact at least 40 million Indonesians.

We have started a pilot project in Biak, in Papua, and the result is very heartening. The average increase in their livelihood is 60 percent increase in their annual livelihood. Why? Because before, to get ice was impossible for them, there was no ice making factory near the villages. To get diesel very far, we will build diesel stations in every village. They will have access very easily.

Ladies and Gentlemen,

Let me say this clearly. There is no investment climate without the certainty of equitable rule of law. Nobody will come in to invest in a country that's lawless, or of dubious legal tradition. I am determined under my administration to ensure the rule of law. The rule of law must prevail over any vested interests. In 2025, Indonesia, as I promised, we will confront and we have confronted corruption directly, firmly and openly. As any person dealing with an illness, with a disease, we must be, we must have the courage to acknowledge the illness and disease that we suffer. We are determined, directly, to fight against this corruption. It's challenging, not many people believe we can do it, but we have no choice. I have no choice. I have been inaugurated, I've been sworn in to uphold the constitution and the rule of law.

In my first weeks in government, we uncovered massive abuse in fuel and crude oil governance. In all sectors of the economy, we found illegality, illegal practices. In my first year of administration, we have already confiscated 4 million hectares of illegal plantations and illegal mines. It is amazing. I call this not free enterprise, I call this not the free market. I called it openly greedynomics, the economics of greed, the economics of rapacious practices. Maybe in many of your countries, there was a period like this, a period of the robber barons. I have confiscated 4 million hectares, but two days ago, I led the cabinet meeting by Zoom from London, and we decided to confiscate or to revoke the licenses of 28 corporations which had licenses over 1.01 million hectares I revoked. Because, we found them violating laws. They were building plantations on protected forests. This is a flagrant undermining of the rule of law.

Perhaps these rapacious so-called entrepreneurs feel that they need not recognize the sovereignty of the Indonesian Government or perhaps they feel they can buy all Indonesian government officials. I have reports that some of these people in their meeting say, ""Oh, it's okay, there is no government official that cannot be bought."" Well, I challenge them to try to buy officials for my administration. They will come to find themselves a big surprise. Combined with the 4 million hectares of illegal plantations already confiscated, we have, in fact, enacted the boldest, the most daring forest law enforcement effort in the history of Indonesia. We have closed up to now 1,000 illegal mines.

But my staff, my people report to me, ""Sir, there are at least another thousand or more. There could be as many as 666 corporations that violate the law."" So, I say, ""What can we do? We can only have the courage to enforce the law. There can be no compromise. There can be no turning back."" My people demand this and we are determined to serve our people in honesty. We are determined, I am determined to uphold my oath, defend the constitution of my country and force the law of the land.

You might not have heard our story, because we are people who do not like to be flamboyant, we are low key, we tend to be below the radar, but we are very determined in our effort to keep up with the rest of the world.

You might not have heard this story, but extreme poverty in Indonesia fell to its lowest level in history. I'm determined, in the next four years, we will eradicate extreme poverty, and we will bring down poverty as a whole. That is my mission in my life. That is my mission in the remaining years of my life. There is nothing more vulnerable, there is nothing more satisfying than bringing down poverty and bringing down eradicating hunger.

There is a saying I learned from my elders, one of my elders, a very wise man, very honest, political leader, he told me, ""Prabowo, the duty of a leader is very simple. The leader of this country, if you want to be the leader of this country, you must work. So that the poor and the weak can smile and can laugh. Very simple."" What does that mean? If the poor, the weak, can smile and can laugh, that means they have hope, that means they see a future. That means their livelihood is being improved. So that is my mission now, to make the poorest of Indonesians, the weakest of Indonesians, smile. I think part of this is, we must combat corruption, manipulation, maleficence.

Ladies and Gentlemen,

A few days ago, I was surprised myself, Gallup, Gallup Poll and Harvard University found that a research survey of hundreds of countries found that Indonesia, the Indonesian people are the happiest people, the most flourishing country in the world with the people the most optimistic. This is a bit heartening, but for me also a bit sad. I know my people, many of them live in shuts. Many of them do not have clean water. Many of them do not have bathrooms, [and] many of them eat rice with salt. And yet, they smile. And yet, they have hope. We also achieved sufficiency in rice, the first time in many, many years, our rice production is the highest in the history of Indonesia. I gave a target to be self-sufficient in four years. I gave a target to my team. They did it within one year. I'm convinced in the next four years, we will be self-sufficient in the other food products: corn, sugar, protein.

Excellencies, Distinguished Delegates,

Indonesia does not fear economic integration. We are a trading nation for hundreds of years. We conclude now trade agreements not because it is fashionable, but we consider it necessary. We believe in the concept of win-win. Last year, we signed free trade agreements and comprehensive economic partnership agreements with Europe, with the EU, Canada, Peru, Eurasia. I have just visited the United Kingdom to sign our new strategic partnership, also an economic growth agreement. And, we hope next year we can conclude a comprehensive economic partnership agreement with the United Kingdom. This is part of our strategy to deepen productivity, reduce barriers, unlock private sector growth for Indonesia, ASEAN, and the global South.

We believe that trade integration when done fairly is not a threat to sovereignty. We believe trade is a tool for prosperity. Indonesia has a clear vision. We are determined to become a modern country, integrated with a global economy, providing good quality of life for its citizens, living free of poverty and hunger. But, we understand very well, this cannot be achieved by slogans alone. It requires determination, good governance, clean government, free of corruption and maleficence, and in the end, we must have efficient public administration. We must also enact a new culture in our bureaucracy. Our Government must serve the general good and must not entrench itself in collusion with greedy and rapacious economic players. Achieving our mission also requires smart investment in infrastructure, simplifying rules and regulations, getting rid of too much red tape, and of course significant investment in health and education.

Distinguished Delegates, Friends,

Economic growth requires a dynamic private sector. Indonesia is, and it will always be open for foreign and domestic investment. And, we realize the prerequisite for investment is political and economic stability. Also, the certainty of equitable rule of law, guaranteed by a strong, clean and democratic government. Indonesia today offers sustainable growth with stability. We may be very low key. We may be below the radar. We don't like to be flamboyant, to be bragging. We believe in evidence, evidence-based action.

In fact, I was invited to speak last year here and I declined, why? Because if I had come last year, I would have only been leading my administration only for two months. So, what will I be able to say? I will only be able to talk, to give platitudes. Today, I stand before you with confidence, with pride in our achievement. We have in one year achieved tremendous gains, tremendous reforms. We have wiped away hundreds and hundreds of regulations that do not make sense, regulations that hinder fairness, that creates the culture of corruption. Hundreds of regulations we have wiped out in one year.

Ladies and Gentlemen,

Peace and stability are a long and arduous program. But if you want to take something from my talk today, maybe it should be this. Indonesia chooses peace over chaos. We want to be a friend to all, an enemy to none. One thousand friends, too few for us. One enemy, too many. We want to be a good neighbor, a good responsible citizen of the world, protecting the environment, protecting nature. We must not destroy nature. We must live with nature. We must maintain and be a part of a future full of hope. Hope grounded in credibility, execution of sound public policy and continuous record of growth with equity.

Let us build the world we want to live in together. Let us continue the journey to improve the quality of life for all, to live in peace, freedom, friendship, tolerance, coexistence and cooperation for all races, all ethnicity, all religions. Let us continue our pursuit of justice for all, security and freedom for all.

I look forward to seeing many of you here in this room, in Indonesia. Because in Bali, this June, we will host the first Ocean Impact Summit together with the World Economic Forum, which Indonesia is sponsoring together with the important participation of Mr. Ray Dalio and his research vessel, OceanX. There is a SpaceX, I think, from Mr. Elon Musk, but I think Mr. Ray Dalio is one of the pioneers in ocean research. And, Indonesia being three-quarters sea, we are very concerned about the future of our ocean.

Ladies and Gentlemen,

Thank you very much for your attention. May you go, may you go in peace with the blessing of the Almighty God.

Wassalamu'alaikum warahmatullahi wabarakatuh,

Shalom,

Salve,

Om santi santi om,

May peace be upon us all.

Thank you.",21135,3495,1728,854,64a1d89014f09ba15886bc525a4ac3bf5500277878860226cb7ad57c6099e472,"{""remove_urls"": true, ""remove_email"": true, ""remove_source_note"": true, ""normalize_unicode"": true, ""normalize_whitespace"": true, ""lowercase_for_tokenization"": true, ""remove_numbers_for_tokens"": true, ""min_token_length"": 3, ""apply_general_stopwords"": true, ""apply_domain_stopwords"": true, ""stemming_enabled"": false}",2026-06-11T21:38:26
SPCH_006_PBB_80,NASKAH-PIDATO-PRABOWO-PBB-80.txt,"His Excellency Mr. Antoni Guterres, Secretary General of the United Nations;
Her Excellency Madam Annalena Baerbock, President of the United Nations General Assembly;
His Excellency Mr. Movses Abelian, Under-Secretary-General for General Assembly and Management;
Excellencies, Head of States, Head of Governments, Distinguished Delegates;
Ladies and Gentlemen.

It is indeed a great honor to stand in this august General Assembly Hall, among leaders and representatives who represent almost all of humanity. We differ in race, religion, and nationality, yet we gather together today as one human family. We are here first and foremost as fellow human beings — each created equal, endowed with unalienable rights to life, liberty, and the pursuit of happiness.

The words of the United Nations Declaration of Independence have inspired democratic movements across continents — including the French Revolution, the Russian Revolution, the Mexican Revolution, the Chinese Revolution, and Indonesia’s own struggle and journey to freedom. It also gave birth to the Universal Declaration of Human Rights adopted by United Nations in 1948. “All men are created equal” was the creed that opened the way to unprecedented global prosperity and dignity. 

And yet, in our own era of scientific and technological triumphs — an era capable of ending hunger, poverty, and environmental ruin — we also continue to face today grave dangerous challenges and uncertainties. Human folly, fueled by fear, racism, hatred, oppression, and apartheid, threatens our common future.

My country knows this pain. For centuries, Indonesians lived under colonial domination, oppression, and slavery. We were treated less than dogs in our own homeland. We Indonesians know what it means to be denied justice and what it means to live in apartheid, to live in poverty, and to be denied equal opportunity. We also knew what solidarity can do. In our struggle for independence, in our fight to overcome hunger, disease, and poverty, the United Nations stood with Indonesia and gave us vital assistance. 

Decisions made here based on human solidarity — by the Security Council and this Assembly — gave Indonesia independence international legitimacy, opened doors, and supported our early development through the efforts of UN Children’s Fund (UNICEF), the UN Food and Agriculture Organization (FAO), the World Health Organization (WHO) and many many other UN institutions. And because of that, Indonesia today stands on the cusp of shared prosperity and greater equality and dignity.

Madam President, excellencies,
Our world is driven by conflict, injustice, and deepening uncertainty. Everyday we witness suffering, genocide, and a blatant disregard for international law and human decency. In the face of these challenges, we must not give up. 

As the United Nations Secretary General said, we cannot give up. We cannot surrender our hopes or our ideals. We must draw closer, not drift further apart. Together we must strive to achieve our hopes, our dreams. The United Nations was born from the ashes of the Second World War that claimed scores of millions of lives. It was created to secure peace, security, justice, and freedom for all. We remain committed to internationalism, to multilateralism, and to every effort that strengthens this great institution.

Today, Indonesia is nearer than ever before to meeting the Sustainable Development Goals of ending extreme poverty and hunger — because years ago this very chamber chose to listen and uphold social and economic justice. We will never forget. And, today we must never be silent while Palestinians are denied that same justice and legitimacy in this very hall.

Excellencies,
Thucydides warned: “The strong do what they can, the weak suffer what they must.” We must reject this doctrine. The United Nations exists to reject this doctrine. We must stand for all: the strong and the weak. Might cannot be right, right must be right.

Indonesia today is one of the largest contributors to United Nations peacekeeping forces. We believe in the United Nations. We will continue to serve where peace needs guardians — not with just words, but with boots on the ground. If and when the United Nations Security Council and this Great Assembly decide, Indonesia is prepared to deploy 20,000 or even more of our sons and daughters to help secure peace in Gaza or elsewhere. In Ukraine, in Sudan, in Libya, everywhere when peace needs to be enforced, peace needs to be guarded. We are ready. We will take our share of the burden, not only with our sons and daughters, we are also willing to contribute financially to support the great mission to achieve peace by the United Nations.

Madam President, excellencies,
I propose to this assembly a message of hope and optimism — grounded in action and execution. Today, we heard the speech of Madam President, the President of the United Nations General Assembly. Yes, it is true what she said. Without the international civil aviation organization, will we be here today? Will we sit in this Great Hall? Without the United Nations, we cannot be safe. No country can feel secure. We need the United Nations and Indonesia will continue to support the United Nations. Even though we still struggle, but we know the world needs a strong United Nations.

The world’s population is growing. Our planet is under strain. Food, energy, and water insecurity haunt many nations. We choose to answer these challenges directly at home and to help abroad whenever we can. 

This year, Indonesia recorded the highest rice production and grain reserves in our history. We are now self‑sufficient in rice and we are starting now to export rice to other nations in need, including providing rice for Palestine. We are building resilient food supply chains, strengthening farmer productivity, investing in climate‑smart agriculture to ensure food security for our children and for the children of the world. We are confident in a few years time, Indonesia will be the granary of the world.

As the world’s largest island state, we testify before you that we are already experiencing the direct consequences of climate change, particularly the threat of rising sea levels. The sea level on the North Coast of our capital city is increasing by five centimeters every year. Can you imagine in 10 years? Can you imagine in 20 years? For this, we are forced to build a giant sea wall 480 kilometers in length. It will take us maybe 20 years, but we have no choice. We have to start now.

Therefore we choose to confront climate change — not by slogans, but by immediate steps. We are committed to meeting our 2015 Paris Agreement obligations. We aim to achieve net zero emission by 2060 and we are very confident we can achieve net zero emission much earlier. We aim to reforest more than 12 million hectares of degraded forest, to reduce forest degradation, to empower local communities with quality green jobs for the future.

Indonesia is shifting decisively from fossil fuel based development towards renewable based development. From next year, most of our additional power generation capacity will come from renewables. Our goal is clear: To lift all of our citizens out of poverty and make Indonesia a hub for solutions to food, energy, and water security.

Madam President, excellencies,
We live in a time when hatred and violence can seem to be the loudest voices. But beneath this loud noise lies a quieter truth: That every person longs to be safe, to be respected, to be loved, and to leave a better world to their children. Our children are watching. They are learning leadership not from textbooks, but from our choices. 

Today, still, a catastrophic situation in Gaza is unfolding before our eyes. At this very moment, the innocent are crying for help [and] are crying to be saved. Who will save them? Who will save the innocent. Who will save the old and women? Millions are facing danger at this very moment, as we sit here. They are facing trauma. They are facing irreparable damage to their bodies. They are dying of starvation. Can we remain silent? Will there be no answer to their screams? Will we teach them that the human family can rise to the challenge?

Madam President, 
We must act now, many speakers have said that. We must stand for a multilateral order where peace, prosperity, and progress are not the privilege of a few but the right of all. With a strong United Nations, we can build a world where the weak do not “suffer what they must,” but live the justice that they deserve.

Let us continue humanity’s great journey of ideals — the selfless aspirations that created the United Nations. Let us use science to uplift, not use science to destroy. Let rising nations help others to live themself.

I am convinced that the leaders of the great world civilisations: civilisations of the West, civilisations of the East, of the North, of the South, leaders of America, Europe, of India, China, the Islamic world, the whole world, I am convinced that they will rise to their role demanded by history. We are all hopeful that the leaders of the world will show great statesmanship, great wisdom, restraint, humility, overcome hate, overcome suspicion. 

Madam President, distinguished delegates,
We are greatly heartened by the events of the last few days where significant leading countries of the world have chosen to side with history, to choose the right side of history – the path of the moral high ground, the path of rectitude, the path of justice, the path of humanity, to shun hatred, to overcome suspicion and to avoid the use of violence. The use of violence will be get violence. No one country can bully the whole Community of the human family.

We may be weak individually, but the sense of oppression, the sense of Injustice, has proven in the history of mankind that this sense of injustice. This sense of oppression will unite in a strong force that will overcome this oppression, that will overcome this injustice.

To close, I would like to reiterate again Indonesia’s complete support for the Two State-Solution in Palestine. We must have an independent Palestine, but we must also, we must also recognize, we must also respect, and we must also guarantee the safety and security of Israel. Only then, we can have real peace, real peace, and no longer hate and no longer suspicion. The only solution is this, two state-solution. 

Two descendants of Abraham must live in reconciliation, peace and harmony. Arabs, Jews, Muslims, Christians, Hindus, Buddhists, all religions, we must live as one human family. Indonesia is committed to being part of making this vision a reality. Is this a dream? Maybe, but this is the beautiful dream that we must work together towards.

Let us work towards this noble goal. Let us continue humanity’s journey of hope – a journey started by our forefathers. A journey that we must complete. 

Thank you.

Wassalamu’alaikum warahmatullahi wabarakatuh,
Syalom,
Om santi santi santi om,
Namo Buddhaya,
Thank you very much. 

May God bless us all. May peace be upon us.
Thank you very much.",11247,utf-8,11116,1824,45,566692ee86957f24cc0e51f0be8236aa4f23788a93234549f932d49e21765a0b,Pbb 80,international,filename_contains_international_forum_keyword,,date_not_found,en,,,MISSING_SOURCE_URL,MISSING_SOURCE_URL;MISSING_EVENT_DATE,"His Excellency Mr. Antoni Guterres, Secretary General of the United Nations;
Her Excellency Madam Annalena Baerbock, President of the United Nations General Assembly;
His Excellency Mr. Movses Abelian, Under-Secretary-General for General Assembly and Management;
Excellencies, Head of States, Head of Governments, Distinguished Delegates;
Ladies and Gentlemen.

It is indeed a great honor to stand in this august General Assembly Hall, among leaders and representatives who represent almost all of humanity. We differ in race, religion, and nationality, yet we gather together today as one human family. We are here first and foremost as fellow human beings - each created equal, endowed with unalienable rights to life, liberty, and the pursuit of happiness.

The words of the United Nations Declaration of Independence have inspired democratic movements across continents - including the French Revolution, the Russian Revolution, the Mexican Revolution, the Chinese Revolution, and Indonesia's own struggle and journey to freedom. It also gave birth to the Universal Declaration of Human Rights adopted by United Nations in 1948. ""All men are created equal"" was the creed that opened the way to unprecedented global prosperity and dignity. 

And yet, in our own era of scientific and technological triumphs - an era capable of ending hunger, poverty, and environmental ruin - we also continue to face today grave dangerous challenges and uncertainties. Human folly, fueled by fear, racism, hatred, oppression, and apartheid, threatens our common future.

My country knows this pain. For centuries, Indonesians lived under colonial domination, oppression, and slavery. We were treated less than dogs in our own homeland. We Indonesians know what it means to be denied justice and what it means to live in apartheid, to live in poverty, and to be denied equal opportunity. We also knew what solidarity can do. In our struggle for independence, in our fight to overcome hunger, disease, and poverty, the United Nations stood with Indonesia and gave us vital assistance. 

Decisions made here based on human solidarity - by the Security Council and this Assembly - gave Indonesia independence international legitimacy, opened doors, and supported our early development through the efforts of UN Children's Fund (UNICEF), the UN Food and Agriculture Organization (FAO), the World Health Organization (WHO) and many many other UN institutions. And because of that, Indonesia today stands on the cusp of shared prosperity and greater equality and dignity.

Madam President, excellencies,
Our world is driven by conflict, injustice, and deepening uncertainty. Everyday we witness suffering, genocide, and a blatant disregard for international law and human decency. In the face of these challenges, we must not give up. 

As the United Nations Secretary General said, we cannot give up. We cannot surrender our hopes or our ideals. We must draw closer, not drift further apart. Together we must strive to achieve our hopes, our dreams. The United Nations was born from the ashes of the Second World War that claimed scores of millions of lives. It was created to secure peace, security, justice, and freedom for all. We remain committed to internationalism, to multilateralism, and to every effort that strengthens this great institution.

Today, Indonesia is nearer than ever before to meeting the Sustainable Development Goals of ending extreme poverty and hunger - because years ago this very chamber chose to listen and uphold social and economic justice. We will never forget. And, today we must never be silent while Palestinians are denied that same justice and legitimacy in this very hall.

Excellencies,
Thucydides warned: ""The strong do what they can, the weak suffer what they must."" We must reject this doctrine. The United Nations exists to reject this doctrine. We must stand for all: the strong and the weak. Might cannot be right, right must be right.

Indonesia today is one of the largest contributors to United Nations peacekeeping forces. We believe in the United Nations. We will continue to serve where peace needs guardians - not with just words, but with boots on the ground. If and when the United Nations Security Council and this Great Assembly decide, Indonesia is prepared to deploy 20,000 or even more of our sons and daughters to help secure peace in Gaza or elsewhere. In Ukraine, in Sudan, in Libya, everywhere when peace needs to be enforced, peace needs to be guarded. We are ready. We will take our share of the burden, not only with our sons and daughters, we are also willing to contribute financially to support the great mission to achieve peace by the United Nations.

Madam President, excellencies,
I propose to this assembly a message of hope and optimism - grounded in action and execution. Today, we heard the speech of Madam President, the President of the United Nations General Assembly. Yes, it is true what she said. Without the international civil aviation organization, will we be here today? Will we sit in this Great Hall? Without the United Nations, we cannot be safe. No country can feel secure. We need the United Nations and Indonesia will continue to support the United Nations. Even though we still struggle, but we know the world needs a strong United Nations.

The world's population is growing. Our planet is under strain. Food, energy, and water insecurity haunt many nations. We choose to answer these challenges directly at home and to help abroad whenever we can. 

This year, Indonesia recorded the highest rice production and grain reserves in our history. We are now self‐sufficient in rice and we are starting now to export rice to other nations in need, including providing rice for Palestine. We are building resilient food supply chains, strengthening farmer productivity, investing in climate‐smart agriculture to ensure food security for our children and for the children of the world. We are confident in a few years time, Indonesia will be the granary of the world.

As the world's largest island state, we testify before you that we are already experiencing the direct consequences of climate change, particularly the threat of rising sea levels. The sea level on the North Coast of our capital city is increasing by five centimeters every year. Can you imagine in 10 years? Can you imagine in 20 years? For this, we are forced to build a giant sea wall 480 kilometers in length. It will take us maybe 20 years, but we have no choice. We have to start now.

Therefore we choose to confront climate change - not by slogans, but by immediate steps. We are committed to meeting our 2015 Paris Agreement obligations. We aim to achieve net zero emission by 2060 and we are very confident we can achieve net zero emission much earlier. We aim to reforest more than 12 million hectares of degraded forest, to reduce forest degradation, to empower local communities with quality green jobs for the future.

Indonesia is shifting decisively from fossil fuel based development towards renewable based development. From next year, most of our additional power generation capacity will come from renewables. Our goal is clear: To lift all of our citizens out of poverty and make Indonesia a hub for solutions to food, energy, and water security.

Madam President, excellencies,
We live in a time when hatred and violence can seem to be the loudest voices. But beneath this loud noise lies a quieter truth: That every person longs to be safe, to be respected, to be loved, and to leave a better world to their children. Our children are watching. They are learning leadership not from textbooks, but from our choices. 

Today, still, a catastrophic situation in Gaza is unfolding before our eyes. At this very moment, the innocent are crying for help [and] are crying to be saved. Who will save them? Who will save the innocent. Who will save the old and women? Millions are facing danger at this very moment, as we sit here. They are facing trauma. They are facing irreparable damage to their bodies. They are dying of starvation. Can we remain silent? Will there be no answer to their screams? Will we teach them that the human family can rise to the challenge?

Madam President, 
We must act now, many speakers have said that. We must stand for a multilateral order where peace, prosperity, and progress are not the privilege of a few but the right of all. With a strong United Nations, we can build a world where the weak do not ""suffer what they must,"" but live the justice that they deserve.

Let us continue humanity's great journey of ideals - the selfless aspirations that created the United Nations. Let us use science to uplift, not use science to destroy. Let rising nations help others to live themself.

I am convinced that the leaders of the great world civilisations: civilisations of the West, civilisations of the East, of the North, of the South, leaders of America, Europe, of India, China, the Islamic world, the whole world, I am convinced that they will rise to their role demanded by history. We are all hopeful that the leaders of the world will show great statesmanship, great wisdom, restraint, humility, overcome hate, overcome suspicion. 

Madam President, distinguished delegates,
We are greatly heartened by the events of the last few days where significant leading countries of the world have chosen to side with history, to choose the right side of history - the path of the moral high ground, the path of rectitude, the path of justice, the path of humanity, to shun hatred, to overcome suspicion and to avoid the use of violence. The use of violence will be get violence. No one country can bully the whole Community of the human family.

We may be weak individually, but the sense of oppression, the sense of Injustice, has proven in the history of mankind that this sense of injustice. This sense of oppression will unite in a strong force that will overcome this oppression, that will overcome this injustice.

To close, I would like to reiterate again Indonesia's complete support for the Two State-Solution in Palestine. We must have an independent Palestine, but we must also, we must also recognize, we must also respect, and we must also guarantee the safety and security of Israel. Only then, we can have real peace, real peace, and no longer hate and no longer suspicion. The only solution is this, two state-solution. 

Two descendants of Abraham must live in reconciliation, peace and harmony. Arabs, Jews, Muslims, Christians, Hindus, Buddhists, all religions, we must live as one human family. Indonesia is committed to being part of making this vision a reality. Is this a dream? Maybe, but this is the beautiful dream that we must work together towards.

Let us work towards this noble goal. Let us continue humanity's journey of hope - a journey started by our forefathers. A journey that we must complete. 

Thank you.

Wassalamu'alaikum warahmatullahi wabarakatuh,
Syalom,
Om santi santi santi om,
Namo Buddhaya,
Thank you very much. 

May God bless us all. May peace be upon us.
Thank you very much.","his excellency mr. antoni guterres, secretary general of the united nations;
her excellency madam annalena baerbock, president of the united nations general assembly;
his excellency mr. movses abelian, under-secretary-general for general assembly and management;
excellencies, head of states, head of governments, distinguished delegates;
ladies and gentlemen.

it is indeed a great honor to stand in this august general assembly hall, among leaders and representatives who represent almost all of humanity. we differ in race, religion, and nationality, yet we gather together today as one human family. we are here first and foremost as fellow human beings - each created equal, endowed with unalienable rights to life, liberty, and the pursuit of happiness.

the words of the united nations declaration of independence have inspired democratic movements across continents - including the french revolution, the russian revolution, the mexican revolution, the chinese revolution, and indonesia's own struggle and journey to freedom. it also gave birth to the universal declaration of human rights adopted by united nations in 1948. ""all men are created equal"" was the creed that opened the way to unprecedented global prosperity and dignity. 

and yet, in our own era of scientific and technological triumphs - an era capable of ending hunger, poverty, and environmental ruin - we also continue to face today grave dangerous challenges and uncertainties. human folly, fueled by fear, racism, hatred, oppression, and apartheid, threatens our common future.

my country knows this pain. for centuries, indonesians lived under colonial domination, oppression, and slavery. we were treated less than dogs in our own homeland. we indonesians know what it means to be denied justice and what it means to live in apartheid, to live in poverty, and to be denied equal opportunity. we also knew what solidarity can do. in our struggle for independence, in our fight to overcome hunger, disease, and poverty, the united nations stood with indonesia and gave us vital assistance. 

decisions made here based on human solidarity - by the security council and this assembly - gave indonesia independence international legitimacy, opened doors, and supported our early development through the efforts of un children's fund (unicef), the un food and agriculture organization (fao), the world health organization (who) and many many other un institutions. and because of that, indonesia today stands on the cusp of shared prosperity and greater equality and dignity.

madam president, excellencies,
our world is driven by conflict, injustice, and deepening uncertainty. everyday we witness suffering, genocide, and a blatant disregard for international law and human decency. in the face of these challenges, we must not give up. 

as the united nations secretary general said, we cannot give up. we cannot surrender our hopes or our ideals. we must draw closer, not drift further apart. together we must strive to achieve our hopes, our dreams. the united nations was born from the ashes of the second world war that claimed scores of millions of lives. it was created to secure peace, security, justice, and freedom for all. we remain committed to internationalism, to multilateralism, and to every effort that strengthens this great institution.

today, indonesia is nearer than ever before to meeting the sustainable development goals of ending extreme poverty and hunger - because years ago this very chamber chose to listen and uphold social and economic justice. we will never forget. and, today we must never be silent while palestinians are denied that same justice and legitimacy in this very hall.

excellencies,
thucydides warned: ""the strong do what they can, the weak suffer what they must."" we must reject this doctrine. the united nations exists to reject this doctrine. we must stand for all: the strong and the weak. might cannot be right, right must be right.

indonesia today is one of the largest contributors to united nations peacekeeping forces. we believe in the united nations. we will continue to serve where peace needs guardians - not with just words, but with boots on the ground. if and when the united nations security council and this great assembly decide, indonesia is prepared to deploy 20,000 or even more of our sons and daughters to help secure peace in gaza or elsewhere. in ukraine, in sudan, in libya, everywhere when peace needs to be enforced, peace needs to be guarded. we are ready. we will take our share of the burden, not only with our sons and daughters, we are also willing to contribute financially to support the great mission to achieve peace by the united nations.

madam president, excellencies,
i propose to this assembly a message of hope and optimism - grounded in action and execution. today, we heard the speech of madam president, the president of the united nations general assembly. yes, it is true what she said. without the international civil aviation organization, will we be here today? will we sit in this great hall? without the united nations, we cannot be safe. no country can feel secure. we need the united nations and indonesia will continue to support the united nations. even though we still struggle, but we know the world needs a strong united nations.

the world's population is growing. our planet is under strain. food, energy, and water insecurity haunt many nations. we choose to answer these challenges directly at home and to help abroad whenever we can. 

this year, indonesia recorded the highest rice production and grain reserves in our history. we are now self‐sufficient in rice and we are starting now to export rice to other nations in need, including providing rice for palestine. we are building resilient food supply chains, strengthening farmer productivity, investing in climate‐smart agriculture to ensure food security for our children and for the children of the world. we are confident in a few years time, indonesia will be the granary of the world.

as the world's largest island state, we testify before you that we are already experiencing the direct consequences of climate change, particularly the threat of rising sea levels. the sea level on the north coast of our capital city is increasing by five centimeters every year. can you imagine in 10 years? can you imagine in 20 years? for this, we are forced to build a giant sea wall 480 kilometers in length. it will take us maybe 20 years, but we have no choice. we have to start now.

therefore we choose to confront climate change - not by slogans, but by immediate steps. we are committed to meeting our 2015 paris agreement obligations. we aim to achieve net zero emission by 2060 and we are very confident we can achieve net zero emission much earlier. we aim to reforest more than 12 million hectares of degraded forest, to reduce forest degradation, to empower local communities with quality green jobs for the future.

indonesia is shifting decisively from fossil fuel based development towards renewable based development. from next year, most of our additional power generation capacity will come from renewables. our goal is clear: to lift all of our citizens out of poverty and make indonesia a hub for solutions to food, energy, and water security.

madam president, excellencies,
we live in a time when hatred and violence can seem to be the loudest voices. but beneath this loud noise lies a quieter truth: that every person longs to be safe, to be respected, to be loved, and to leave a better world to their children. our children are watching. they are learning leadership not from textbooks, but from our choices. 

today, still, a catastrophic situation in gaza is unfolding before our eyes. at this very moment, the innocent are crying for help [and] are crying to be saved. who will save them? who will save the innocent. who will save the old and women? millions are facing danger at this very moment, as we sit here. they are facing trauma. they are facing irreparable damage to their bodies. they are dying of starvation. can we remain silent? will there be no answer to their screams? will we teach them that the human family can rise to the challenge?

madam president, 
we must act now, many speakers have said that. we must stand for a multilateral order where peace, prosperity, and progress are not the privilege of a few but the right of all. with a strong united nations, we can build a world where the weak do not ""suffer what they must,"" but live the justice that they deserve.

let us continue humanity's great journey of ideals - the selfless aspirations that created the united nations. let us use science to uplift, not use science to destroy. let rising nations help others to live themself.

i am convinced that the leaders of the great world civilisations: civilisations of the west, civilisations of the east, of the north, of the south, leaders of america, europe, of india, china, the islamic world, the whole world, i am convinced that they will rise to their role demanded by history. we are all hopeful that the leaders of the world will show great statesmanship, great wisdom, restraint, humility, overcome hate, overcome suspicion. 

madam president, distinguished delegates,
we are greatly heartened by the events of the last few days where significant leading countries of the world have chosen to side with history, to choose the right side of history - the path of the moral high ground, the path of rectitude, the path of justice, the path of humanity, to shun hatred, to overcome suspicion and to avoid the use of violence. the use of violence will be get violence. no one country can bully the whole community of the human family.

we may be weak individually, but the sense of oppression, the sense of injustice, has proven in the history of mankind that this sense of injustice. this sense of oppression will unite in a strong force that will overcome this oppression, that will overcome this injustice.

to close, i would like to reiterate again indonesia's complete support for the two state-solution in palestine. we must have an independent palestine, but we must also, we must also recognize, we must also respect, and we must also guarantee the safety and security of israel. only then, we can have real peace, real peace, and no longer hate and no longer suspicion. the only solution is this, two state-solution. 

two descendants of abraham must live in reconciliation, peace and harmony. arabs, jews, muslims, christians, hindus, buddhists, all religions, we must live as one human family. indonesia is committed to being part of making this vision a reality. is this a dream? maybe, but this is the beautiful dream that we must work together towards.

let us work towards this noble goal. let us continue humanity's journey of hope - a journey started by our forefathers. a journey that we must complete. 

thank you.

wassalamu'alaikum warahmatullahi wabarakatuh,
syalom,
om santi santi santi om,
namo buddhaya,
thank you very much. 

may god bless us all. may peace be upon us.
thank you very much.","[""excellency"", ""antoni"", ""guterres"", ""secretary"", ""general"", ""united"", ""nations"", ""excellency"", ""madam"", ""annalena"", ""baerbock"", ""president"", ""united"", ""nations"", ""general"", ""assembly"", ""excellency"", ""movses"", ""abelian"", ""under-secretary-general"", ""general"", ""assembly"", ""management"", ""head"", ""states"", ""head"", ""governments"", ""indeed"", ""great"", ""honor"", ""stand"", ""august"", ""general"", ""assembly"", ""hall"", ""among"", ""leaders"", ""representatives"", ""represent"", ""almost"", ""humanity"", ""differ"", ""race"", ""religion"", ""nationality"", ""yet"", ""gather"", ""together"", ""today"", ""one"", ""human"", ""family"", ""first"", ""foremost"", ""fellow"", ""human"", ""beings"", ""created"", ""equal"", ""endowed"", ""unalienable"", ""rights"", ""life"", ""liberty"", ""pursuit"", ""happiness"", ""words"", ""united"", ""nations"", ""declaration"", ""independence"", ""inspired"", ""democratic"", ""movements"", ""across"", ""continents"", ""including"", ""french"", ""revolution"", ""russian"", ""revolution"", ""mexican"", ""revolution"", ""chinese"", ""revolution"", ""indonesia's"", ""struggle"", ""journey"", ""freedom"", ""gave"", ""birth"", ""universal"", ""declaration"", ""human"", ""rights"", ""adopted"", ""united"", ""nations"", ""men"", ""created"", ""equal"", ""creed"", ""opened"", ""way"", ""unprecedented"", ""global"", ""prosperity"", ""dignity"", ""yet"", ""era"", ""scientific"", ""technological"", ""triumphs"", ""era"", ""capable"", ""ending"", ""hunger"", ""poverty"", ""environmental"", ""ruin"", ""continue"", ""face"", ""today"", ""grave"", ""dangerous"", ""challenges"", ""uncertainties"", ""human"", ""folly"", ""fueled"", ""fear"", ""racism"", ""hatred"", ""oppression"", ""apartheid"", ""threatens"", ""common"", ""future"", ""country"", ""knows"", ""pain"", ""centuries"", ""indonesians"", ""lived"", ""colonial"", ""domination"", ""oppression"", ""slavery"", ""treated"", ""less"", ""dogs"", ""homeland"", ""indonesians"", ""know"", ""means"", ""denied"", ""justice"", ""means"", ""live"", ""apartheid"", ""live"", ""poverty"", ""denied"", ""equal"", ""opportunity"", ""knew"", ""solidarity"", ""struggle"", ""independence"", ""fight"", ""overcome"", ""hunger"", ""disease"", ""poverty"", ""united"", ""nations"", ""stood"", ""indonesia"", ""gave"", ""vital"", ""assistance"", ""decisions"", ""made"", ""based"", ""human"", ""solidarity"", ""security"", ""council"", ""assembly"", ""gave"", ""indonesia"", ""independence"", ""international"", ""legitimacy"", ""opened"", ""doors"", ""supported"", ""early"", ""development"", ""efforts"", ""children's"", ""fund"", ""unicef"", ""food"", ""agriculture"", ""organization"", ""fao"", ""world"", ""health"", ""organization"", ""many"", ""many"", ""institutions"", ""indonesia"", ""today"", ""stands"", ""cusp"", ""shared"", ""prosperity"", ""greater"", ""equality"", ""dignity"", ""madam"", ""president"", ""world"", ""driven"", ""conflict"", ""injustice"", ""deepening"", ""uncertainty"", ""everyday"", ""witness"", ""suffering"", ""genocide"", ""blatant"", ""disregard"", ""international"", ""law"", ""human"", ""decency"", ""face"", ""challenges"", ""must"", ""give"", ""united"", ""nations"", ""secretary"", ""general"", ""said"", ""cannot"", ""give"", ""cannot"", ""surrender"", ""hopes"", ""ideals"", ""must"", ""draw"", ""closer"", ""drift"", ""apart"", ""together"", ""must"", ""strive"", ""achieve"", ""hopes"", ""dreams"", ""united"", ""nations"", ""born"", ""ashes"", ""second"", ""world"", ""war"", ""claimed"", ""scores"", ""millions"", ""lives"", ""created"", ""secure"", ""peace"", ""security"", ""justice"", ""freedom"", ""remain"", ""committed"", ""internationalism"", ""multilateralism"", ""every"", ""effort"", ""strengthens"", ""great"", ""institution"", ""today"", ""indonesia"", ""nearer"", ""ever"", ""meeting"", ""sustainable"", ""development"", ""goals"", ""ending"", ""extreme"", ""poverty"", ""hunger"", ""years"", ""ago"", ""chamber"", ""chose"", ""listen"", ""uphold"", ""social"", ""economic"", ""justice"", ""never"", ""forget"", ""today"", ""must"", ""never"", ""silent"", ""palestinians"", ""denied"", ""justice"", ""legitimacy"", ""hall"", ""thucydides"", ""warned"", ""strong"", ""weak"", ""suffer"", ""must"", ""must"", ""reject"", ""doctrine"", ""united"", ""nations"", ""exists"", ""reject"", ""doctrine"", ""must"", ""stand"", ""strong"", ""weak"", ""might"", ""cannot"", ""right"", ""right"", ""must"", ""right"", ""indonesia"", ""today"", ""one"", ""largest"", ""contributors"", ""united"", ""nations"", ""peacekeeping"", ""forces"", ""believe"", ""united"", ""nations"", ""continue"", ""serve"", ""peace"", ""needs"", ""guardians"", ""words"", ""boots"", ""ground"", ""united"", ""nations"", ""security"", ""council"", ""great"", ""assembly"", ""decide"", ""indonesia"", ""prepared"", ""deploy"", ""even"", ""sons"", ""daughters"", ""help"", ""secure"", ""peace"", ""gaza"", ""elsewhere"", ""ukraine"", ""sudan"", ""libya"", ""everywhere"", ""peace"", ""needs"", ""enforced"", ""peace"", ""needs"", ""guarded"", ""ready"", ""take"", ""share"", ""burden"", ""sons"", ""daughters"", ""willing"", ""contribute"", ""financially"", ""support"", ""great"", ""mission"", ""achieve"", ""peace"", ""united"", ""nations"", ""madam"", ""president"", ""propose"", ""assembly"", ""message"", ""hope"", ""optimism"", ""grounded"", ""action"", ""execution"", ""today"", ""heard"", ""speech"", ""madam"", ""president"", ""president"", ""united"", ""nations"", ""general"", ""assembly"", ""yes"", ""true"", ""said"", ""without"", ""international"", ""civil"", ""aviation"", ""organization"", ""today"", ""sit"", ""great"", ""hall"", ""without"", ""united"", ""nations"", ""cannot"", ""safe"", ""country"", ""feel"", ""secure"", ""need"", ""united"", ""nations"", ""indonesia"", ""continue"", ""support"", ""united"", ""nations"", ""even"", ""though"", ""still"", ""struggle"", ""know"", ""world"", ""needs"", ""strong"", ""united"", ""nations"", ""world's"", ""population"", ""growing"", ""planet"", ""strain"", ""food"", ""energy"", ""water"", ""insecurity"", ""haunt"", ""many"", ""nations"", ""choose"", ""answer"", ""challenges"", ""directly"", ""home"", ""help"", ""abroad"", ""whenever"", ""year"", ""indonesia"", ""recorded"", ""highest"", ""rice"", ""production"", ""grain"", ""reserves"", ""history"", ""self"", ""sufficient"", ""rice"", ""starting"", ""export"", ""rice"", ""nations"", ""need"", ""including"", ""providing"", ""rice"", ""palestine"", ""building"", ""resilient"", ""food"", ""supply"", ""chains"", ""strengthening"", ""farmer"", ""productivity"", ""investing"", ""climate"", ""smart"", ""agriculture"", ""ensure"", ""food"", ""security"", ""children"", ""children"", ""world"", ""confident"", ""years"", ""time"", ""indonesia"", ""granary"", ""world"", ""world's"", ""largest"", ""island"", ""state"", ""testify"", ""already"", ""experiencing"", ""direct"", ""consequences"", ""climate"", ""change"", ""particularly"", ""threat"", ""rising"", ""sea"", ""levels"", ""sea"", ""level"", ""north"", ""coast"", ""capital"", ""city"", ""increasing"", ""five"", ""centimeters"", ""every"", ""year"", ""imagine"", ""years"", ""imagine"", ""years"", ""forced"", ""build"", ""giant"", ""sea"", ""wall"", ""kilometers"", ""length"", ""take"", ""maybe"", ""years"", ""choice"", ""start"", ""therefore"", ""choose"", ""confront"", ""climate"", ""change"", ""slogans"", ""immediate"", ""steps"", ""committed"", ""meeting"", ""paris"", ""agreement"", ""obligations"", ""aim"", ""achieve"", ""net"", ""zero"", ""emission"", ""confident"", ""achieve"", ""net"", ""zero"", ""emission"", ""much"", ""earlier"", ""aim"", ""reforest"", ""million"", ""hectares"", ""degraded"", ""forest"", ""reduce"", ""forest"", ""degradation"", ""empower"", ""local"", ""communities"", ""quality"", ""green"", ""jobs"", ""future"", ""indonesia"", ""shifting"", ""decisively"", ""fossil"", ""fuel"", ""based"", ""development"", ""towards"", ""renewable"", ""based"", ""development"", ""next"", ""year"", ""additional"", ""power"", ""generation"", ""capacity"", ""come"", ""renewables"", ""goal"", ""clear"", ""lift"", ""citizens"", ""poverty"", ""make"", ""indonesia"", ""hub"", ""solutions"", ""food"", ""energy"", ""water"", ""security"", ""madam"", ""president"", ""live"", ""time"", ""hatred"", ""violence"", ""seem"", ""loudest"", ""voices"", ""beneath"", ""loud"", ""noise"", ""lies"", ""quieter"", ""truth"", ""every"", ""person"", ""longs"", ""safe"", ""respected"", ""loved"", ""leave"", ""better"", ""world"", ""children"", ""children"", ""watching"", ""learning"", ""leadership"", ""textbooks"", ""choices"", ""today"", ""still"", ""catastrophic"", ""situation"", ""gaza"", ""unfolding"", ""eyes"", ""moment"", ""innocent"", ""crying"", ""help"", ""crying"", ""saved"", ""save"", ""save"", ""innocent"", ""save"", ""old"", ""women"", ""millions"", ""facing"", ""danger"", ""moment"", ""sit"", ""facing"", ""trauma"", ""facing"", ""irreparable"", ""damage"", ""bodies"", ""dying"", ""starvation"", ""remain"", ""silent"", ""answer"", ""screams"", ""teach"", ""human"", ""family"", ""rise"", ""challenge"", ""madam"", ""president"", ""must"", ""act"", ""many"", ""speakers"", ""said"", ""must"", ""stand"", ""multilateral"", ""order"", ""peace"", ""prosperity"", ""progress"", ""privilege"", ""right"", ""strong"", ""united"", ""nations"", ""build"", ""world"", ""weak"", ""suffer"", ""must"", ""live"", ""justice"", ""deserve"", ""let"", ""continue"", ""humanity's"", ""great"", ""journey"", ""ideals"", ""selfless"", ""aspirations"", ""created"", ""united"", ""nations"", ""let"", ""use"", ""science"", ""uplift"", ""use"", ""science"", ""destroy"", ""let"", ""rising"", ""nations"", ""help"", ""others"", ""live"", ""themself"", ""convinced"", ""leaders"", ""great"", ""world"", ""civilisations"", ""civilisations"", ""west"", ""civilisations"", ""east"", ""north"", ""south"", ""leaders"", ""america"", ""europe"", ""india"", ""china"", ""islamic"", ""world"", ""whole"", ""world"", ""convinced"", ""rise"", ""role"", ""demanded"", ""history"", ""hopeful"", ""leaders"", ""world"", ""show"", ""great"", ""statesmanship"", ""great"", ""wisdom"", ""restraint"", ""humility"", ""overcome"", ""hate"", ""overcome"", ""suspicion"", ""madam"", ""president"", ""greatly"", ""heartened"", ""events"", ""last"", ""days"", ""significant"", ""leading"", ""countries"", ""world"", ""chosen"", ""side"", ""history"", ""choose"", ""right"", ""side"", ""history"", ""path"", ""moral"", ""high"", ""ground"", ""path"", ""rectitude"", ""path"", ""justice"", ""path"", ""humanity"", ""shun"", ""hatred"", ""overcome"", ""suspicion"", ""avoid"", ""use"", ""violence"", ""use"", ""violence"", ""get"", ""violence"", ""one"", ""country"", ""bully"", ""whole"", ""community"", ""human"", ""family"", ""may"", ""weak"", ""individually"", ""sense"", ""oppression"", ""sense"", ""injustice"", ""proven"", ""history"", ""mankind"", ""sense"", ""injustice"", ""sense"", ""oppression"", ""unite"", ""strong"", ""force"", ""overcome"", ""oppression"", ""overcome"", ""injustice"", ""close"", ""would"", ""like"", ""reiterate"", ""indonesia's"", ""complete"", ""support"", ""two"", ""state-solution"", ""palestine"", ""must"", ""independent"", ""palestine"", ""must"", ""must"", ""recognize"", ""must"", ""respect"", ""must"", ""guarantee"", ""safety"", ""security"", ""israel"", ""real"", ""peace"", ""real"", ""peace"", ""longer"", ""hate"", ""longer"", ""suspicion"", ""solution"", ""two"", ""state-solution"", ""two"", ""descendants"", ""abraham"", ""must"", ""live"", ""reconciliation"", ""peace"", ""harmony"", ""arabs"", ""jews"", ""muslims"", ""christians"", ""hindus"", ""buddhists"", ""religions"", ""must"", ""live"", ""one"", ""human"", ""family"", ""indonesia"", ""committed"", ""part"", ""making"", ""vision"", ""reality"", ""dream"", ""maybe"", ""beautiful"", ""dream"", ""must"", ""work"", ""together"", ""towards"", ""let"", ""work"", ""towards"", ""noble"", ""goal"", ""let"", ""continue"", ""humanity's"", ""journey"", ""hope"", ""journey"", ""started"", ""forefathers"", ""journey"", ""must"", ""complete"", ""thank"", ""wassalamu'alaikum"", ""thank"", ""much"", ""may"", ""god"", ""bless"", ""may"", ""peace"", ""upon"", ""thank"", ""much""]",excellency antoni guterres secretary general united nations excellency madam annalena baerbock president united nations general assembly excellency movses abelian under-secretary-general general assembly management head states head governments indeed great honor stand august general assembly hall among leaders representatives represent almost humanity differ race religion nationality yet gather together today one human family first foremost fellow human beings created equal endowed unalienable rights life liberty pursuit happiness words united nations declaration independence inspired democratic movements across continents including french revolution russian revolution mexican revolution chinese revolution indonesia's struggle journey freedom gave birth universal declaration human rights adopted united nations men created equal creed opened way unprecedented global prosperity dignity yet era scientific technological triumphs era capable ending hunger poverty environmental ruin continue face today grave dangerous challenges uncertainties human folly fueled fear racism hatred oppression apartheid threatens common future country knows pain centuries indonesians lived colonial domination oppression slavery treated less dogs homeland indonesians know means denied justice means live apartheid live poverty denied equal opportunity knew solidarity struggle independence fight overcome hunger disease poverty united nations stood indonesia gave vital assistance decisions made based human solidarity security council assembly gave indonesia independence international legitimacy opened doors supported early development efforts children's fund unicef food agriculture organization fao world health organization many many institutions indonesia today stands cusp shared prosperity greater equality dignity madam president world driven conflict injustice deepening uncertainty everyday witness suffering genocide blatant disregard international law human decency face challenges must give united nations secretary general said cannot give cannot surrender hopes ideals must draw closer drift apart together must strive achieve hopes dreams united nations born ashes second world war claimed scores millions lives created secure peace security justice freedom remain committed internationalism multilateralism every effort strengthens great institution today indonesia nearer ever meeting sustainable development goals ending extreme poverty hunger years ago chamber chose listen uphold social economic justice never forget today must never silent palestinians denied justice legitimacy hall thucydides warned strong weak suffer must must reject doctrine united nations exists reject doctrine must stand strong weak might cannot right right must right indonesia today one largest contributors united nations peacekeeping forces believe united nations continue serve peace needs guardians words boots ground united nations security council great assembly decide indonesia prepared deploy even sons daughters help secure peace gaza elsewhere ukraine sudan libya everywhere peace needs enforced peace needs guarded ready take share burden sons daughters willing contribute financially support great mission achieve peace united nations madam president propose assembly message hope optimism grounded action execution today heard speech madam president president united nations general assembly yes true said without international civil aviation organization today sit great hall without united nations cannot safe country feel secure need united nations indonesia continue support united nations even though still struggle know world needs strong united nations world's population growing planet strain food energy water insecurity haunt many nations choose answer challenges directly home help abroad whenever year indonesia recorded highest rice production grain reserves history self sufficient rice starting export rice nations need including providing rice palestine building resilient food supply chains strengthening farmer productivity investing climate smart agriculture ensure food security children children world confident years time indonesia granary world world's largest island state testify already experiencing direct consequences climate change particularly threat rising sea levels sea level north coast capital city increasing five centimeters every year imagine years imagine years forced build giant sea wall kilometers length take maybe years choice start therefore choose confront climate change slogans immediate steps committed meeting paris agreement obligations aim achieve net zero emission confident achieve net zero emission much earlier aim reforest million hectares degraded forest reduce forest degradation empower local communities quality green jobs future indonesia shifting decisively fossil fuel based development towards renewable based development next year additional power generation capacity come renewables goal clear lift citizens poverty make indonesia hub solutions food energy water security madam president live time hatred violence seem loudest voices beneath loud noise lies quieter truth every person longs safe respected loved leave better world children children watching learning leadership textbooks choices today still catastrophic situation gaza unfolding eyes moment innocent crying help crying saved save save innocent save old women millions facing danger moment sit facing trauma facing irreparable damage bodies dying starvation remain silent answer screams teach human family rise challenge madam president must act many speakers said must stand multilateral order peace prosperity progress privilege right strong united nations build world weak suffer must live justice deserve let continue humanity's great journey ideals selfless aspirations created united nations let use science uplift use science destroy let rising nations help others live themself convinced leaders great world civilisations civilisations west civilisations east north south leaders america europe india china islamic world whole world convinced rise role demanded history hopeful leaders world show great statesmanship great wisdom restraint humility overcome hate overcome suspicion madam president greatly heartened events last days significant leading countries world chosen side history choose right side history path moral high ground path rectitude path justice path humanity shun hatred overcome suspicion avoid use violence use violence get violence one country bully whole community human family may weak individually sense oppression sense injustice proven history mankind sense injustice sense oppression unite strong force overcome oppression overcome injustice close would like reiterate indonesia's complete support two state-solution palestine must independent palestine must must recognize must respect must guarantee safety security israel real peace real peace longer hate longer suspicion solution two state-solution two descendants abraham must live reconciliation peace harmony arabs jews muslims christians hindus buddhists religions must live one human family indonesia committed part making vision reality dream maybe beautiful dream must work together towards let work towards noble goal let continue humanity's journey hope journey started forefathers journey must complete thank wassalamu'alaikum thank much may god bless may peace upon thank much,"His Excellency Mr. Antoni Guterres, Secretary General of the United Nations;
Her Excellency Madam Annalena Baerbock, President of the United Nations General Assembly;
His Excellency Mr. Movses Abelian, Under-Secretary-General for General Assembly and Management;
Excellencies, Head of States, Head of Governments, Distinguished Delegates;
Ladies and Gentlemen.

It is indeed a great honor to stand in this august General Assembly Hall, among leaders and representatives who represent almost all of humanity. We differ in race, religion, and nationality, yet we gather together today as one human family. We are here first and foremost as fellow human beings - each created equal, endowed with unalienable rights to life, liberty, and the pursuit of happiness.

The words of the United Nations Declaration of Independence have inspired democratic movements across continents - including the French Revolution, the Russian Revolution, the Mexican Revolution, the Chinese Revolution, and Indonesia's own struggle and journey to freedom. It also gave birth to the Universal Declaration of Human Rights adopted by United Nations in 1948. ""All men are created equal"" was the creed that opened the way to unprecedented global prosperity and dignity. 

And yet, in our own era of scientific and technological triumphs - an era capable of ending hunger, poverty, and environmental ruin - we also continue to face today grave dangerous challenges and uncertainties. Human folly, fueled by fear, racism, hatred, oppression, and apartheid, threatens our common future.

My country knows this pain. For centuries, Indonesians lived under colonial domination, oppression, and slavery. We were treated less than dogs in our own homeland. We Indonesians know what it means to be denied justice and what it means to live in apartheid, to live in poverty, and to be denied equal opportunity. We also knew what solidarity can do. In our struggle for independence, in our fight to overcome hunger, disease, and poverty, the United Nations stood with Indonesia and gave us vital assistance. 

Decisions made here based on human solidarity - by the Security Council and this Assembly - gave Indonesia independence international legitimacy, opened doors, and supported our early development through the efforts of UN Children's Fund (UNICEF), the UN Food and Agriculture Organization (FAO), the World Health Organization (WHO) and many many other UN institutions. And because of that, Indonesia today stands on the cusp of shared prosperity and greater equality and dignity.

Madam President, excellencies,
Our world is driven by conflict, injustice, and deepening uncertainty. Everyday we witness suffering, genocide, and a blatant disregard for international law and human decency. In the face of these challenges, we must not give up. 

As the United Nations Secretary General said, we cannot give up. We cannot surrender our hopes or our ideals. We must draw closer, not drift further apart. Together we must strive to achieve our hopes, our dreams. The United Nations was born from the ashes of the Second World War that claimed scores of millions of lives. It was created to secure peace, security, justice, and freedom for all. We remain committed to internationalism, to multilateralism, and to every effort that strengthens this great institution.

Today, Indonesia is nearer than ever before to meeting the Sustainable Development Goals of ending extreme poverty and hunger - because years ago this very chamber chose to listen and uphold social and economic justice. We will never forget. And, today we must never be silent while Palestinians are denied that same justice and legitimacy in this very hall.

Excellencies,
Thucydides warned: ""The strong do what they can, the weak suffer what they must."" We must reject this doctrine. The United Nations exists to reject this doctrine. We must stand for all: the strong and the weak. Might cannot be right, right must be right.

Indonesia today is one of the largest contributors to United Nations peacekeeping forces. We believe in the United Nations. We will continue to serve where peace needs guardians - not with just words, but with boots on the ground. If and when the United Nations Security Council and this Great Assembly decide, Indonesia is prepared to deploy 20,000 or even more of our sons and daughters to help secure peace in Gaza or elsewhere. In Ukraine, in Sudan, in Libya, everywhere when peace needs to be enforced, peace needs to be guarded. We are ready. We will take our share of the burden, not only with our sons and daughters, we are also willing to contribute financially to support the great mission to achieve peace by the United Nations.

Madam President, excellencies,
I propose to this assembly a message of hope and optimism - grounded in action and execution. Today, we heard the speech of Madam President, the President of the United Nations General Assembly. Yes, it is true what she said. Without the international civil aviation organization, will we be here today? Will we sit in this Great Hall? Without the United Nations, we cannot be safe. No country can feel secure. We need the United Nations and Indonesia will continue to support the United Nations. Even though we still struggle, but we know the world needs a strong United Nations.

The world's population is growing. Our planet is under strain. Food, energy, and water insecurity haunt many nations. We choose to answer these challenges directly at home and to help abroad whenever we can. 

This year, Indonesia recorded the highest rice production and grain reserves in our history. We are now self‐sufficient in rice and we are starting now to export rice to other nations in need, including providing rice for Palestine. We are building resilient food supply chains, strengthening farmer productivity, investing in climate‐smart agriculture to ensure food security for our children and for the children of the world. We are confident in a few years time, Indonesia will be the granary of the world.

As the world's largest island state, we testify before you that we are already experiencing the direct consequences of climate change, particularly the threat of rising sea levels. The sea level on the North Coast of our capital city is increasing by five centimeters every year. Can you imagine in 10 years? Can you imagine in 20 years? For this, we are forced to build a giant sea wall 480 kilometers in length. It will take us maybe 20 years, but we have no choice. We have to start now.

Therefore we choose to confront climate change - not by slogans, but by immediate steps. We are committed to meeting our 2015 Paris Agreement obligations. We aim to achieve net zero emission by 2060 and we are very confident we can achieve net zero emission much earlier. We aim to reforest more than 12 million hectares of degraded forest, to reduce forest degradation, to empower local communities with quality green jobs for the future.

Indonesia is shifting decisively from fossil fuel based development towards renewable based development. From next year, most of our additional power generation capacity will come from renewables. Our goal is clear: To lift all of our citizens out of poverty and make Indonesia a hub for solutions to food, energy, and water security.

Madam President, excellencies,
We live in a time when hatred and violence can seem to be the loudest voices. But beneath this loud noise lies a quieter truth: That every person longs to be safe, to be respected, to be loved, and to leave a better world to their children. Our children are watching. They are learning leadership not from textbooks, but from our choices. 

Today, still, a catastrophic situation in Gaza is unfolding before our eyes. At this very moment, the innocent are crying for help [and] are crying to be saved. Who will save them? Who will save the innocent. Who will save the old and women? Millions are facing danger at this very moment, as we sit here. They are facing trauma. They are facing irreparable damage to their bodies. They are dying of starvation. Can we remain silent? Will there be no answer to their screams? Will we teach them that the human family can rise to the challenge?

Madam President, 
We must act now, many speakers have said that. We must stand for a multilateral order where peace, prosperity, and progress are not the privilege of a few but the right of all. With a strong United Nations, we can build a world where the weak do not ""suffer what they must,"" but live the justice that they deserve.

Let us continue humanity's great journey of ideals - the selfless aspirations that created the United Nations. Let us use science to uplift, not use science to destroy. Let rising nations help others to live themself.

I am convinced that the leaders of the great world civilisations: civilisations of the West, civilisations of the East, of the North, of the South, leaders of America, Europe, of India, China, the Islamic world, the whole world, I am convinced that they will rise to their role demanded by history. We are all hopeful that the leaders of the world will show great statesmanship, great wisdom, restraint, humility, overcome hate, overcome suspicion. 

Madam President, distinguished delegates,
We are greatly heartened by the events of the last few days where significant leading countries of the world have chosen to side with history, to choose the right side of history - the path of the moral high ground, the path of rectitude, the path of justice, the path of humanity, to shun hatred, to overcome suspicion and to avoid the use of violence. The use of violence will be get violence. No one country can bully the whole Community of the human family.

We may be weak individually, but the sense of oppression, the sense of Injustice, has proven in the history of mankind that this sense of injustice. This sense of oppression will unite in a strong force that will overcome this oppression, that will overcome this injustice.

To close, I would like to reiterate again Indonesia's complete support for the Two State-Solution in Palestine. We must have an independent Palestine, but we must also, we must also recognize, we must also respect, and we must also guarantee the safety and security of Israel. Only then, we can have real peace, real peace, and no longer hate and no longer suspicion. The only solution is this, two state-solution. 

Two descendants of Abraham must live in reconciliation, peace and harmony. Arabs, Jews, Muslims, Christians, Hindus, Buddhists, all religions, we must live as one human family. Indonesia is committed to being part of making this vision a reality. Is this a dream? Maybe, but this is the beautiful dream that we must work together towards.

Let us work towards this noble goal. Let us continue humanity's journey of hope - a journey started by our forefathers. A journey that we must complete. 

Thank you.

Wassalamu'alaikum warahmatullahi wabarakatuh,
Syalom,
Om santi santi santi om,
Namo Buddhaya,
Thank you very much. 

May God bless us all. May peace be upon us.
Thank you very much.","His Excellency Mr. Antoni Guterres, Secretary General of the United Nations;
Her Excellency Madam Annalena Baerbock, President of the United Nations General Assembly;
His Excellency Mr. Movses Abelian, Under-Secretary-General for General Assembly and Management;
Excellencies, Head of States, Head of Governments, Distinguished Delegates;
Ladies and Gentlemen.

It is indeed a great honor to stand in this august General Assembly Hall, among leaders and representatives who represent almost all of humanity. We differ in race, religion, and nationality, yet we gather together today as one human family. We are here first and foremost as fellow human beings - each created equal, endowed with unalienable rights to life, liberty, and the pursuit of happiness.

The words of the United Nations Declaration of Independence have inspired democratic movements across continents - including the French Revolution, the Russian Revolution, the Mexican Revolution, the Chinese Revolution, and Indonesia's own struggle and journey to freedom. It also gave birth to the Universal Declaration of Human Rights adopted by United Nations in 1948. ""All men are created equal"" was the creed that opened the way to unprecedented global prosperity and dignity. 

And yet, in our own era of scientific and technological triumphs - an era capable of ending hunger, poverty, and environmental ruin - we also continue to face today grave dangerous challenges and uncertainties. Human folly, fueled by fear, racism, hatred, oppression, and apartheid, threatens our common future.

My country knows this pain. For centuries, Indonesians lived under colonial domination, oppression, and slavery. We were treated less than dogs in our own homeland. We Indonesians know what it means to be denied justice and what it means to live in apartheid, to live in poverty, and to be denied equal opportunity. We also knew what solidarity can do. In our struggle for independence, in our fight to overcome hunger, disease, and poverty, the United Nations stood with Indonesia and gave us vital assistance. 

Decisions made here based on human solidarity - by the Security Council and this Assembly - gave Indonesia independence international legitimacy, opened doors, and supported our early development through the efforts of UN Children's Fund (UNICEF), the UN Food and Agriculture Organization (FAO), the World Health Organization (WHO) and many many other UN institutions. And because of that, Indonesia today stands on the cusp of shared prosperity and greater equality and dignity.

Madam President, excellencies,
Our world is driven by conflict, injustice, and deepening uncertainty. Everyday we witness suffering, genocide, and a blatant disregard for international law and human decency. In the face of these challenges, we must not give up. 

As the United Nations Secretary General said, we cannot give up. We cannot surrender our hopes or our ideals. We must draw closer, not drift further apart. Together we must strive to achieve our hopes, our dreams. The United Nations was born from the ashes of the Second World War that claimed scores of millions of lives. It was created to secure peace, security, justice, and freedom for all. We remain committed to internationalism, to multilateralism, and to every effort that strengthens this great institution.

Today, Indonesia is nearer than ever before to meeting the Sustainable Development Goals of ending extreme poverty and hunger - because years ago this very chamber chose to listen and uphold social and economic justice. We will never forget. And, today we must never be silent while Palestinians are denied that same justice and legitimacy in this very hall.

Excellencies,
Thucydides warned: ""The strong do what they can, the weak suffer what they must."" We must reject this doctrine. The United Nations exists to reject this doctrine. We must stand for all: the strong and the weak. Might cannot be right, right must be right.

Indonesia today is one of the largest contributors to United Nations peacekeeping forces. We believe in the United Nations. We will continue to serve where peace needs guardians - not with just words, but with boots on the ground. If and when the United Nations Security Council and this Great Assembly decide, Indonesia is prepared to deploy 20,000 or even more of our sons and daughters to help secure peace in Gaza or elsewhere. In Ukraine, in Sudan, in Libya, everywhere when peace needs to be enforced, peace needs to be guarded. We are ready. We will take our share of the burden, not only with our sons and daughters, we are also willing to contribute financially to support the great mission to achieve peace by the United Nations.

Madam President, excellencies,
I propose to this assembly a message of hope and optimism - grounded in action and execution. Today, we heard the speech of Madam President, the President of the United Nations General Assembly. Yes, it is true what she said. Without the international civil aviation organization, will we be here today? Will we sit in this Great Hall? Without the United Nations, we cannot be safe. No country can feel secure. We need the United Nations and Indonesia will continue to support the United Nations. Even though we still struggle, but we know the world needs a strong United Nations.

The world's population is growing. Our planet is under strain. Food, energy, and water insecurity haunt many nations. We choose to answer these challenges directly at home and to help abroad whenever we can. 

This year, Indonesia recorded the highest rice production and grain reserves in our history. We are now self‐sufficient in rice and we are starting now to export rice to other nations in need, including providing rice for Palestine. We are building resilient food supply chains, strengthening farmer productivity, investing in climate‐smart agriculture to ensure food security for our children and for the children of the world. We are confident in a few years time, Indonesia will be the granary of the world.

As the world's largest island state, we testify before you that we are already experiencing the direct consequences of climate change, particularly the threat of rising sea levels. The sea level on the North Coast of our capital city is increasing by five centimeters every year. Can you imagine in 10 years? Can you imagine in 20 years? For this, we are forced to build a giant sea wall 480 kilometers in length. It will take us maybe 20 years, but we have no choice. We have to start now.

Therefore we choose to confront climate change - not by slogans, but by immediate steps. We are committed to meeting our 2015 Paris Agreement obligations. We aim to achieve net zero emission by 2060 and we are very confident we can achieve net zero emission much earlier. We aim to reforest more than 12 million hectares of degraded forest, to reduce forest degradation, to empower local communities with quality green jobs for the future.

Indonesia is shifting decisively from fossil fuel based development towards renewable based development. From next year, most of our additional power generation capacity will come from renewables. Our goal is clear: To lift all of our citizens out of poverty and make Indonesia a hub for solutions to food, energy, and water security.

Madam President, excellencies,
We live in a time when hatred and violence can seem to be the loudest voices. But beneath this loud noise lies a quieter truth: That every person longs to be safe, to be respected, to be loved, and to leave a better world to their children. Our children are watching. They are learning leadership not from textbooks, but from our choices. 

Today, still, a catastrophic situation in Gaza is unfolding before our eyes. At this very moment, the innocent are crying for help [and] are crying to be saved. Who will save them? Who will save the innocent. Who will save the old and women? Millions are facing danger at this very moment, as we sit here. They are facing trauma. They are facing irreparable damage to their bodies. They are dying of starvation. Can we remain silent? Will there be no answer to their screams? Will we teach them that the human family can rise to the challenge?

Madam President, 
We must act now, many speakers have said that. We must stand for a multilateral order where peace, prosperity, and progress are not the privilege of a few but the right of all. With a strong United Nations, we can build a world where the weak do not ""suffer what they must,"" but live the justice that they deserve.

Let us continue humanity's great journey of ideals - the selfless aspirations that created the United Nations. Let us use science to uplift, not use science to destroy. Let rising nations help others to live themself.

I am convinced that the leaders of the great world civilisations: civilisations of the West, civilisations of the East, of the North, of the South, leaders of America, Europe, of India, China, the Islamic world, the whole world, I am convinced that they will rise to their role demanded by history. We are all hopeful that the leaders of the world will show great statesmanship, great wisdom, restraint, humility, overcome hate, overcome suspicion. 

Madam President, distinguished delegates,
We are greatly heartened by the events of the last few days where significant leading countries of the world have chosen to side with history, to choose the right side of history - the path of the moral high ground, the path of rectitude, the path of justice, the path of humanity, to shun hatred, to overcome suspicion and to avoid the use of violence. The use of violence will be get violence. No one country can bully the whole Community of the human family.

We may be weak individually, but the sense of oppression, the sense of Injustice, has proven in the history of mankind that this sense of injustice. This sense of oppression will unite in a strong force that will overcome this oppression, that will overcome this injustice.

To close, I would like to reiterate again Indonesia's complete support for the Two State-Solution in Palestine. We must have an independent Palestine, but we must also, we must also recognize, we must also respect, and we must also guarantee the safety and security of Israel. Only then, we can have real peace, real peace, and no longer hate and no longer suspicion. The only solution is this, two state-solution. 

Two descendants of Abraham must live in reconciliation, peace and harmony. Arabs, Jews, Muslims, Christians, Hindus, Buddhists, all religions, we must live as one human family. Indonesia is committed to being part of making this vision a reality. Is this a dream? Maybe, but this is the beautiful dream that we must work together towards.

Let us work towards this noble goal. Let us continue humanity's journey of hope - a journey started by our forefathers. A journey that we must complete. 

Thank you.

Wassalamu'alaikum warahmatullahi wabarakatuh,
Syalom,
Om santi santi santi om,
Namo Buddhaya,
Thank you very much. 

May God bless us all. May peace be upon us.
Thank you very much.",11116,1814,977,566,8a55ca41a2af76b13feabcb8fc86c091f029a7b08769f28082d0bb95947dbd89,"{""remove_urls"": true, ""remove_email"": true, ""remove_source_note"": true, ""normalize_unicode"": true, ""normalize_whitespace"": true, ""lowercase_for_tokenization"": true, ""remove_numbers_for_tokens"": true, ""min_token_length"": 3, ""apply_general_stopwords"": true, ""apply_domain_stopwords"": true, ""stemming_enabled"": false}",2026-06-11T21:38:26
