chunk_id,speech_id,file_name,speech_title_from_filename,forum_scope_inferred,event_date,language_estimate,source_url,source_domain,source_validation_status,chunk_order,chunk_text,chunk_word_count,chunk_quality_flags,suggested_open_code_1,suggested_open_code_2,suggested_open_code_3,suggested_axial_category_1,suggested_axial_category_2,suggested_axial_category_3,suggested_selective_theme_1,suggested_selective_theme_2,suggested_selective_theme_3,suggestion_confidence,matched_keywords_summary,suggestion_detail_json,manual_open_code_1,manual_open_code_2,manual_open_code_3,manual_axial_category,manual_selective_theme,coding_status,coder_notes,processed_stage04_at
SPCH_001_BRICS_LEADERS_CHK_001,SPCH_001_BRICS_LEADERS,NASKAH-PIDATO-PRABOWO-BRICS-LEADERS.txt,Brics Leaders,international,9/8/2025,en,https://setkab.go.id/sambutan-presiden-republik-indonesia-pada-brics-leaders-virtual-meeting-melalui-video-conference-di-kertanegara-kota-administrasi-jakarta-selatan-provinsi-dki-jakarta-senin-8-september-2025/,setkab.go.id,VALID_SETKAB_DOMAIN_OFFLINE,1,"Distinguished Leaders of BRICS. It is indeed a great honor for me to join this very important meeting. Indonesia considers BRICS to be a very strong pillar of stability and hope in the current international geopolitical situation. We now experience a world full of instability and also a world that the concept of multilateralism is being challenged. I fully support the opinions of the preceding speakers: the Distinguished President of Brazil, the Distinguished President of China and Egypt. BRICS now is more than 55% of world population. We are more than 40% of global GDP. BRICS has the biggest economies, biggest countries in population, biggest markets, countries with large natural resources, critical resources. Therefore, BRICS is emerging as a pillar of strengths. So, Indonesia supports the continuation. Indeed, we must continue and work closer together. We must consult each other more. I fully support the concepts given forward by the Distinguished President of the People's Republic of China. We must uphold openness. We must do exactly to continue this close coordination and cooperation in this present world of uncertainty, of double and even triple standards, where international law is being daily ignored, where might makes right, where little countries with less power are being intimidated, threatened, bullied, where trade and finance become weapon, weapon. We consider now, this is the time that BRICS must continue to evolve.",227,OK,Diplomasi multilateral dan kerja sama internasional,Anti-korupsi dan penegakan hukum,,Diplomasi dan tatanan global,Tata kelola pemerintahan dan rule of law,,"Diplomasi, perdamaian, dan keadilan global",Reformasi tata kelola dan penegakan hukum,,HIGH,"OC008=brics(6), multilateralism(1), cooperation(1), stability(1), international(2) | OC006=law(1)","[{""open_code_id"": ""OC008"", ""open_code_label"": ""Diplomasi multilateral dan kerja sama internasional"", ""axial_category"": ""Diplomasi dan tatanan global"", ""selective_theme"": ""Diplomasi, perdamaian, dan keadilan global"", ""total_hits"": 11, ""unique_keyword_hits"": 5, ""matched_keywords"": [{""keyword"": ""brics"", ""hit_count"": 6}, {""keyword"": ""multilateralism"", ""hit_count"": 1}, {""keyword"": ""cooperation"", ""hit_count"": 1}, {""keyword"": ""stability"", ""hit_count"": 1}, {""keyword"": ""international"", ""hit_count"": 2}]}, {""open_code_id"": ""OC006"", ""open_code_label"": ""Anti-korupsi dan penegakan hukum"", ""axial_category"": ""Tata kelola pemerintahan dan rule of law"", ""selective_theme"": ""Reformasi tata kelola dan penegakan hukum"", ""total_hits"": 1, ""unique_keyword_hits"": 1, ""matched_keywords"": [{""keyword"": ""law"", ""hit_count"": 1}]}]",Diplomasi multilateral dan kerja sama internasional,Anti-korupsi dan penegakan hukum,,Diplomasi dan tatanan global,"Diplomasi, perdamaian, dan keadilan global",REVIEWED,,2026-06-11T22:11:05
SPCH_001_BRICS_LEADERS_CHK_002,SPCH_001_BRICS_LEADERS,NASKAH-PIDATO-PRABOWO-BRICS-LEADERS.txt,Brics Leaders,international,9/8/2025,en,https://setkab.go.id/sambutan-presiden-republik-indonesia-pada-brics-leaders-virtual-meeting-melalui-video-conference-di-kertanegara-kota-administrasi-jakarta-selatan-provinsi-dki-jakarta-senin-8-september-2025/,setkab.go.id,VALID_SETKAB_DOMAIN_OFFLINE,2,"We consider now, this is the time that BRICS must continue to evolve. We fully support the initiatives taken. We commend the leadership of President Lula. And, Indonesia is committed to working closer with all the BRICS countries. Thank you very much.",42,LOW_WORD_COUNT_LT_80,Diplomasi multilateral dan kerja sama internasional,,,Diplomasi dan tatanan global,,,"Diplomasi, perdamaian, dan keadilan global",,,LOW,OC008=brics(2),"[{""open_code_id"": ""OC008"", ""open_code_label"": ""Diplomasi multilateral dan kerja sama internasional"", ""axial_category"": ""Diplomasi dan tatanan global"", ""selective_theme"": ""Diplomasi, perdamaian, dan keadilan global"", ""total_hits"": 2, ""unique_keyword_hits"": 1, ""matched_keywords"": [{""keyword"": ""brics"", ""hit_count"": 2}]}]",Diplomasi multilateral dan kerja sama internasional,,,Diplomasi dan tatanan global,"Diplomasi, perdamaian, dan keadilan global",REVIEWED,,2026-06-11T22:11:05
SPCH_002_PANEN_RAYA_CHK_001,SPCH_002_PANEN_RAYA,NASKAH-PIDATO-PRABOWO-PANEN-RAYA.txt,Panen Raya,national,1/7/2026,id,https://setkab.go.id/sambutan-presiden-republik-indonesia-pada-panen-raya-dan-pengumuman-swasembada-pangan-di-desa-kertamukti-kabupaten-karawang-provinsi-jawa-barat-rabu-7-januari-2026/,setkab.go.id,VALID_SETKAB_DOMAIN_OFFLINE,1,"Bismillahirrahmanirrahim. Assalamu'alaikum warahmatullahi wabarakatuh, Selamat siang, Salam sejahtera bagi kita sekalian, Syalom, Salve, Om swastiastu, Namo Buddhaya, Salam kebajikan, Rahayu, rahayu. Yang saya hormati, Menteri Pertanian sebagai penyelenggara Saudara Andi Amran Sulaiman beserta jajaran Kementerian Pertanian; Menteri Koordinator Pangan Saudara Zulkifli Hasan, para Menteri, Kepala Badan, Jaksa Agung, Kapolri, Wakil Panglima TNI, para Kepala Staf Angkatan; Kepala BRIN yang saya hormati; Kepala Perum Bulog Letnan Jenderal TNI (Purn.) Ahmad Rizal Ramdhani yang saya hormati; Wakil Menteri Pertanian Saudara Sudaryono yang merangkap Ketua Umum HKTI, Ketua Umum APPSI, masih? Ketua Umum TNI Merdeka, banyak sekali kau [menjabat] ketua umum? Ketua Komisi IV DPR RI, yang saya hormati Saudari Siti Hediati Soeharto, tepuk tangannya kok panjang banget? Para Kepala Daerah yang hadir langsung dan para Kepala Daerah yang tidak hadir tetapi lewat online. Yang hadir langsung di sini Gubernur Jawa Barat Saudara Dedi Mulyadi (KDM), Gubernur Jawa Timur Saudara Khofifah Indar Parawansa, Gubernur Sumatra Selatan Saudara Herman Deru, Gubernur Sulawesi Selatan Saudara Andi Sudirman Sulaiman, Gubernur Sumatra Utara Saudara Bobby Afif Nasution, Bupati Karawang Saudara Aep Syaepuloh, para Gubernur/Bupati/Wali Kota yang hadir melalui online yang saya hormati dan saya banggakan, yang hadir secara virtual; Yang saya hormati, para Dirut BUMN yang berkenan hadir di sini sekarang, juga para asosiasi yang hadir [diantaranya] Perhimpunan Insan Perunggasan Rakyat Indonesia (PINSAR), Gabungan Pengusaha Makanan Ternak (GPMT), Asosiasi Perbenihan Indonesia, Ketua Kolaborasi Strategis Penggilingan Indonesia, Asosiasi Penggilingan Padi, Masyarakat Perbenihan dan Pembibitan Indonesia, Asosiasi Pedagang dan Produsen Jagung Indonesia, Penyedia Katalog Elektronik Benih Padi Indonesia, Gabungan Pengusaha Kelapa Sawit Indonesia, Asosiasi Petani Tebu Republik Indonesia, Perhimpunan Agronomi Indonesia, Ketua Umum APTRI hadir?",268,OK,Kedaulatan pangan dan swasembada,Pemerataan kesejahteraan dan pengentasan kemiskinan,,Ketahanan nasional dan kedaulatan strategis,Kesejahteraan sosial dan pemerataan pembangunan,,Kedaulatan dan kemandirian nasional,Pembangunan manusia dan keadilan sosial,,HIGH,"OC001=pangan(1), jagung(1), petani(1), pertanian(3) | OC003=rakyat(1)","[{""open_code_id"": ""OC001"", ""open_code_label"": ""Kedaulatan pangan dan swasembada"", ""axial_category"": ""Ketahanan nasional dan kedaulatan strategis"", ""selective_theme"": ""Kedaulatan dan kemandirian nasional"", ""total_hits"": 6, ""unique_keyword_hits"": 4, ""matched_keywords"": [{""keyword"": ""pangan"", ""hit_count"": 1}, {""keyword"": ""jagung"", ""hit_count"": 1}, {""keyword"": ""petani"", ""hit_count"": 1}, {""keyword"": ""pertanian"", ""hit_count"": 3}]}, {""open_code_id"": ""OC003"", ""open_code_label"": ""Pemerataan kesejahteraan dan pengentasan kemiskinan"", ""axial_category"": ""Kesejahteraan sosial dan pemerataan pembangunan"", ""selective_theme"": ""Pembangunan manusia dan keadilan sosial"", ""total_hits"": 1, ""unique_keyword_hits"": 1, ""matched_keywords"": [{""keyword"": ""rakyat"", ""hit_count"": 1}]}]",Kedaulatan pangan dan swasembada,Pemerataan kesejahteraan dan pengentasan kemiskinan,,Ketahanan nasional dan kedaulatan strategis,Kedaulatan dan kemandirian nasional,REVIEWED,,2026-06-11T22:11:05
SPCH_002_PANEN_RAYA_CHK_002,SPCH_002_PANEN_RAYA,NASKAH-PIDATO-PRABOWO-PANEN-RAYA.txt,Panen Raya,national,1/7/2026,id,https://setkab.go.id/sambutan-presiden-republik-indonesia-pada-panen-raya-dan-pengumuman-swasembada-pangan-di-desa-kertamukti-kabupaten-karawang-provinsi-jawa-barat-rabu-7-januari-2026/,setkab.go.id,VALID_SETKAB_DOMAIN_OFFLINE,2,"Yang saya hormati, para Dirut BUMN yang berkenan hadir di sini sekarang, juga para asosiasi yang hadir [diantaranya] Perhimpunan Insan Perunggasan Rakyat Indonesia (PINSAR), Gabungan Pengusaha Makanan Ternak (GPMT), Asosiasi Perbenihan Indonesia, Ketua Kolaborasi Strategis Penggilingan Indonesia, Asosiasi Penggilingan Padi, Masyarakat Perbenihan dan Pembibitan Indonesia, Asosiasi Pedagang dan Produsen Jagung Indonesia, Penyedia Katalog Elektronik Benih Padi Indonesia, Gabungan Pengusaha Kelapa Sawit Indonesia, Asosiasi Petani Tebu Republik Indonesia, Perhimpunan Agronomi Indonesia, Ketua Umum APTRI hadir? Hadir enggak di sini APTRI? Baik. Yang saya hormati dan saya banggakan, para Kelompok Tani, para Penyuluh Pertanian dan terutama para petani dari seluruh Indonesia yang saya hormati, yang saya cintai dan yang saya banggakan; Seluruh hadirin, undangan, rekan-rekan pers dan media yang hadir langsung maupun yang hadir secara virtual. Saudara-saudara, Karena tadi mungkin banyak tokoh-tokoh sudah di sebut satu-satu mungkin saya tidak perlu mengulangi lagi tanpa mengurangi rasa hormat saya, tetapi kalau diminta mengulangi, saya siap mengulangi juga. Ini banyak sekali, tetapi tidak apa-apa. Perlu dibacakan satu-satu? Cukup? Baik. Tanpa mengurangi rasa hormat tetapi di sini banyak dirut perusahaan-perusahaan penting, dirut perusahaan-perusahaan penting: PTPN 3, PTPN 4, PTPN 1, Riset Perkebunan Nusantara, Sinergi Gula Nusantara, Agrinas Palma, Agrinas Pangan Nusantara. Agrinas Palma hadir dirutnya? Agrinas Palma? Catat ya, ini sambil diabsen ini. Dirut PT Berdikari Saudara Maryadi, Dirut Sang Hyang Seri, Dirut PT Pusri Saudara Maryono, Dirut Pupuk Kujang.",224,OK,Kedaulatan pangan dan swasembada,Pemerataan kesejahteraan dan pengentasan kemiskinan,,Ketahanan nasional dan kedaulatan strategis,Kesejahteraan sosial dan pemerataan pembangunan,,Kedaulatan dan kemandirian nasional,Pembangunan manusia dan keadilan sosial,,HIGH,"OC001=pangan(1), jagung(1), petani(2), pertanian(1) | OC003=rakyat(1)","[{""open_code_id"": ""OC001"", ""open_code_label"": ""Kedaulatan pangan dan swasembada"", ""axial_category"": ""Ketahanan nasional dan kedaulatan strategis"", ""selective_theme"": ""Kedaulatan dan kemandirian nasional"", ""total_hits"": 5, ""unique_keyword_hits"": 4, ""matched_keywords"": [{""keyword"": ""pangan"", ""hit_count"": 1}, {""keyword"": ""jagung"", ""hit_count"": 1}, {""keyword"": ""petani"", ""hit_count"": 2}, {""keyword"": ""pertanian"", ""hit_count"": 1}]}, {""open_code_id"": ""OC003"", ""open_code_label"": ""Pemerataan kesejahteraan dan pengentasan kemiskinan"", ""axial_category"": ""Kesejahteraan sosial dan pemerataan pembangunan"", ""selective_theme"": ""Pembangunan manusia dan keadilan sosial"", ""total_hits"": 1, ""unique_keyword_hits"": 1, ""matched_keywords"": [{""keyword"": ""rakyat"", ""hit_count"": 1}]}]",Kedaulatan pangan dan swasembada,Pemerataan kesejahteraan dan pengentasan kemiskinan,,Ketahanan nasional dan kedaulatan strategis,Kedaulatan dan kemandirian nasional,REVIEWED,,2026-06-11T22:11:05
SPCH_002_PANEN_RAYA_CHK_003,SPCH_002_PANEN_RAYA,NASKAH-PIDATO-PRABOWO-PANEN-RAYA.txt,Panen Raya,national,1/7/2026,id,https://setkab.go.id/sambutan-presiden-republik-indonesia-pada-panen-raya-dan-pengumuman-swasembada-pangan-di-desa-kertamukti-kabupaten-karawang-provinsi-jawa-barat-rabu-7-januari-2026/,setkab.go.id,VALID_SETKAB_DOMAIN_OFFLINE,3,"Dirut PT Berdikari Saudara Maryadi, Dirut Sang Hyang Seri, Dirut PT Pusri Saudara Maryono, Dirut Pupuk Kujang. Baik, terima kasih. Bupati-bupati juga penting ini. Bupati Banyuasin, Bupati Sukabumi, Bupati Tasikmalaya Pak Cecep Nurul Yakin, Bupati Ogan Komering Ulu Timur Saudara Lanosin, Bupati Cianjur terima kasih Pak Mohammad Wahyu Ferdian, Bupati Bojonegoro tadi sudah ya, Bupati Indramayu Saudara Lucky Hakim, Bupati Wajo Saudara Andi Rosman hadir? Terima kasih. Bupati Merauke Saudara Yoseph Gebze terima kasih hadir jauh-jauh dari Merauke. Bupati Bandung Saudara Dadang Supriatna, terima kasih, Bupati Subang Saudara Reynaldy Putra, Bupati Bekasi Saudara Asep Surya Atmaja, terima kasih. Wali Kota Tasikmalaya Saudara Viman Alfarizi Ramadhan, terima kasih, Saudara-saudara sekalian. Menteri-menteri perlu? Sudah tadi ya disebut, sekalian sudah tadi saya catat sebagai absen. Terima kasih. Saudara-saudara, Selalu sebagai insan yang bertakwa, marilah kita tidak henti-hentinya memanjatkan puji syukur ke hadirat Tuhan Mahabesar, Mahakuasa, bagi umat Islam Allah SWT yang memiliki sekalian alam, hanya kepadaNya lah kita berdoa dan hanya kepadaNya lah kita meminta pertolongan. Kita bersyukur atas segala kebaikan, karunia, kedamaian dan atas kesehatan yang masih diberikan kepada kita, sehingga kita dapat berkumpul di siang hari ini. Kita hadir di sini dalam acara yang sangat besar artinya, sangat penting dan sangat membanggakan. Walaupun selalu, kita selalu ingat saudara-saudara kita di tempat-tempat yang jauh dari sini, yang mengalami musibah beberapa puluh hari lalu di Aceh, Sumatra Barat, Sumatra Utara tetapi juga ada di Jawa Timur, di Jawa Tengah, ada di Kalimantan, ada beberapa tempat.",242,OK,"Kesehatan, gizi, dan perlindungan sosial",,,Pembangunan sumber daya manusia,,,Pembangunan manusia dan keadilan sosial,,,LOW,OC005=kesehatan(1),"[{""open_code_id"": ""OC005"", ""open_code_label"": ""Kesehatan, gizi, dan perlindungan sosial"", ""axial_category"": ""Pembangunan sumber daya manusia"", ""selective_theme"": ""Pembangunan manusia dan keadilan sosial"", ""total_hits"": 1, ""unique_keyword_hits"": 1, ""matched_keywords"": [{""keyword"": ""kesehatan"", ""hit_count"": 1}]}]","Kesehatan, gizi, dan perlindungan sosial",,,Pembangunan sumber daya manusia,Pembangunan manusia dan keadilan sosial,EXCLUDED,,2026-06-11T22:11:05
SPCH_002_PANEN_RAYA_CHK_004,SPCH_002_PANEN_RAYA,NASKAH-PIDATO-PRABOWO-PANEN-RAYA.txt,Panen Raya,national,1/7/2026,id,https://setkab.go.id/sambutan-presiden-republik-indonesia-pada-panen-raya-dan-pengumuman-swasembada-pangan-di-desa-kertamukti-kabupaten-karawang-provinsi-jawa-barat-rabu-7-januari-2026/,setkab.go.id,VALID_SETKAB_DOMAIN_OFFLINE,4,"Walaupun selalu, kita selalu ingat saudara-saudara kita di tempat-tempat yang jauh dari sini, yang mengalami musibah beberapa puluh hari lalu di Aceh, Sumatra Barat, Sumatra Utara tetapi juga ada di Jawa Timur, di Jawa Tengah, ada di Kalimantan, ada beberapa tempat. Kita selalu ingat saudara-saudara kita, tetapi kita juga bangga melihat pengabdian darmabakti. Banyak unsur dari seluruh lapisan masyarakat, TNI, Polri, BNPB, Basarnas, PU, PLN, perusahaan-perusahaan Danantara, semua bahu-membahu termasuk banyak relawan dari mana-mana. Kita buktikan bangsa Indonesia bangsa yang kuat, bangsa yang berkemampuan, bangsa yang berdiri di atas kaki kita sendiri. Saudara-saudara sekalian, Terima kasih atas kehormatan yang diberikan kepada saya, diundang hari ini pada acara panen raya dan pengumuman resmi bahwa Indonesia berhasil kembali menjadi bangsa yang swasembada pangan. Terima kasih. Saudara-saudara, Saya selalu mengatakan dimana-mana bahwa bangsa Indonesia harus sungguh-sungguh menjadi bangsa yang waspada, bangsa yang selalu mau mengoreksi diri, bangsa yang selalu berani menghadapi segala keadaan. Saudara-saudara sekalian, Kita mengerti dan paham bahwa bangsa kita negara yang kaya. Setelah saya dipilih dan diangkat menjadi Presiden, setelah saya mengambil alih pemerintahan saya paham, lebih paham, lebih mengerti atas kekayaan-kekayaan kita. Tetapi, saya harus katakan saya prihatin, saya sedih dengan kenyataan bahwa banyak kenyataan kita yang tidak pandai kita kelola, sehingga banyak kekayaan kita yang bocor. Dari dulu saya mengerti hal ini, tetapi saya tidak mengerti seberapa banyak kebocoran itu.",222,OK,Persatuan nasional dan kepercayaan diri bangsa,Kedaulatan pangan dan swasembada,"Investasi, industrialisasi, dan pertumbuhan ekonomi",Identitas nasional dan kepemimpinan,Ketahanan nasional dan kedaulatan strategis,Transformasi ekonomi dan pembangunan produktif,Kedaulatan dan kemandirian nasional,Kedaulatan dan kemandirian nasional,Transformasi ekonomi dan pembangunan nasional,HIGH,"OC013=bangsa(10), berdiri di atas kaki(1) | OC001=swasembada(1), pangan(1) | OC010=danantara(1)","[{""open_code_id"": ""OC013"", ""open_code_label"": ""Persatuan nasional dan kepercayaan diri bangsa"", ""axial_category"": ""Identitas nasional dan kepemimpinan"", ""selective_theme"": ""Kedaulatan dan kemandirian nasional"", ""total_hits"": 11, ""unique_keyword_hits"": 2, ""matched_keywords"": [{""keyword"": ""bangsa"", ""hit_count"": 10}, {""keyword"": ""berdiri di atas kaki"", ""hit_count"": 1}]}, {""open_code_id"": ""OC001"", ""open_code_label"": ""Kedaulatan pangan dan swasembada"", ""axial_category"": ""Ketahanan nasional dan kedaulatan strategis"", ""selective_theme"": ""Kedaulatan dan kemandirian nasional"", ""total_hits"": 2, ""unique_keyword_hits"": 2, ""matched_keywords"": [{""keyword"": ""swasembada"", ""hit_count"": 1}, {""keyword"": ""pangan"", ""hit_count"": 1}]}, {""open_code_id"": ""OC010"", ""open_code_label"": ""Investasi, industrialisasi, dan pertumbuhan ekonomi"", ""axial_category"": ""Transformasi ekonomi dan pembangunan produktif"", ""selective_theme"": ""Transformasi ekonomi dan pembangunan nasional"", ""total_hits"": 1, ""unique_keyword_hits"": 1, ""matched_keywords"": [{""keyword"": ""danantara"", ""hit_count"": 1}]}]",Persatuan nasional dan kepercayaan diri bangsa,Kedaulatan pangan dan swasembada,"Investasi, industrialisasi, dan pertumbuhan ekonomi",Identitas nasional dan kepemimpinan,Kedaulatan dan kemandirian nasional,REVIEWED,,2026-06-11T22:11:05
SPCH_002_PANEN_RAYA_CHK_005,SPCH_002_PANEN_RAYA,NASKAH-PIDATO-PRABOWO-PANEN-RAYA.txt,Panen Raya,national,1/7/2026,id,https://setkab.go.id/sambutan-presiden-republik-indonesia-pada-panen-raya-dan-pengumuman-swasembada-pangan-di-desa-kertamukti-kabupaten-karawang-provinsi-jawa-barat-rabu-7-januari-2026/,setkab.go.id,VALID_SETKAB_DOMAIN_OFFLINE,5,"Dari dulu saya mengerti hal ini, tetapi saya tidak mengerti seberapa banyak kebocoran itu. Dari tahun ke tahun sebelum saya menjadi presiden saya berjuang, berjuang sebagai Ketua Umum HKTI, berjuang sebagai ketua umum sebuah partai, kenapa? Karena, saya melihat ada kejanggalan di bangsa kita. Saya melihat sudah berapa puluh tahun negara yang begini kaya, rakyatnya masih banyak yang miskin. Saya tidak dapat menerima di akal sehat dan di hati saya bagaimana negara yang begini makmur, bagaimana negara yang berjuang ratusan tahun untuk merdeka tetapi kekayaannya kurang dinikmati oleh sebagian besar rakyat Indonesia. Terutama yang tidak masuk di akal saya, bagaimana bisa negara yang begini besar, negara yang diberi karunia oleh yang Mahakuasa, bumi yang luas, bumi yang kaya, tanah yang subur, tetapi kita tergantung bangsa lain untuk pangan kita. Kita impor, impor, impor, impor pangan. Tidak masuk di hati saya, tidak masuk di akal saya. Saya memang bukan orang pintar, saya tidak punya gelar profesor tetapi saya bisa melihat yang benar dan yang tidak benar. Saya bisa melihat yang masuk akal dan yang tidak masuk akal. Saya bisa merasakan keadilan dan yang tidak adanya keadilan. Karena itu, saya berjuang terus, saya dituduh mau jadi diktator, saya dituduh mau berkuasa, saya dituduh mau kudeta, tetapi saya sejak muda saya bersumpah sebagai prajurit adalah prajurit dari Tentara Nasional Indonesia, TNI adalah tentara rakyat, TNI lahir rakyat, waktu kita berjuang kita diberi makan oleh rakyat Indonesia.",233,OK,Pemerataan kesejahteraan dan pengentasan kemiskinan,Persatuan nasional dan kepercayaan diri bangsa,Kedaulatan pangan dan swasembada,Kesejahteraan sosial dan pemerataan pembangunan,Identitas nasional dan kepemimpinan,Ketahanan nasional dan kedaulatan strategis,Pembangunan manusia dan keadilan sosial,Kedaulatan dan kemandirian nasional,Kedaulatan dan kemandirian nasional,MEDIUM,"OC003=miskin(1), rakyat(4) | OC013=bangsa(2) | OC001=pangan(2)","[{""open_code_id"": ""OC003"", ""open_code_label"": ""Pemerataan kesejahteraan dan pengentasan kemiskinan"", ""axial_category"": ""Kesejahteraan sosial dan pemerataan pembangunan"", ""selective_theme"": ""Pembangunan manusia dan keadilan sosial"", ""total_hits"": 5, ""unique_keyword_hits"": 2, ""matched_keywords"": [{""keyword"": ""miskin"", ""hit_count"": 1}, {""keyword"": ""rakyat"", ""hit_count"": 4}]}, {""open_code_id"": ""OC013"", ""open_code_label"": ""Persatuan nasional dan kepercayaan diri bangsa"", ""axial_category"": ""Identitas nasional dan kepemimpinan"", ""selective_theme"": ""Kedaulatan dan kemandirian nasional"", ""total_hits"": 2, ""unique_keyword_hits"": 1, ""matched_keywords"": [{""keyword"": ""bangsa"", ""hit_count"": 2}]}, {""open_code_id"": ""OC001"", ""open_code_label"": ""Kedaulatan pangan dan swasembada"", ""axial_category"": ""Ketahanan nasional dan kedaulatan strategis"", ""selective_theme"": ""Kedaulatan dan kemandirian nasional"", ""total_hits"": 2, ""unique_keyword_hits"": 1, ""matched_keywords"": [{""keyword"": ""pangan"", ""hit_count"": 2}]}]",Pemerataan kesejahteraan dan pengentasan kemiskinan,Persatuan nasional dan kepercayaan diri bangsa,Kedaulatan pangan dan swasembada,Kesejahteraan sosial dan pemerataan pembangunan,Pembangunan manusia dan keadilan sosial,REVIEWED,,2026-06-11T22:11:05
SPCH_002_PANEN_RAYA_CHK_006,SPCH_002_PANEN_RAYA,NASKAH-PIDATO-PRABOWO-PANEN-RAYA.txt,Panen Raya,national,1/7/2026,id,https://setkab.go.id/sambutan-presiden-republik-indonesia-pada-panen-raya-dan-pengumuman-swasembada-pangan-di-desa-kertamukti-kabupaten-karawang-provinsi-jawa-barat-rabu-7-januari-2026/,setkab.go.id,VALID_SETKAB_DOMAIN_OFFLINE,6,"Karena itu, saya berjuang terus, saya dituduh mau jadi diktator, saya dituduh mau berkuasa, saya dituduh mau kudeta, tetapi saya sejak muda saya bersumpah sebagai prajurit adalah prajurit dari Tentara Nasional Indonesia, TNI adalah tentara rakyat, TNI lahir rakyat, waktu kita berjuang kita diberi makan oleh rakyat Indonesia. Waktu kita menyatakan kemerdekaan, waktu kita menyatakan kemerdekaan tanggal 17 Agustus 1945 tidak ada anggaran, belum ada Kementerian Keuangan, belum ada pajak, belum ada bea cukai, siapa yang biayai pejuang-pejuang, siapa yang mendukung perang kemerdekaan, yang mendukung perang kemerdekaan adalah rakyat Indonesia, yang memberi makan kepada tentara pejuang-pejuang adalah para petani Indonesia. Kita tidak bakal merdeka tanpa jasa para petani kita, Saudara-saudara sekalian. Saudara-saudara sekalian, Saya masuk tentara tahun '70, tahun '70, tahun '70, tetapi saya merasakan setiap saya latihan di desa-desa Jawa Tengah, Jawa Barat, rakyat keluar dari rumah, rumah-rumah yang sederhana, rumah-rumah gedek yang lantainya masih tanah, mereka keluar dari rumah, mereka memberi minuman teh, mereka memberi pisang, mereka memberi singkong kepada kami, Saudara-saudara sekalian, padahal untuk masak itu dia harus ambil kayu yang cukup jauh, dia harus ambil air yang cukup jauh, begitu cintanya rakyat kepada tentara, begitu sadarnya para petani terhadap negara bangsa Indonesia. Para petanilah yang paling setia, yang paling loyal dan yang paling merah putih di Republik Indonesia ini, Saudara-saudara sekalian. Dan, saya tidak habis pikir, puluhan tahun para petani kita, para nelayan kita kurang dihormati, kurang dibela, kurang dilindungi.",234,OK,"Koperasi, desa, dan ekonomi akar rumput",Persatuan nasional dan kepercayaan diri bangsa,Pemerataan kesejahteraan dan pengentasan kemiskinan,Transformasi ekonomi dan pembangunan produktif,Identitas nasional dan kepemimpinan,Kesejahteraan sosial dan pemerataan pembangunan,Transformasi ekonomi dan pembangunan nasional,Kedaulatan dan kemandirian nasional,Pembangunan manusia dan keadilan sosial,MEDIUM,"OC011=desa(2), nelayan(1) | OC013=bangsa(1), merah putih(1) | OC003=rakyat(6)","[{""open_code_id"": ""OC011"", ""open_code_label"": ""Koperasi, desa, dan ekonomi akar rumput"", ""axial_category"": ""Transformasi ekonomi dan pembangunan produktif"", ""selective_theme"": ""Transformasi ekonomi dan pembangunan nasional"", ""total_hits"": 3, ""unique_keyword_hits"": 2, ""matched_keywords"": [{""keyword"": ""desa"", ""hit_count"": 2}, {""keyword"": ""nelayan"", ""hit_count"": 1}]}, {""open_code_id"": ""OC013"", ""open_code_label"": ""Persatuan nasional dan kepercayaan diri bangsa"", ""axial_category"": ""Identitas nasional dan kepemimpinan"", ""selective_theme"": ""Kedaulatan dan kemandirian nasional"", ""total_hits"": 2, ""unique_keyword_hits"": 2, ""matched_keywords"": [{""keyword"": ""bangsa"", ""hit_count"": 1}, {""keyword"": ""merah putih"", ""hit_count"": 1}]}, {""open_code_id"": ""OC003"", ""open_code_label"": ""Pemerataan kesejahteraan dan pengentasan kemiskinan"", ""axial_category"": ""Kesejahteraan sosial dan pemerataan pembangunan"", ""selective_theme"": ""Pembangunan manusia dan keadilan sosial"", ""total_hits"": 6, ""unique_keyword_hits"": 1, ""matched_keywords"": [{""keyword"": ""rakyat"", ""hit_count"": 6}]}]","Koperasi, desa, dan ekonomi akar rumput",Persatuan nasional dan kepercayaan diri bangsa,Pemerataan kesejahteraan dan pengentasan kemiskinan,Transformasi ekonomi dan pembangunan produktif,Transformasi ekonomi dan pembangunan nasional,REVIEWED,,2026-06-11T22:11:05
SPCH_002_PANEN_RAYA_CHK_007,SPCH_002_PANEN_RAYA,NASKAH-PIDATO-PRABOWO-PANEN-RAYA.txt,Panen Raya,national,1/7/2026,id,https://setkab.go.id/sambutan-presiden-republik-indonesia-pada-panen-raya-dan-pengumuman-swasembada-pangan-di-desa-kertamukti-kabupaten-karawang-provinsi-jawa-barat-rabu-7-januari-2026/,setkab.go.id,VALID_SETKAB_DOMAIN_OFFLINE,7,"Dan, saya tidak habis pikir, puluhan tahun para petani kita, para nelayan kita kurang dihormati, kurang dibela, kurang dilindungi. Waktu saya berhenti dari tentara saya merasa dihormati, saya merasa terhormat, tokoh-tokoh HKTI, tokoh-tokoh KTNA minta saya mantan Panglima Kostrad untuk menjadi Ketua Umum HKTI, Saudara-saudara sekalian. Dan, saya terima ajakan itu sebagai ajakan yang sangat mulia, saya diminta membela kepentingan petani dan nelayan Indonesia. Ini sungguh kehormatan bagi saya. Saya ingat waktu saya masih sangat muda, rakyat yang memberi makan kepada saya, saya tidak lupa, ini kesempatan pikiran saya, saya membalas budi, saya membayar hutang kembali pada para petani Indonesia. Saya jadi jenderal karena petani Indonesia, saya jadi jenderal karena rakyat Indonesia. Pangkat yang saya emban adalah dari rakyat, karena itu saya sekarang harus berbakti untuk rakyat. Dan, ini adalah kesadaran dari pembantu-pembantu saya semua. Mereka, Saudara-saudara sekalian, banyak di antara tokoh-tokoh ini sebenarnya mereka sudah mapan. Tuhan sudah memberi kebaikan dan rezeki kepada mereka. Saudara Amran pengusaha yang sukses, beliau jadi menteri adalah pengorbanan. Beliau menteri yang, enggak tahu saya sehari mungkin tidur tiga, empat jam. Saya kadang-kadang merasa prihatin, tapi saya dalam hati juga bangga. Saudara Zulkifli Hasan demikian juga masih mau berjuang, masih mau terjun di politik. Orang-orang yang masuk ke politik ini juga merasa aneh juga Saudara masih mau masuk politik. Politik di Indonesia ini pengorbanan, ingin mengabdi, ingin berbuat baik selalu di kuyu-kuyu, selalu dicari-cari kesalahan dan kejelekannya.",233,OK,Pemerataan kesejahteraan dan pengentasan kemiskinan,Kedaulatan pangan dan swasembada,"Koperasi, desa, dan ekonomi akar rumput",Kesejahteraan sosial dan pemerataan pembangunan,Ketahanan nasional dan kedaulatan strategis,Transformasi ekonomi dan pembangunan produktif,Pembangunan manusia dan keadilan sosial,Kedaulatan dan kemandirian nasional,Transformasi ekonomi dan pembangunan nasional,MEDIUM,OC003=rakyat(4) | OC001=petani(4) | OC011=nelayan(2),"[{""open_code_id"": ""OC003"", ""open_code_label"": ""Pemerataan kesejahteraan dan pengentasan kemiskinan"", ""axial_category"": ""Kesejahteraan sosial dan pemerataan pembangunan"", ""selective_theme"": ""Pembangunan manusia dan keadilan sosial"", ""total_hits"": 4, ""unique_keyword_hits"": 1, ""matched_keywords"": [{""keyword"": ""rakyat"", ""hit_count"": 4}]}, {""open_code_id"": ""OC001"", ""open_code_label"": ""Kedaulatan pangan dan swasembada"", ""axial_category"": ""Ketahanan nasional dan kedaulatan strategis"", ""selective_theme"": ""Kedaulatan dan kemandirian nasional"", ""total_hits"": 4, ""unique_keyword_hits"": 1, ""matched_keywords"": [{""keyword"": ""petani"", ""hit_count"": 4}]}, {""open_code_id"": ""OC011"", ""open_code_label"": ""Koperasi, desa, dan ekonomi akar rumput"", ""axial_category"": ""Transformasi ekonomi dan pembangunan produktif"", ""selective_theme"": ""Transformasi ekonomi dan pembangunan nasional"", ""total_hits"": 2, ""unique_keyword_hits"": 1, ""matched_keywords"": [{""keyword"": ""nelayan"", ""hit_count"": 2}]}]",Pemerataan kesejahteraan dan pengentasan kemiskinan,Kedaulatan pangan dan swasembada,"Koperasi, desa, dan ekonomi akar rumput",Kesejahteraan sosial dan pemerataan pembangunan,Pembangunan manusia dan keadilan sosial,REVIEWED,,2026-06-11T22:11:05
SPCH_002_PANEN_RAYA_CHK_008,SPCH_002_PANEN_RAYA,NASKAH-PIDATO-PRABOWO-PANEN-RAYA.txt,Panen Raya,national,1/7/2026,id,https://setkab.go.id/sambutan-presiden-republik-indonesia-pada-panen-raya-dan-pengumuman-swasembada-pangan-di-desa-kertamukti-kabupaten-karawang-provinsi-jawa-barat-rabu-7-januari-2026/,setkab.go.id,VALID_SETKAB_DOMAIN_OFFLINE,8,"Politik di Indonesia ini pengorbanan, ingin mengabdi, ingin berbuat baik selalu di kuyu-kuyu, selalu dicari-cari kesalahan dan kejelekannya. Tetapi tidak apa-apa. Saya selalu katakan semakin naik ke puncak, semakin diterpa angin yang kencang, mereka yang kuat yang akan sampai di atas. Saudara-saudara, Para pemimpin, para pejabat, para Gubernur/Bupati, para Wali Kota, para dirut-dirut BUMN, jangan gentar, jangan ragu-ragu, para adik-adik saya, Menteri-menteri ini jangan. Kehormatan, berjuang untuk rakyat, kehormatan, kita semua akan dipanggil yang Mahakuasa, itu kepastian saudara-saudara. Dan, selalu saya katakan, kalau gajah meninggal dia tinggalkan gading, harimau meninggal dia tinggalkan belang. Manusia pada saat kita dipanggil yang kita tinggalkan hanya nama, nama, nama baik. Tetapi pada saat kita dipanggil apakah rakyat [mengatakan], ""Dia waktu mimpin dia orang baik, waktu dia memimpin dia selalu membela rakyat, waktu dia memimpin dia selalu membela keadilan, waktu dia memimpin dia selalu membela orang yang lemah, waktu dia pimpin dia selalu membela orang yang miskin, waktu dia memimpin dia selalu tegakkan keadilan.""Saya kira keluarga kita semua akan merasa bangga. Daripada nanti kalau dipanggil [rakyat], ""Dia dulu maling, dia dulu koruptor, dia dulu curi uang rakyat, dia memperkaya diri"". Jadi, Saudara-saudara, bersyukurlah kalau kau diberi kepercayaan, ini kesempatan kita berbakti, kesempatan memberi yang terbaik yang bisa kita berikan, karena Saudara-saudara kadang-kadang kebenaran dan keadilan hanya bisa datang dengan kepemimpinan yang berani dan jujur.",221,OK,Pemerataan kesejahteraan dan pengentasan kemiskinan,,,Kesejahteraan sosial dan pemerataan pembangunan,,,Pembangunan manusia dan keadilan sosial,,,HIGH,"OC003=miskin(1), rakyat(5)","[{""open_code_id"": ""OC003"", ""open_code_label"": ""Pemerataan kesejahteraan dan pengentasan kemiskinan"", ""axial_category"": ""Kesejahteraan sosial dan pemerataan pembangunan"", ""selective_theme"": ""Pembangunan manusia dan keadilan sosial"", ""total_hits"": 6, ""unique_keyword_hits"": 2, ""matched_keywords"": [{""keyword"": ""miskin"", ""hit_count"": 1}, {""keyword"": ""rakyat"", ""hit_count"": 5}]}]",Pemerataan kesejahteraan dan pengentasan kemiskinan,,,Kesejahteraan sosial dan pemerataan pembangunan,Pembangunan manusia dan keadilan sosial,REVIEWED,,2026-06-11T22:11:05
SPCH_002_PANEN_RAYA_CHK_009,SPCH_002_PANEN_RAYA,NASKAH-PIDATO-PRABOWO-PANEN-RAYA.txt,Panen Raya,national,1/7/2026,id,https://setkab.go.id/sambutan-presiden-republik-indonesia-pada-panen-raya-dan-pengumuman-swasembada-pangan-di-desa-kertamukti-kabupaten-karawang-provinsi-jawa-barat-rabu-7-januari-2026/,setkab.go.id,VALID_SETKAB_DOMAIN_OFFLINE,9,"Jadi, Saudara-saudara, bersyukurlah kalau kau diberi kepercayaan, ini kesempatan kita berbakti, kesempatan memberi yang terbaik yang bisa kita berikan, karena Saudara-saudara kadang-kadang kebenaran dan keadilan hanya bisa datang dengan kepemimpinan yang berani dan jujur. Karena itu, Saudara-saudara, hari ini kita telah mencatat suatu kemenangan yang penting. Tidak ada bangsa yang merdeka kalau makan tidak bisa tersedia untuk rakyat, ndak ada, tidak mungkin. Tidak mungkin bangsa itu merdeka, kalau makan pangan tergantung bangsa lain. Dan, ini sudah dibuktikan, begitu ada Covid-19 negara yang punya beras tidak mau jual ke kita. Saya tahu waktu itu, saya sudah menteri, saya ngerti benar-benar. Presiden kita waktu itu sampaikan ke saya, beliau terbang ke sini, terbang ke sana, nego sama pemimpin-pemimpin negara yang punya beras. Akhirnya karena hubungan baik beliau dengan beberapa tokoh, akhirnya mereka waktu Covid-19 adalah pembuka mata, waktu Covid-19 pandemi ada warning, adalah peringatan, adalah lampu kuning bagi bangsa Indonesia, jangan mau, jangan lengah, jangan tergantung bangsa lain apalagi untuk makan. Juga, untuk BBM, untuk energi. Saudara-saudara, Yang Mahakuasa telah memberi karunia yang luar biasa, ternyata dari pertanian kita bisa tidak tergantung bangsa lain, juga soal makan tetapi juga soal energi. Dari kelapa sawit kita bisa menghasilkan solar, dari singkong kita bisa menghasilkan etanol untuk bensin, dari tebu kita juga bisa hasilkan etanol, Saudara-saudara sekalian, luar biasa. Waktu saya dilantik jadi Presiden memang saya beri target 4 tahun swasembada beras, swasembada pangan.",230,OK,Kedaulatan pangan dan swasembada,Kedaulatan energi dan pengelolaan sumber daya,Persatuan nasional dan kepercayaan diri bangsa,Ketahanan nasional dan kedaulatan strategis,Ketahanan nasional dan kedaulatan strategis,Identitas nasional dan kepemimpinan,Kedaulatan dan kemandirian nasional,Kedaulatan dan kemandirian nasional,Kedaulatan dan kemandirian nasional,HIGH,"OC001=swasembada(2), pangan(2), beras(3), pertanian(1) | OC002=energi(2), solar(1), bbm(1) | OC013=bangsa(6)","[{""open_code_id"": ""OC001"", ""open_code_label"": ""Kedaulatan pangan dan swasembada"", ""axial_category"": ""Ketahanan nasional dan kedaulatan strategis"", ""selective_theme"": ""Kedaulatan dan kemandirian nasional"", ""total_hits"": 8, ""unique_keyword_hits"": 4, ""matched_keywords"": [{""keyword"": ""swasembada"", ""hit_count"": 2}, {""keyword"": ""pangan"", ""hit_count"": 2}, {""keyword"": ""beras"", ""hit_count"": 3}, {""keyword"": ""pertanian"", ""hit_count"": 1}]}, {""open_code_id"": ""OC002"", ""open_code_label"": ""Kedaulatan energi dan pengelolaan sumber daya"", ""axial_category"": ""Ketahanan nasional dan kedaulatan strategis"", ""selective_theme"": ""Kedaulatan dan kemandirian nasional"", ""total_hits"": 4, ""unique_keyword_hits"": 3, ""matched_keywords"": [{""keyword"": ""energi"", ""hit_count"": 2}, {""keyword"": ""solar"", ""hit_count"": 1}, {""keyword"": ""bbm"", ""hit_count"": 1}]}, {""open_code_id"": ""OC013"", ""open_code_label"": ""Persatuan nasional dan kepercayaan diri bangsa"", ""axial_category"": ""Identitas nasional dan kepemimpinan"", ""selective_theme"": ""Kedaulatan dan kemandirian nasional"", ""total_hits"": 6, ""unique_keyword_hits"": 1, ""matched_keywords"": [{""keyword"": ""bangsa"", ""hit_count"": 6}]}]",Kedaulatan pangan dan swasembada,Kedaulatan energi dan pengelolaan sumber daya,Persatuan nasional dan kepercayaan diri bangsa,Ketahanan nasional dan kedaulatan strategis,Kedaulatan dan kemandirian nasional,REVIEWED,,2026-06-11T22:11:05
SPCH_002_PANEN_RAYA_CHK_010,SPCH_002_PANEN_RAYA,NASKAH-PIDATO-PRABOWO-PANEN-RAYA.txt,Panen Raya,national,1/7/2026,id,https://setkab.go.id/sambutan-presiden-republik-indonesia-pada-panen-raya-dan-pengumuman-swasembada-pangan-di-desa-kertamukti-kabupaten-karawang-provinsi-jawa-barat-rabu-7-januari-2026/,setkab.go.id,VALID_SETKAB_DOMAIN_OFFLINE,10,"Waktu saya dilantik jadi Presiden memang saya beri target 4 tahun swasembada beras, swasembada pangan. Terima kasih seluruh komunitas pertanian di Indonesia Saudara bekerja keras, Saudara bersatu, Saudara kompak, Saudara hasilkan yang empat tahun saudara berikan kepada bangsa dan negara, satu tahun kita sudah swasembada, satu tahun kita sudah berdiri di atas kaki kita sendiri, satu tahun kita tidak tergantung bangsa-bangsa lain, Saudara-saudara sekalian. Saudara-saudara, Saya sungguh meyakini dan saya sungguh bangga bahwa hari ini Saudara-saudara berhasil sebagai putra-putri terbaik bangsa. Saudara buktikan bahwa Indonesia bisa. Ada elit kita sebagian yang kerjanya hanya ngejek, hujat, fitnah, nyinyir, enggak ada keberhasilan bangsa Indonesia. Atlet-atlet kita berjuang, enggak ada mereka ucapan selamat. Enggak ada mereka menghargai usaha pemerintah, malah selalu ngenyek, ini aneh ya, aneh ini, kesehatan jiwa mereka agak aneh gitu. Saya sendiri bingung tetapi biarlah enggak ada urusan itu, saya kira sedikit mereka itu, mereka pintarnya hanya di sosmed, enggak jelas juga itu, jangan-jangan mereka di bayar. Yang penting Saudara-saudara, hari ini Saudara memberi kepada bangsa dan negara bukti yang nyata. Saudara telah menurut saya mencatat tonggak penting dalam kemerdekaan bangsa Indonesia. Saudara-saudara, Banyak tokoh-tokoh penting ngomong ke saya beberapa bulan yang lalu [mengatakan], ""Pak Bowo, enggak mungkin swasembada Indonesia itu"", sungguh ini ngomong ke saya, tidak mungkin swasembada itu. ""Amran itu hati-hati, amran itu kadang-kadang banyak janjinya saja.""Tetapi hari ini, Saudara-saudara sekalian, Saudara Andi Amran Sulaiman saya beri bintang jasa utama.",233,OK,Kedaulatan pangan dan swasembada,Persatuan nasional dan kepercayaan diri bangsa,Reformasi birokrasi dan efisiensi negara,Ketahanan nasional dan kedaulatan strategis,Identitas nasional dan kepemimpinan,Tata kelola pemerintahan dan rule of law,Kedaulatan dan kemandirian nasional,Kedaulatan dan kemandirian nasional,Reformasi tata kelola dan penegakan hukum,HIGH,"OC001=swasembada(5), pangan(1), beras(1), pertanian(1) | OC013=bangsa(7), berdiri di atas kaki(1) | OC007=pemerintah(1)","[{""open_code_id"": ""OC001"", ""open_code_label"": ""Kedaulatan pangan dan swasembada"", ""axial_category"": ""Ketahanan nasional dan kedaulatan strategis"", ""selective_theme"": ""Kedaulatan dan kemandirian nasional"", ""total_hits"": 8, ""unique_keyword_hits"": 4, ""matched_keywords"": [{""keyword"": ""swasembada"", ""hit_count"": 5}, {""keyword"": ""pangan"", ""hit_count"": 1}, {""keyword"": ""beras"", ""hit_count"": 1}, {""keyword"": ""pertanian"", ""hit_count"": 1}]}, {""open_code_id"": ""OC013"", ""open_code_label"": ""Persatuan nasional dan kepercayaan diri bangsa"", ""axial_category"": ""Identitas nasional dan kepemimpinan"", ""selective_theme"": ""Kedaulatan dan kemandirian nasional"", ""total_hits"": 8, ""unique_keyword_hits"": 2, ""matched_keywords"": [{""keyword"": ""bangsa"", ""hit_count"": 7}, {""keyword"": ""berdiri di atas kaki"", ""hit_count"": 1}]}, {""open_code_id"": ""OC007"", ""open_code_label"": ""Reformasi birokrasi dan efisiensi negara"", ""axial_category"": ""Tata kelola pemerintahan dan rule of law"", ""selective_theme"": ""Reformasi tata kelola dan penegakan hukum"", ""total_hits"": 1, ""unique_keyword_hits"": 1, ""matched_keywords"": [{""keyword"": ""pemerintah"", ""hit_count"": 1}]}]",Kedaulatan pangan dan swasembada,Persatuan nasional dan kepercayaan diri bangsa,Reformasi birokrasi dan efisiensi negara,Ketahanan nasional dan kedaulatan strategis,Kedaulatan dan kemandirian nasional,REVIEWED,,2026-06-11T22:11:05
SPCH_002_PANEN_RAYA_CHK_011,SPCH_002_PANEN_RAYA,NASKAH-PIDATO-PRABOWO-PANEN-RAYA.txt,Panen Raya,national,1/7/2026,id,https://setkab.go.id/sambutan-presiden-republik-indonesia-pada-panen-raya-dan-pengumuman-swasembada-pangan-di-desa-kertamukti-kabupaten-karawang-provinsi-jawa-barat-rabu-7-januari-2026/,setkab.go.id,VALID_SETKAB_DOMAIN_OFFLINE,11,"""Amran itu hati-hati, amran itu kadang-kadang banyak janjinya saja.""Tetapi hari ini, Saudara-saudara sekalian, Saudara Andi Amran Sulaiman saya beri bintang jasa utama. Dia bersama kalian, jajaran kalian semua ini, semua kalian telah mengamankan masa depan bangsa Indonesia. Dan, saya percaya habis ini kita tidak akan bisa diberhentikan. Saya melihat tadi produk-produk hilirisasi, produk-produk dari pertanian luar biasa. Saudara-saudara, Nanti dengan swasembada pangan dimana-mana, tidak hanya beras tetapi jagung saya dijanjikan oleh Pak Amran, oleh Wakil Menteri Pertanian, didukung oleh TNI dan Polri, dijanjikan bahwa jagung pun kita dalam waktu dekat akan swasembada. Pakan akan murah untuk seluruh peternak dan petani, kita akan turunkan harga pakan. Kita sudah turunkan harga pupuk, kalau bisa kita turunkan lagi harga pupuk, Saudara-saudara sekalian. Saya ingin jadi presiden, saya ingin jadi presiden, prestasi saya yang saya idam-idamkan kalau saya bisa jadi presiden di mana harga-harga turun, harga pangan turun, harga pupuk turun, harga benih turun, harga untuk rakyat-rakyat kita turun terjangkau di semua bidang. Saya ingin nanti anak-anak petani kembali anak-anaknya bisa sekolah tinggi, anak-anaknya bisa jadi insinyur, anak-anaknya bisa jadi dokter, anak-anaknya bisa jadi jenderal seperti sekarang itu Menteri Pertanian-mu anaknya petani, Wakil Menteri Pertanian-mu anaknya petani, sekarang jadi Menteri dan jadi Wakil Menteri. Kalau dia itu petani asli, mereka ini, kulitnya hitam enggak ada petani yang benar kulitnya putih, yang kulitnya putih itu bintang film atau penyanyi, penyanyi band.",227,OK,Kedaulatan pangan dan swasembada,"Kesehatan, gizi, dan perlindungan sosial",Pemerataan kesejahteraan dan pengentasan kemiskinan,Ketahanan nasional dan kedaulatan strategis,Pembangunan sumber daya manusia,Kesejahteraan sosial dan pemerataan pembangunan,Kedaulatan dan kemandirian nasional,Pembangunan manusia dan keadilan sosial,Pembangunan manusia dan keadilan sosial,HIGH,"OC001=swasembada(2), pangan(2), beras(1), jagung(2), petani(6), pertanian(4) | OC005=anak(6) | OC003=rakyat(2)","[{""open_code_id"": ""OC001"", ""open_code_label"": ""Kedaulatan pangan dan swasembada"", ""axial_category"": ""Ketahanan nasional dan kedaulatan strategis"", ""selective_theme"": ""Kedaulatan dan kemandirian nasional"", ""total_hits"": 17, ""unique_keyword_hits"": 6, ""matched_keywords"": [{""keyword"": ""swasembada"", ""hit_count"": 2}, {""keyword"": ""pangan"", ""hit_count"": 2}, {""keyword"": ""beras"", ""hit_count"": 1}, {""keyword"": ""jagung"", ""hit_count"": 2}, {""keyword"": ""petani"", ""hit_count"": 6}, {""keyword"": ""pertanian"", ""hit_count"": 4}]}, {""open_code_id"": ""OC005"", ""open_code_label"": ""Kesehatan, gizi, dan perlindungan sosial"", ""axial_category"": ""Pembangunan sumber daya manusia"", ""selective_theme"": ""Pembangunan manusia dan keadilan sosial"", ""total_hits"": 6, ""unique_keyword_hits"": 1, ""matched_keywords"": [{""keyword"": ""anak"", ""hit_count"": 6}]}, {""open_code_id"": ""OC003"", ""open_code_label"": ""Pemerataan kesejahteraan dan pengentasan kemiskinan"", ""axial_category"": ""Kesejahteraan sosial dan pemerataan pembangunan"", ""selective_theme"": ""Pembangunan manusia dan keadilan sosial"", ""total_hits"": 2, ""unique_keyword_hits"": 1, ""matched_keywords"": [{""keyword"": ""rakyat"", ""hit_count"": 2}]}]",Kedaulatan pangan dan swasembada,"Kesehatan, gizi, dan perlindungan sosial",Pemerataan kesejahteraan dan pengentasan kemiskinan,Ketahanan nasional dan kedaulatan strategis,Kedaulatan dan kemandirian nasional,REVIEWED,,2026-06-11T22:11:05
SPCH_002_PANEN_RAYA_CHK_012,SPCH_002_PANEN_RAYA,NASKAH-PIDATO-PRABOWO-PANEN-RAYA.txt,Panen Raya,national,1/7/2026,id,https://setkab.go.id/sambutan-presiden-republik-indonesia-pada-panen-raya-dan-pengumuman-swasembada-pangan-di-desa-kertamukti-kabupaten-karawang-provinsi-jawa-barat-rabu-7-januari-2026/,setkab.go.id,VALID_SETKAB_DOMAIN_OFFLINE,12,"Kalau dia itu petani asli, mereka ini, kulitnya hitam enggak ada petani yang benar kulitnya putih, yang kulitnya putih itu bintang film atau penyanyi, penyanyi band. Memang Menteri Pertanian dan Wakil Menteri Pertanian ini cocok, cocok itu, kalau berjalan itu, kalau berjalan itu serasi, nomor 1 dan nomor 2, sama-sama hitam. Kalau malam gelap itu enggak kelihatan itu, hanya giginya yang kelihatan kalau senyum. Saudara-saudara, Tetapi saya bangga dengan kalian, ya. Hari ini bahagia bagi saya, bahagia, saya senang sekali. Dan, saya melihat tadi penuh harapan, penuh keyakinan. Kalau banyak tokoh nyinyir mengatakan kita tidak bisa swasembada pangan, hari ini kita buktikan kita swasembada pangan. Sekarang setelah kita swasembada pangan, saya dengar lagi, ""Oh iya, tetapi paling swasembada pangannya paling setahun, dua tahun.""Enggak apa-apa kita buktikan tiap tahun kita buktikan swasembada, swasembada, swasembada, swasembada, swasembada, swasembada, tidak hanya swasembada beras [tetapi] jagung, singkong, semuanya kita swasembada nanti, bawang putih kita harus swasembada. Saudara-saudara, Ternak, ikan, semuanya kita akan produksi besar-besaran, kita akan buka ribuan desa-desa nelayan, kita akan buka ratusan budi daya ikan. Saudara-saudara sekalian, rakyat kita, anak-anak kita harus makan protein yang banyak, dia harus tumbuh kuat, tumbuh pintar dan tumbuh menjadi masa depan Indonesia yang hebat. Saudara-saudara sekalian, Ini rencana besar kita, ini hari ini saya sungguh terima kasih, hari ini saya merasa dapat dorongan, saya merasa dapat kekuatan energi, saya merasa sepertinya menjadi 30 tahun lebih muda, karena saya melihat tadi penghasilan petani kita naik.",239,OK,Kedaulatan pangan dan swasembada,"Koperasi, desa, dan ekonomi akar rumput","Kesehatan, gizi, dan perlindungan sosial",Ketahanan nasional dan kedaulatan strategis,Transformasi ekonomi dan pembangunan produktif,Pembangunan sumber daya manusia,Kedaulatan dan kemandirian nasional,Transformasi ekonomi dan pembangunan nasional,Pembangunan manusia dan keadilan sosial,HIGH,"OC001=swasembada(13), pangan(3), beras(1), jagung(1), petani(3), pertanian(2) | OC011=desa(2), nelayan(1) | OC005=anak(2)","[{""open_code_id"": ""OC001"", ""open_code_label"": ""Kedaulatan pangan dan swasembada"", ""axial_category"": ""Ketahanan nasional dan kedaulatan strategis"", ""selective_theme"": ""Kedaulatan dan kemandirian nasional"", ""total_hits"": 23, ""unique_keyword_hits"": 6, ""matched_keywords"": [{""keyword"": ""swasembada"", ""hit_count"": 13}, {""keyword"": ""pangan"", ""hit_count"": 3}, {""keyword"": ""beras"", ""hit_count"": 1}, {""keyword"": ""jagung"", ""hit_count"": 1}, {""keyword"": ""petani"", ""hit_count"": 3}, {""keyword"": ""pertanian"", ""hit_count"": 2}]}, {""open_code_id"": ""OC011"", ""open_code_label"": ""Koperasi, desa, dan ekonomi akar rumput"", ""axial_category"": ""Transformasi ekonomi dan pembangunan produktif"", ""selective_theme"": ""Transformasi ekonomi dan pembangunan nasional"", ""total_hits"": 3, ""unique_keyword_hits"": 2, ""matched_keywords"": [{""keyword"": ""desa"", ""hit_count"": 2}, {""keyword"": ""nelayan"", ""hit_count"": 1}]}, {""open_code_id"": ""OC005"", ""open_code_label"": ""Kesehatan, gizi, dan perlindungan sosial"", ""axial_category"": ""Pembangunan sumber daya manusia"", ""selective_theme"": ""Pembangunan manusia dan keadilan sosial"", ""total_hits"": 2, ""unique_keyword_hits"": 1, ""matched_keywords"": [{""keyword"": ""anak"", ""hit_count"": 2}]}]",Kedaulatan pangan dan swasembada,"Koperasi, desa, dan ekonomi akar rumput","Kesehatan, gizi, dan perlindungan sosial",Ketahanan nasional dan kedaulatan strategis,Kedaulatan dan kemandirian nasional,REVIEWED,,2026-06-11T22:11:05
SPCH_002_PANEN_RAYA_CHK_013,SPCH_002_PANEN_RAYA,NASKAH-PIDATO-PRABOWO-PANEN-RAYA.txt,Panen Raya,national,1/7/2026,id,https://setkab.go.id/sambutan-presiden-republik-indonesia-pada-panen-raya-dan-pengumuman-swasembada-pangan-di-desa-kertamukti-kabupaten-karawang-provinsi-jawa-barat-rabu-7-januari-2026/,setkab.go.id,VALID_SETKAB_DOMAIN_OFFLINE,13,"Ini rencana besar kita, ini hari ini saya sungguh terima kasih, hari ini saya merasa dapat dorongan, saya merasa dapat kekuatan energi, saya merasa sepertinya menjadi 30 tahun lebih muda, karena saya melihat tadi penghasilan petani kita naik. Dan, saya juga dapat laporan dari Menteri Kelautan, Menteri Kelautan ada? Hasil daripada nelayan-nelayan kita juga naik dan di tahun-tahun mendatang akan lebih naik lagi. Tahun 2026 ini kita targetkan 1.100 desa nelayan, tahun-tahun depan mungkin lebih banyak lagi. Hari ini kita sudah memberi makan bergizi gratis 55 juta anak Indonesia, 55 juta dalam satu tahun, belum ada bangsa lain yang bisa seperti kita, Saudara-saudara. Walaupun terus kita dinyinyir tidak ada apa-apa, yang penting kita bekerja untuk rakyat. Tadi waktu saya datang, rakyat banyak juga yang teriak, ""Pak, desa kami belum terima MBG."" Saya minta maaf kemampuan kita tetapi insyaallah tahun 2026 ini seluruh desa di Indonesia akan menerima MBG. Sasaran kita Desember 2026 semua desa mendapatkan MBG, mudah-mudahan bisa lebih cepat tetapi Desember kita harus semua anak Indonesia dan semua ibu hamil dan semua orang tua lansia juga kita beri makan. Saya kira mungkin bangsa Indonesia adalah bangsa nanti yang terbukti mengurus rakyatnya yang sebaik-baiknya, tetapi nah ada tetapinya, tetapi para pejabat, para pemimpin, rekan-rekan saya pembantu-pembantu saya saya minta dukunganmu mari kita bersatu, mari kita kompak. Kita melawan korupsi, kita berantas penyelewengan, kita tegakkan hukum, jangan ragu-ragu, jangan ragu-ragu.",230,OK,"Kesehatan, gizi, dan perlindungan sosial",Anti-korupsi dan penegakan hukum,"Koperasi, desa, dan ekonomi akar rumput",Pembangunan sumber daya manusia,Tata kelola pemerintahan dan rule of law,Transformasi ekonomi dan pembangunan produktif,Pembangunan manusia dan keadilan sosial,Reformasi tata kelola dan penegakan hukum,Transformasi ekonomi dan pembangunan nasional,HIGH,"OC005=makan bergizi(1), mbg(3), anak(2), ibu hamil(1), lansia(1) | OC006=korupsi(1), hukum(1), penyelewengan(1) | OC011=desa(4), nelayan(3)","[{""open_code_id"": ""OC005"", ""open_code_label"": ""Kesehatan, gizi, dan perlindungan sosial"", ""axial_category"": ""Pembangunan sumber daya manusia"", ""selective_theme"": ""Pembangunan manusia dan keadilan sosial"", ""total_hits"": 8, ""unique_keyword_hits"": 5, ""matched_keywords"": [{""keyword"": ""makan bergizi"", ""hit_count"": 1}, {""keyword"": ""mbg"", ""hit_count"": 3}, {""keyword"": ""anak"", ""hit_count"": 2}, {""keyword"": ""ibu hamil"", ""hit_count"": 1}, {""keyword"": ""lansia"", ""hit_count"": 1}]}, {""open_code_id"": ""OC006"", ""open_code_label"": ""Anti-korupsi dan penegakan hukum"", ""axial_category"": ""Tata kelola pemerintahan dan rule of law"", ""selective_theme"": ""Reformasi tata kelola dan penegakan hukum"", ""total_hits"": 3, ""unique_keyword_hits"": 3, ""matched_keywords"": [{""keyword"": ""korupsi"", ""hit_count"": 1}, {""keyword"": ""hukum"", ""hit_count"": 1}, {""keyword"": ""penyelewengan"", ""hit_count"": 1}]}, {""open_code_id"": ""OC011"", ""open_code_label"": ""Koperasi, desa, dan ekonomi akar rumput"", ""axial_category"": ""Transformasi ekonomi dan pembangunan produktif"", ""selective_theme"": ""Transformasi ekonomi dan pembangunan nasional"", ""total_hits"": 7, ""unique_keyword_hits"": 2, ""matched_keywords"": [{""keyword"": ""desa"", ""hit_count"": 4}, {""keyword"": ""nelayan"", ""hit_count"": 3}]}]","Kesehatan, gizi, dan perlindungan sosial",Anti-korupsi dan penegakan hukum,"Koperasi, desa, dan ekonomi akar rumput",Pembangunan sumber daya manusia,Pembangunan manusia dan keadilan sosial,REVIEWED,,2026-06-11T22:11:05
SPCH_002_PANEN_RAYA_CHK_014,SPCH_002_PANEN_RAYA,NASKAH-PIDATO-PRABOWO-PANEN-RAYA.txt,Panen Raya,national,1/7/2026,id,https://setkab.go.id/sambutan-presiden-republik-indonesia-pada-panen-raya-dan-pengumuman-swasembada-pangan-di-desa-kertamukti-kabupaten-karawang-provinsi-jawa-barat-rabu-7-januari-2026/,setkab.go.id,VALID_SETKAB_DOMAIN_OFFLINE,14,"Kita melawan korupsi, kita berantas penyelewengan, kita tegakkan hukum, jangan ragu-ragu, jangan ragu-ragu. Kita sudah mengawasi, sudah sita 4 juta hektare kebun kelapa sawit yang melanggar hukum sudah kita sita. Jampidsus benar? Jaksa Agung? Dan, tahun 2026 mungkin kita akan sita tambahan 4 atau 5 juta lagi. Kita sudah bertindak terhadap ratusan tambang ilegal, sudah ratusan triliun kita selamatkan, masih banyak yang bocor, terus kita kerja. Karena, Saudara-saudara, uang rakyat harus benar-benar harus dinikmati oleh seluruh rakyat Indonesia. Tidak boleh sepeser rupiah pun tidak sampai ke rakyat. Ini tekad saya sebagai presiden yang dilantik dan dipilih oleh rakyat, ini tugas Kabinet Merah Putih. Alhamdulillah, setelah satu tahun saya melihat kabinet yang saya pimpin bekerja saya bangga. Kerja sama kita cukup baik, kita sudah menjadi tim yang tidak menunggu perintah sudah mengerti, ibarat tim sepak bola masing-masing sudah mengerti tugasnya, yang striker, yang di tengah, yang bertahan, yang cadangan pun tahu menjadi cadangan yang baik, pada saatnya akan dimainkan. Saudara-saudara sekalian, Saya kira cukup yang ingin saya sampaikan, terima kasih. Hanya itu yang bisa saya sampaikan, tadi Menteri Pertanian [mengatakan], ""Terima kasih, terima kasih, terima kasih"", beliau sudah mewakili saya, tetapi saya sampaikan penghargaan terima kasih kepada saya secara garis besar kepada semua, semua Gubernur, semua Bupati, semua pemimpin, saya tidak mandang partai mana, kelompok mana, tidak ada. Saya ndak tanya, saya enggak mau tahu, kita semua putra merah putih, kita semua anak bangsa Indonesia.",234,OK,Anti-korupsi dan penegakan hukum,Persatuan nasional dan kepercayaan diri bangsa,Pemerataan kesejahteraan dan pengentasan kemiskinan,Tata kelola pemerintahan dan rule of law,Identitas nasional dan kepemimpinan,Kesejahteraan sosial dan pemerataan pembangunan,Reformasi tata kelola dan penegakan hukum,Kedaulatan dan kemandirian nasional,Pembangunan manusia dan keadilan sosial,HIGH,"OC006=korupsi(1), hukum(2), ilegal(1), tambang ilegal(1), penyelewengan(1) | OC013=bangsa(1), merah putih(2) | OC003=rakyat(4)","[{""open_code_id"": ""OC006"", ""open_code_label"": ""Anti-korupsi dan penegakan hukum"", ""axial_category"": ""Tata kelola pemerintahan dan rule of law"", ""selective_theme"": ""Reformasi tata kelola dan penegakan hukum"", ""total_hits"": 6, ""unique_keyword_hits"": 5, ""matched_keywords"": [{""keyword"": ""korupsi"", ""hit_count"": 1}, {""keyword"": ""hukum"", ""hit_count"": 2}, {""keyword"": ""ilegal"", ""hit_count"": 1}, {""keyword"": ""tambang ilegal"", ""hit_count"": 1}, {""keyword"": ""penyelewengan"", ""hit_count"": 1}]}, {""open_code_id"": ""OC013"", ""open_code_label"": ""Persatuan nasional dan kepercayaan diri bangsa"", ""axial_category"": ""Identitas nasional dan kepemimpinan"", ""selective_theme"": ""Kedaulatan dan kemandirian nasional"", ""total_hits"": 3, ""unique_keyword_hits"": 2, ""matched_keywords"": [{""keyword"": ""bangsa"", ""hit_count"": 1}, {""keyword"": ""merah putih"", ""hit_count"": 2}]}, {""open_code_id"": ""OC003"", ""open_code_label"": ""Pemerataan kesejahteraan dan pengentasan kemiskinan"", ""axial_category"": ""Kesejahteraan sosial dan pemerataan pembangunan"", ""selective_theme"": ""Pembangunan manusia dan keadilan sosial"", ""total_hits"": 4, ""unique_keyword_hits"": 1, ""matched_keywords"": [{""keyword"": ""rakyat"", ""hit_count"": 4}]}]",Anti-korupsi dan penegakan hukum,Persatuan nasional dan kepercayaan diri bangsa,Pemerataan kesejahteraan dan pengentasan kemiskinan,Tata kelola pemerintahan dan rule of law,Reformasi tata kelola dan penegakan hukum,REVIEWED,,2026-06-11T22:11:05
SPCH_002_PANEN_RAYA_CHK_015,SPCH_002_PANEN_RAYA,NASKAH-PIDATO-PRABOWO-PANEN-RAYA.txt,Panen Raya,national,1/7/2026,id,https://setkab.go.id/sambutan-presiden-republik-indonesia-pada-panen-raya-dan-pengumuman-swasembada-pangan-di-desa-kertamukti-kabupaten-karawang-provinsi-jawa-barat-rabu-7-januari-2026/,setkab.go.id,VALID_SETKAB_DOMAIN_OFFLINE,15,"Saya ndak tanya, saya enggak mau tahu, kita semua putra merah putih, kita semua anak bangsa Indonesia. Persaingan baik, enggak ada urusan, bertanding bagus, masa mau bertanding, enggak ada lawan tanding, enggak seru dong, benar. Kita mau lomba 100 meter, lari sendiri enggak ada lawannya, enggak lucu itu, ya kan? Itu dagelan namanya itu. Enggak apa-apa, tetapi bersaing tujuannya sama, begitu siapapun yang menang harus bekerja, harus membela rakyat, harus bekerja sesungguhnya untuk rakyat Indonesia. Jangan berkuasa habis itu menjual diri, iya kan? Aku satu tahun saja jadi Presiden geleng-geleng kepala juga saya, berapa kali saya mau disogok, bolak-balik datang minta ini, minta itu. Tegakkan peraturan, tegakkan sesuai dengan kepentingan dan negara, saya ndak ikut yang lain-lain. Kemarin, saya dikasih daftar. Pak, ini daftar sekian puluh perusahaan yang melanggar yang mau dicabut izinnya, silakan Bapak pelajari. Saya bilang, ""Saya enggak mau, saya enggak mau lihat itu, karena saya takut ada teman saya di situ."" Iya kan?"" Enggak enak, bisa terpengaruh saya. Begitu lihat daftar, oh teman saya, begitu lihat eh ini Gerindra lagi. Jadi lebih baik saya enggak lihat, saya enggak mau tahu. Jadi kalau yang dicabut ya salahkan saja Jaksa Agung, iya kan? Memang kalian Menteri-menteri kalian diangkat iya kan, kalian diangkat untuk ya untuk dihujat, enggak apa-apa. Saya enggak mau baca karena saya tidak mau terpengaruh. Kemarin ada Menteri [mengatakan], ""Pak, pak, tolong di baca ini Pak, ini ada nama-namanya."" Eh, jangan-jangan.",234,OK,Persatuan nasional dan kepercayaan diri bangsa,Pemerataan kesejahteraan dan pengentasan kemiskinan,"Kesehatan, gizi, dan perlindungan sosial",Identitas nasional dan kepemimpinan,Kesejahteraan sosial dan pemerataan pembangunan,Pembangunan sumber daya manusia,Kedaulatan dan kemandirian nasional,Pembangunan manusia dan keadilan sosial,Pembangunan manusia dan keadilan sosial,MEDIUM,"OC013=bangsa(1), merah putih(1) | OC003=rakyat(2) | OC005=anak(1)","[{""open_code_id"": ""OC013"", ""open_code_label"": ""Persatuan nasional dan kepercayaan diri bangsa"", ""axial_category"": ""Identitas nasional dan kepemimpinan"", ""selective_theme"": ""Kedaulatan dan kemandirian nasional"", ""total_hits"": 2, ""unique_keyword_hits"": 2, ""matched_keywords"": [{""keyword"": ""bangsa"", ""hit_count"": 1}, {""keyword"": ""merah putih"", ""hit_count"": 1}]}, {""open_code_id"": ""OC003"", ""open_code_label"": ""Pemerataan kesejahteraan dan pengentasan kemiskinan"", ""axial_category"": ""Kesejahteraan sosial dan pemerataan pembangunan"", ""selective_theme"": ""Pembangunan manusia dan keadilan sosial"", ""total_hits"": 2, ""unique_keyword_hits"": 1, ""matched_keywords"": [{""keyword"": ""rakyat"", ""hit_count"": 2}]}, {""open_code_id"": ""OC005"", ""open_code_label"": ""Kesehatan, gizi, dan perlindungan sosial"", ""axial_category"": ""Pembangunan sumber daya manusia"", ""selective_theme"": ""Pembangunan manusia dan keadilan sosial"", ""total_hits"": 1, ""unique_keyword_hits"": 1, ""matched_keywords"": [{""keyword"": ""anak"", ""hit_count"": 1}]}]",Persatuan nasional dan kepercayaan diri bangsa,Pemerataan kesejahteraan dan pengentasan kemiskinan,"Kesehatan, gizi, dan perlindungan sosial",Identitas nasional dan kepemimpinan,Kedaulatan dan kemandirian nasional,REVIEWED,,2026-06-11T22:11:05
SPCH_002_PANEN_RAYA_CHK_016,SPCH_002_PANEN_RAYA,NASKAH-PIDATO-PRABOWO-PANEN-RAYA.txt,Panen Raya,national,1/7/2026,id,https://setkab.go.id/sambutan-presiden-republik-indonesia-pada-panen-raya-dan-pengumuman-swasembada-pangan-di-desa-kertamukti-kabupaten-karawang-provinsi-jawa-barat-rabu-7-januari-2026/,setkab.go.id,VALID_SETKAB_DOMAIN_OFFLINE,16,"Kemarin ada Menteri [mengatakan], ""Pak, pak, tolong di baca ini Pak, ini ada nama-namanya."" Eh, jangan-jangan. Saya takut ada teman saya di situ atau ada anggota Gerindra, kalau sekarang saya bilang saya enggak tahu, saya serahkan ke aparat penegak hukum. Mereka tanya ""Pak, apa petunjuk?"", yang melanggar tindak, sederhana. Bahasa Indonesia enggak usah ditafsirkan. Undang-Undang Dasar 1945 Pasal 33 jelas, enggak usah ada penerjemah: Bumi dan air dan semua kekayaan yang terkandung didalamnya dikuasai negara dan dipergunakan sebesar-besarnya untuk kemakmuran rakyat. Apa yang kurang jelas? Yang tidak paham keluar saja dari jabatan, segera mengundurkan diri, banyak yang bisa gantikan Saudara-saudara ya. Enggak usah takut. Anak-anak muda yang baik-baik itu mau berjuang untuk kebaikan. Jadi, Saudara-saudara, terima kasih pengabdianmu. Prestasi luar biasa ini membuat kita tambah percaya dari hasil menuju hasil, dari kemenangan menuju kemenangan-kemenangan baru. Kepercayaan diri kita mampu, Indonesia mampu, Indonesia cerah, Indonesia semangat, Indonesia makmur dan kemakmuran harus sungguh di tangan rakyat Indonesia. Saudara-saudara sekalian, Saya ini mantan tentara, prajurit, di tentara ada adab tentara, kebiasaan tentara, yaitu bawahan hormat atasan, itu, itu di Indonesia saja. Di beberapa negara, atasan dan bawahan hormat bersamaan. Tetapi, saya punya dari sejak muda saya memimpin pasukan tempur, saya punya kebiasaan. Kadang-kadang saya memimpin pasukan saya dengan keras, tapi akhirnya mendapat keberhasilan dan akhirnya saya menjadi kagum dan bangga dengan anak buah saya, dan akhirnya saya yang hormat mereka duluan.",228,OK,"Kesehatan, gizi, dan perlindungan sosial",Pemerataan kesejahteraan dan pengentasan kemiskinan,Anti-korupsi dan penegakan hukum,Pembangunan sumber daya manusia,Kesejahteraan sosial dan pemerataan pembangunan,Tata kelola pemerintahan dan rule of law,Pembangunan manusia dan keadilan sosial,Pembangunan manusia dan keadilan sosial,Reformasi tata kelola dan penegakan hukum,MEDIUM,OC005=anak(3) | OC003=rakyat(2) | OC006=hukum(1),"[{""open_code_id"": ""OC005"", ""open_code_label"": ""Kesehatan, gizi, dan perlindungan sosial"", ""axial_category"": ""Pembangunan sumber daya manusia"", ""selective_theme"": ""Pembangunan manusia dan keadilan sosial"", ""total_hits"": 3, ""unique_keyword_hits"": 1, ""matched_keywords"": [{""keyword"": ""anak"", ""hit_count"": 3}]}, {""open_code_id"": ""OC003"", ""open_code_label"": ""Pemerataan kesejahteraan dan pengentasan kemiskinan"", ""axial_category"": ""Kesejahteraan sosial dan pemerataan pembangunan"", ""selective_theme"": ""Pembangunan manusia dan keadilan sosial"", ""total_hits"": 2, ""unique_keyword_hits"": 1, ""matched_keywords"": [{""keyword"": ""rakyat"", ""hit_count"": 2}]}, {""open_code_id"": ""OC006"", ""open_code_label"": ""Anti-korupsi dan penegakan hukum"", ""axial_category"": ""Tata kelola pemerintahan dan rule of law"", ""selective_theme"": ""Reformasi tata kelola dan penegakan hukum"", ""total_hits"": 1, ""unique_keyword_hits"": 1, ""matched_keywords"": [{""keyword"": ""hukum"", ""hit_count"": 1}]}]","Kesehatan, gizi, dan perlindungan sosial",Pemerataan kesejahteraan dan pengentasan kemiskinan,Anti-korupsi dan penegakan hukum,Pembangunan sumber daya manusia,Pembangunan manusia dan keadilan sosial,REVIEWED,,2026-06-11T22:11:05
SPCH_002_PANEN_RAYA_CHK_017,SPCH_002_PANEN_RAYA,NASKAH-PIDATO-PRABOWO-PANEN-RAYA.txt,Panen Raya,national,1/7/2026,id,https://setkab.go.id/sambutan-presiden-republik-indonesia-pada-panen-raya-dan-pengumuman-swasembada-pangan-di-desa-kertamukti-kabupaten-karawang-provinsi-jawa-barat-rabu-7-januari-2026/,setkab.go.id,VALID_SETKAB_DOMAIN_OFFLINE,17,"Kadang-kadang saya memimpin pasukan saya dengan keras, tapi akhirnya mendapat keberhasilan dan akhirnya saya menjadi kagum dan bangga dengan anak buah saya, dan akhirnya saya yang hormat mereka duluan. Saudara-saudara sekalian, Izinkanlah saya mengikuti naluri saya, mengikuti kebiasaan saya dari sejak muda. Izinkan saya hormat kepada seluruh dari kalian yang telah berjuang mengabdi sehingga kita swasembada pangan. Terima kasih. Wassalamu'alaikum warahmatullahi wabarakatuh. Salam sejahtera bagi kita sekalian, Syalom, Salve, Om santi santi santi om, Namo Buddhaya, Salam kebajikan. Merdeka! Merdeka! Merdeka! Hidup Petani! Petani Makmur! Indonesia Sejahtera ! Indonesia Maju! Terima kasih. Selamat Berjuang! Dengan mengucap bismillahirrahmanirrahim, pada pagi hari ini, hari Rabu tanggal 7 Januari 2026, saya Prabowo Subianto, Presiden Republik Indonesia, dengan ini mengumumkan telah tercapainya swasembada pangan tahun 2025 bagi seluruh bangsa Indonesia. Terima kasih.",127,OK,Kedaulatan pangan dan swasembada,Persatuan nasional dan kepercayaan diri bangsa,"Kesehatan, gizi, dan perlindungan sosial",Ketahanan nasional dan kedaulatan strategis,Identitas nasional dan kepemimpinan,Pembangunan sumber daya manusia,Kedaulatan dan kemandirian nasional,Kedaulatan dan kemandirian nasional,Pembangunan manusia dan keadilan sosial,HIGH,"OC001=swasembada(2), pangan(2), petani(2) | OC013=bangsa(1) | OC005=anak(1)","[{""open_code_id"": ""OC001"", ""open_code_label"": ""Kedaulatan pangan dan swasembada"", ""axial_category"": ""Ketahanan nasional dan kedaulatan strategis"", ""selective_theme"": ""Kedaulatan dan kemandirian nasional"", ""total_hits"": 6, ""unique_keyword_hits"": 3, ""matched_keywords"": [{""keyword"": ""swasembada"", ""hit_count"": 2}, {""keyword"": ""pangan"", ""hit_count"": 2}, {""keyword"": ""petani"", ""hit_count"": 2}]}, {""open_code_id"": ""OC013"", ""open_code_label"": ""Persatuan nasional dan kepercayaan diri bangsa"", ""axial_category"": ""Identitas nasional dan kepemimpinan"", ""selective_theme"": ""Kedaulatan dan kemandirian nasional"", ""total_hits"": 1, ""unique_keyword_hits"": 1, ""matched_keywords"": [{""keyword"": ""bangsa"", ""hit_count"": 1}]}, {""open_code_id"": ""OC005"", ""open_code_label"": ""Kesehatan, gizi, dan perlindungan sosial"", ""axial_category"": ""Pembangunan sumber daya manusia"", ""selective_theme"": ""Pembangunan manusia dan keadilan sosial"", ""total_hits"": 1, ""unique_keyword_hits"": 1, ""matched_keywords"": [{""keyword"": ""anak"", ""hit_count"": 1}]}]",Kedaulatan pangan dan swasembada,Persatuan nasional dan kepercayaan diri bangsa,"Kesehatan, gizi, dan perlindungan sosial",Ketahanan nasional dan kedaulatan strategis,Kedaulatan dan kemandirian nasional,REVIEWED,,2026-06-11T22:11:05
SPCH_003_PERESMIAN_INFRASTRUKTUR_ENERGI_CHK_001,SPCH_003_PERESMIAN_INFRASTRUKTUR_ENERGI,NASKAH-PIDATO-PRABOWO-PERESMIAN-INFRASTRUKTUR-ENERGI.txt,Peresmian Infrastruktur Energi,national,,id,,,MISSING_SOURCE_URL,1,"Bismillahirrahmanirrahim. Assalamu'alaikum warahmatullahi wabarakatuh, Selamat sore, Salam sejahtera bagi kita sekalian, Syalom, Salve, Om swastiastu, Namo Buddhaya, Salam kebajikan. Yang saya hormati Menteri Energi dan Sumber Daya Mineral (ESDM) Saudara Bahlil Lahadalia, Direktur Utama PT Pertamina Saudara Simon Aloysius Mantiri beserta jajaran direksi Pertamina, Komisaris Utama PT Pertamina Mochamad Iriawan dengan semua jajaran komisaris yang hadir, Ketua Badan Pemeriksa Keuangan Republik Indonesia Saudari Isma Yatun yang saya hormati. Para Ketua Komisi DPR RI: Ketua Komisi VI Saudari Anggia Erma Rini beserta jajaran Komisi VI yang hadir, Ketua Komisi XII Saudara Bambang Patijaya beserta jajaran Komisi XII yang hadir; Para Menteri dan Wakil Menteri Kabinet Merah Putih yang hadir. Menko Infrastruktur dan Pembangunan Kewilayahan Saudara Agus Harimurti Yudhoyono, Menteri Luar Negeri Saudara Sugiono, Menteri Sekretaris Negara Saudara Prasetyo Hadi, Panglima Tentara Nasional Indonesia Jenderal TNI Agus Subiyanto, Kapolri Jenderal Polisi Listyo Sigit Prabowo, Kepala Badan Pengendalian Pembangunan dan Investigasi Khusus Saudara Aris Marsudiyanto, Sekretaris Kabinet RI Letnan Kolonel Infantri Teddy Indra Wijaya, Kepala Badan Komunikasi Pemerintah Saudara Angga Raka Prabowo, Wakil Menteri Investasi Saudara Todotua Pasaribu. Coba dicatat, tidak hadir. Yang saya hormati Gubernur Kalimantan Timur Saudara Rudy Mas'ud beserta Forkopimda (Forum Koordinasi Pimpinan Daerah) Provinsi Kalimantan Timur. Saya lihat hadir Panglima, Pangdam (Panglima Komando Daerah Militer), Kapolda juga hadir dengan anggota, Kepala Kejaksaan, dan anggota Forkopimda yang lain. Wali Kota Balikpapan, tadi Saudara Rudy adalah Gubernur, Saudara Rahmad Wali Kota.",230,OK,Kedaulatan energi dan pengelolaan sumber daya,Reformasi birokrasi dan efisiensi negara,Persatuan nasional dan kepercayaan diri bangsa,Ketahanan nasional dan kedaulatan strategis,Tata kelola pemerintahan dan rule of law,Identitas nasional dan kepemimpinan,Kedaulatan dan kemandirian nasional,Reformasi tata kelola dan penegakan hukum,Kedaulatan dan kemandirian nasional,HIGH,"OC002=energi(1), pertamina(3), esdm(1) | OC007=kabinet(2), pemerintah(1) | OC013=merah putih(1)","[{""open_code_id"": ""OC002"", ""open_code_label"": ""Kedaulatan energi dan pengelolaan sumber daya"", ""axial_category"": ""Ketahanan nasional dan kedaulatan strategis"", ""selective_theme"": ""Kedaulatan dan kemandirian nasional"", ""total_hits"": 5, ""unique_keyword_hits"": 3, ""matched_keywords"": [{""keyword"": ""energi"", ""hit_count"": 1}, {""keyword"": ""pertamina"", ""hit_count"": 3}, {""keyword"": ""esdm"", ""hit_count"": 1}]}, {""open_code_id"": ""OC007"", ""open_code_label"": ""Reformasi birokrasi dan efisiensi negara"", ""axial_category"": ""Tata kelola pemerintahan dan rule of law"", ""selective_theme"": ""Reformasi tata kelola dan penegakan hukum"", ""total_hits"": 3, ""unique_keyword_hits"": 2, ""matched_keywords"": [{""keyword"": ""kabinet"", ""hit_count"": 2}, {""keyword"": ""pemerintah"", ""hit_count"": 1}]}, {""open_code_id"": ""OC013"", ""open_code_label"": ""Persatuan nasional dan kepercayaan diri bangsa"", ""axial_category"": ""Identitas nasional dan kepemimpinan"", ""selective_theme"": ""Kedaulatan dan kemandirian nasional"", ""total_hits"": 1, ""unique_keyword_hits"": 1, ""matched_keywords"": [{""keyword"": ""merah putih"", ""hit_count"": 1}]}]",Kedaulatan energi dan pengelolaan sumber daya,Reformasi birokrasi dan efisiensi negara,Persatuan nasional dan kepercayaan diri bangsa,Ketahanan nasional dan kedaulatan strategis,Kedaulatan dan kemandirian nasional,REVIEWED,,2026-06-11T22:11:05
SPCH_003_PERESMIAN_INFRASTRUKTUR_ENERGI_CHK_002,SPCH_003_PERESMIAN_INFRASTRUKTUR_ENERGI,NASKAH-PIDATO-PRABOWO-PERESMIAN-INFRASTRUKTUR-ENERGI.txt,Peresmian Infrastruktur Energi,national,,id,,,MISSING_SOURCE_URL,2,"Wali Kota Balikpapan, tadi Saudara Rudy adalah Gubernur, Saudara Rahmad Wali Kota. Ini saudara ini? Kakak adik? Kakak adik, ya. Tidak apa-apa asal dipilih benar, ya. Wakil Gubernur hadir? Wakil Gubernur? Ini soalnya orang Gerindra di sini ini. Jangan Golkar saja. Friend, friend, kita friend. Hadir juga saya dicatat di sini Sultan Kutai Kartanegara Ing Martadipura Sultan Aji Muhammad Arifin. Hadir? Yang Mulia. Sultan, kok, ditaruh di belakang? Di depan. Yang saya hormati dan banggakan para tokoh masyarakat, tokoh agama, serta seluruh hadirin undangan, rekan-rekan pers dan media yang turut hadir. Saudara-saudara sekalian, Tentunya kita selalu memanjatkan puji syukur ke hadirat Tuhan Mahabesar, Mahakuasa, yang memiliki sekalian alam, hanya kepadaNya lah kita berdoa dan hanya kepadaNya lah kita meminta pertolongan. Kita bersyukur atas segala karunia, kebaikan, kedamaian yang masih diberikan kepada kita, atas segala kesehatan diberikan kepada kita sehingga kita dapat berkumpul di sore hari ini untuk melaksanakan suatu acara yang bersejarah, yaitu Peresmian Infrastruktur Energi Terintegrasi Pertamina Refinery Development Master Plan (RDMP) Balikpapan. Tadi kita sudah disebut bahwa acara seperti ini pernah dilakukan tahun '94, berarti 32 tahun yang lalu. Ya, lumayan, ya, cukup bersejarah. Tentunya saya menyambut bahagia dan merasa sangat bangga atas yang kita hasilkan hari ini dengan peresmian ini, dan saya ucapkan terima kasih kepada semua unsur, semua pihak, semua jajaran personalia yang bekerja keras sehingga kita berhasil mencapai hal ini.",225,OK,Kedaulatan energi dan pengelolaan sumber daya,"Kesehatan, gizi, dan perlindungan sosial",,Ketahanan nasional dan kedaulatan strategis,Pembangunan sumber daya manusia,,Kedaulatan dan kemandirian nasional,Pembangunan manusia dan keadilan sosial,,HIGH,"OC002=energi(1), pertamina(1), refinery(1) | OC005=kesehatan(1)","[{""open_code_id"": ""OC002"", ""open_code_label"": ""Kedaulatan energi dan pengelolaan sumber daya"", ""axial_category"": ""Ketahanan nasional dan kedaulatan strategis"", ""selective_theme"": ""Kedaulatan dan kemandirian nasional"", ""total_hits"": 3, ""unique_keyword_hits"": 3, ""matched_keywords"": [{""keyword"": ""energi"", ""hit_count"": 1}, {""keyword"": ""pertamina"", ""hit_count"": 1}, {""keyword"": ""refinery"", ""hit_count"": 1}]}, {""open_code_id"": ""OC005"", ""open_code_label"": ""Kesehatan, gizi, dan perlindungan sosial"", ""axial_category"": ""Pembangunan sumber daya manusia"", ""selective_theme"": ""Pembangunan manusia dan keadilan sosial"", ""total_hits"": 1, ""unique_keyword_hits"": 1, ""matched_keywords"": [{""keyword"": ""kesehatan"", ""hit_count"": 1}]}]",Kedaulatan energi dan pengelolaan sumber daya,"Kesehatan, gizi, dan perlindungan sosial",,Ketahanan nasional dan kedaulatan strategis,Kedaulatan dan kemandirian nasional,REVIEWED,,2026-06-11T22:11:06
SPCH_003_PERESMIAN_INFRASTRUKTUR_ENERGI_CHK_003,SPCH_003_PERESMIAN_INFRASTRUKTUR_ENERGI,NASKAH-PIDATO-PRABOWO-PERESMIAN-INFRASTRUKTUR-ENERGI.txt,Peresmian Infrastruktur Energi,national,,id,,,MISSING_SOURCE_URL,3,"Tentunya saya menyambut bahagia dan merasa sangat bangga atas yang kita hasilkan hari ini dengan peresmian ini, dan saya ucapkan terima kasih kepada semua unsur, semua pihak, semua jajaran personalia yang bekerja keras sehingga kita berhasil mencapai hal ini. Para insinyur, para pekerja, aparat keamanan, pemerintah daerah, manajemen, dan masyarakat Balikpapan serta Kalimantan Timur. Ini adalah prestasi yang sangat penting bagi negara dan bangsa. Kita mengerti bahwa peradaban modern itu tergantung hal-hal yang esensial bagi berdirinya sebuah negara merdeka. Tentunya pertama, negara merdeka harus bisa menghasilkan pangannya sendiri. Ini sangat mendasar. Tidak masuk akal suatu negara ingin merdeka kalau tergantung makan dari luar negara tersebut, dan ini harus kita yakini. Yang kedua, selain pangan, energi juga harus bisa kita hasilkan sendiri. Dan, alhamdulillah sebenarnya bangsa Indonesia dibeli karunia yang luar biasa dari Yang Maha Kuasa, kita punya sumber-sumber energi yang sangat besar. Cadangan batu bara kita salah satu yang terbesar di dunia. Kita juga punya kemampuan menghasilkan energi dari tanaman, dari kelapa sawit kita bisa hasilkan solar, diesel, biodiesel. Dari, dari batu bara kita bisa hasilkan gas, kita juga bisa hasilkan bensin, kita bisa hasilkan produk-produk energi lainnya. Kita bisa produksi DMA (dimetilasetamida) yang merupakan bisa menggantikan impor LPG kita dari luar. Kita juga punya geotermal terbesar di dunia yang belum kita manfaatkan secara maksimal. Juga kemampuan kita di energi dari air dan juga, Saudara-saudara, ke depan kita juga akan mengembangkan tenaga surya dengan panel-panel kita akan elektrifikasi sehingga kita sungguh-sungguh dapat menghasilkan energi kita sendiri.",246,OK,Kedaulatan energi dan pengelolaan sumber daya,Persatuan nasional dan kepercayaan diri bangsa,Reformasi birokrasi dan efisiensi negara,Ketahanan nasional dan kedaulatan strategis,Identitas nasional dan kepemimpinan,Tata kelola pemerintahan dan rule of law,Kedaulatan dan kemandirian nasional,Kedaulatan dan kemandirian nasional,Reformasi tata kelola dan penegakan hukum,HIGH,"OC002=energi(6), biodiesel(1), solar(1), gas(1) | OC013=bangsa(2) | OC007=pemerintah(1)","[{""open_code_id"": ""OC002"", ""open_code_label"": ""Kedaulatan energi dan pengelolaan sumber daya"", ""axial_category"": ""Ketahanan nasional dan kedaulatan strategis"", ""selective_theme"": ""Kedaulatan dan kemandirian nasional"", ""total_hits"": 9, ""unique_keyword_hits"": 4, ""matched_keywords"": [{""keyword"": ""energi"", ""hit_count"": 6}, {""keyword"": ""biodiesel"", ""hit_count"": 1}, {""keyword"": ""solar"", ""hit_count"": 1}, {""keyword"": ""gas"", ""hit_count"": 1}]}, {""open_code_id"": ""OC013"", ""open_code_label"": ""Persatuan nasional dan kepercayaan diri bangsa"", ""axial_category"": ""Identitas nasional dan kepemimpinan"", ""selective_theme"": ""Kedaulatan dan kemandirian nasional"", ""total_hits"": 2, ""unique_keyword_hits"": 1, ""matched_keywords"": [{""keyword"": ""bangsa"", ""hit_count"": 2}]}, {""open_code_id"": ""OC007"", ""open_code_label"": ""Reformasi birokrasi dan efisiensi negara"", ""axial_category"": ""Tata kelola pemerintahan dan rule of law"", ""selective_theme"": ""Reformasi tata kelola dan penegakan hukum"", ""total_hits"": 1, ""unique_keyword_hits"": 1, ""matched_keywords"": [{""keyword"": ""pemerintah"", ""hit_count"": 1}]}]",Kedaulatan energi dan pengelolaan sumber daya,Persatuan nasional dan kepercayaan diri bangsa,Reformasi birokrasi dan efisiensi negara,Ketahanan nasional dan kedaulatan strategis,Kedaulatan dan kemandirian nasional,REVIEWED,,2026-06-11T22:11:06
SPCH_003_PERESMIAN_INFRASTRUKTUR_ENERGI_CHK_004,SPCH_003_PERESMIAN_INFRASTRUKTUR_ENERGI,NASKAH-PIDATO-PRABOWO-PERESMIAN-INFRASTRUKTUR-ENERGI.txt,Peresmian Infrastruktur Energi,national,,id,,,MISSING_SOURCE_URL,4,"Juga kemampuan kita di energi dari air dan juga, Saudara-saudara, ke depan kita juga akan mengembangkan tenaga surya dengan panel-panel kita akan elektrifikasi sehingga kita sungguh-sungguh dapat menghasilkan energi kita sendiri. Tidak perlu kita impor energi dari luar. Ini sasaran kita. Kita harapkan dalam lima tahun kita bisa mencapai ini, tapi tidak ada masalah kalau tidak lima tahun, tahun keenam, kalau tidak tahun keenam, tahun ketujuh, yang penting kita harus menuju ke situ. Tapi, siapa tahu dengan kerja keras kita bisa menghasilkan lebih cepat. Sebagai contoh, waktu saya mengambil alih kepimpinan nasional setelah saya menerima mandat dari rakyat, saya dilantik tanggal 20 Oktober, saya beri target kepada tim saya untuk swasembada beras dalam waktu empat tahun. Ternyata kita berhasil dalam satu tahun. Ini sesuatu yang tidak diduga-duga oleh siapapun. Ini hasil kerja keras daripada tim kita. Dari sinergi kabinet yang saya pimpin. K/L-K/L (kementerian/lembaga) bekerja sama, semuanya. Kita memangkas regulasi yang tidak masuk akal. Dulu pupuk sulit, langka, para petani menjerit. Pabrik pupuk milik negara. Pupuk kita subsidi, tetapi sampai ke petani sangat sulit. Waktu itu ada 145 peraturan, 145 peraturan. Ada 11 K/L yang harus menyetujui, harus juga tanda tangan gubernur dan bupati. Jadi dari pabrik sampai ke petani mungkin dibutuhkan 13 tanda tangan. Bayangkan. Kita hilangkan itu semua, 145 peraturan kita hapus, dan sekarang tidak perlu 13 tanda tangan.",225,OK,Kedaulatan pangan dan swasembada,Reformasi birokrasi dan efisiensi negara,Kedaulatan energi dan pengelolaan sumber daya,Ketahanan nasional dan kedaulatan strategis,Tata kelola pemerintahan dan rule of law,Ketahanan nasional dan kedaulatan strategis,Kedaulatan dan kemandirian nasional,Reformasi tata kelola dan penegakan hukum,Kedaulatan dan kemandirian nasional,HIGH,"OC001=swasembada(1), beras(1), petani(3) | OC007=regulasi(1), kabinet(1) | OC002=energi(3)","[{""open_code_id"": ""OC001"", ""open_code_label"": ""Kedaulatan pangan dan swasembada"", ""axial_category"": ""Ketahanan nasional dan kedaulatan strategis"", ""selective_theme"": ""Kedaulatan dan kemandirian nasional"", ""total_hits"": 5, ""unique_keyword_hits"": 3, ""matched_keywords"": [{""keyword"": ""swasembada"", ""hit_count"": 1}, {""keyword"": ""beras"", ""hit_count"": 1}, {""keyword"": ""petani"", ""hit_count"": 3}]}, {""open_code_id"": ""OC007"", ""open_code_label"": ""Reformasi birokrasi dan efisiensi negara"", ""axial_category"": ""Tata kelola pemerintahan dan rule of law"", ""selective_theme"": ""Reformasi tata kelola dan penegakan hukum"", ""total_hits"": 2, ""unique_keyword_hits"": 2, ""matched_keywords"": [{""keyword"": ""regulasi"", ""hit_count"": 1}, {""keyword"": ""kabinet"", ""hit_count"": 1}]}, {""open_code_id"": ""OC002"", ""open_code_label"": ""Kedaulatan energi dan pengelolaan sumber daya"", ""axial_category"": ""Ketahanan nasional dan kedaulatan strategis"", ""selective_theme"": ""Kedaulatan dan kemandirian nasional"", ""total_hits"": 3, ""unique_keyword_hits"": 1, ""matched_keywords"": [{""keyword"": ""energi"", ""hit_count"": 3}]}]",Kedaulatan pangan dan swasembada,Reformasi birokrasi dan efisiensi negara,Kedaulatan energi dan pengelolaan sumber daya,Ketahanan nasional dan kedaulatan strategis,Kedaulatan dan kemandirian nasional,REVIEWED,,2026-06-11T22:11:06
SPCH_003_PERESMIAN_INFRASTRUKTUR_ENERGI_CHK_005,SPCH_003_PERESMIAN_INFRASTRUKTUR_ENERGI,NASKAH-PIDATO-PRABOWO-PERESMIAN-INFRASTRUKTUR-ENERGI.txt,Peresmian Infrastruktur Energi,national,,id,,,MISSING_SOURCE_URL,5,"Kita hilangkan itu semua, 145 peraturan kita hapus, dan sekarang tidak perlu 13 tanda tangan. Cukup satu tanda tangan, satu instruksi. Kemudian pupuk itu langsung ke petani dan petani tidak perlu pakai macam-macam. Cukup kartu penduduk, cukup disetujui oleh kepala desa, benar dia petani di sini. Dan, akhirnya kita berhasil. Pertama kali dalam sejarah bangsa kita, kita berhasil menurunkan harga pupuk sebesar 20 persen. Sesungguhnya Menteri Pertanian melaporkan bisa menurunkan 25 persen. Tapi saya kasih tahu biarlah pabrik dapat keuntungan lima persen sehingga kita turunkan cukup 20 persen. Tetapi petani sudah sangat terima kasih. Dan, walaupun kita turunkan harga, ternyata volume pupuk naik 700 ribu ton. Jadi, petani sekarang harga terjangkau, barang ada. Ini contoh. Sekarang juga perberasan. Perberasan, petani-petani beras sekarang penghasilannya naik. Nilai tukar petani naik, dari 106 jadi 125, tertinggi selama sejarah Republik Indonesia. Cadangan kita juga tertinggi, produksi kita, beras kita tertinggi selama sejarah Republik Indonesia. Saya kira harus diakui prestasi dan pekerjaan daripada tim ekonomi kita, tim pertanian kita. Membanggakan, ya. Dan ini bukan kita, apa, menepuk dada, tapi ini harus kita lakukan. Kita harus jadi bangsa yang percaya diri. Kita harus jadi bangsa yang bangga dengan prestasi kita. Kita tidak boleh jadi bangsa yang rendah diri. Bangsa yang selalu merasa kalah, merasa selalu tidak mampu bersaing sama bangsa lain. Kita tidak boleh. Di setiap bidang kehidupan, kita harus menjadi bangsa yang kuat, bangsa yang percaya diri, bangsa yang mampu berdiri di atas kaki kita sendiri.",241,OK,Persatuan nasional dan kepercayaan diri bangsa,Kedaulatan pangan dan swasembada,"Koperasi, desa, dan ekonomi akar rumput",Identitas nasional dan kepemimpinan,Ketahanan nasional dan kedaulatan strategis,Transformasi ekonomi dan pembangunan produktif,Kedaulatan dan kemandirian nasional,Kedaulatan dan kemandirian nasional,Transformasi ekonomi dan pembangunan nasional,HIGH,"OC013=bangsa(9), berdiri di atas kaki(1), percaya diri(2) | OC001=beras(2), petani(8), pertanian(2) | OC011=desa(1)","[{""open_code_id"": ""OC013"", ""open_code_label"": ""Persatuan nasional dan kepercayaan diri bangsa"", ""axial_category"": ""Identitas nasional dan kepemimpinan"", ""selective_theme"": ""Kedaulatan dan kemandirian nasional"", ""total_hits"": 12, ""unique_keyword_hits"": 3, ""matched_keywords"": [{""keyword"": ""bangsa"", ""hit_count"": 9}, {""keyword"": ""berdiri di atas kaki"", ""hit_count"": 1}, {""keyword"": ""percaya diri"", ""hit_count"": 2}]}, {""open_code_id"": ""OC001"", ""open_code_label"": ""Kedaulatan pangan dan swasembada"", ""axial_category"": ""Ketahanan nasional dan kedaulatan strategis"", ""selective_theme"": ""Kedaulatan dan kemandirian nasional"", ""total_hits"": 12, ""unique_keyword_hits"": 3, ""matched_keywords"": [{""keyword"": ""beras"", ""hit_count"": 2}, {""keyword"": ""petani"", ""hit_count"": 8}, {""keyword"": ""pertanian"", ""hit_count"": 2}]}, {""open_code_id"": ""OC011"", ""open_code_label"": ""Koperasi, desa, dan ekonomi akar rumput"", ""axial_category"": ""Transformasi ekonomi dan pembangunan produktif"", ""selective_theme"": ""Transformasi ekonomi dan pembangunan nasional"", ""total_hits"": 1, ""unique_keyword_hits"": 1, ""matched_keywords"": [{""keyword"": ""desa"", ""hit_count"": 1}]}]",Persatuan nasional dan kepercayaan diri bangsa,Kedaulatan pangan dan swasembada,"Koperasi, desa, dan ekonomi akar rumput",Identitas nasional dan kepemimpinan,Kedaulatan dan kemandirian nasional,REVIEWED,,2026-06-11T22:11:06
SPCH_003_PERESMIAN_INFRASTRUKTUR_ENERGI_CHK_006,SPCH_003_PERESMIAN_INFRASTRUKTUR_ENERGI,NASKAH-PIDATO-PRABOWO-PERESMIAN-INFRASTRUKTUR-ENERGI.txt,Peresmian Infrastruktur Energi,national,,id,,,MISSING_SOURCE_URL,6,"Di setiap bidang kehidupan, kita harus menjadi bangsa yang kuat, bangsa yang percaya diri, bangsa yang mampu berdiri di atas kaki kita sendiri. Karena itu saya berbahagia, bangga. Hari ini satu langkah lagi di bidang energi kita menuju kemampuan kita untuk mandiri, kemampuan kita untuk berdiri di atas kaki kita sendiri. Kita tidak boleh tergantung energi kita dari luar. Tidak boleh. Kita ingin merdeka dan kita mampu. Kita miliki semua, diberi karunia oleh Yang Maha Kuasa. Tinggal kita mampu atau tidak sebagai bangsa. Masalah kita harus akui, jangan kita tutup-tutupi. Pertamina yang sebenarnya adalah national champion kita. Pertamina mungkin satu-satunya perusahaan Indonesia yang masuk Fortune (Global) 500, ya. Satu-satunya perusahaan Indonesia yang nilainya adalah 100 miliar dolar dan harusnya menghasilkan yang lebih baik lagi untuk negara dan bangsa. Dan, kita harus mengakui bahwa beberapa tahun belakangan rakyat pun merasa bahwa terjadi manajemen, terjadi permainan-permainan tidak sehat di Pertamina dan di pengaturan ESDM kita. Ada pihak-pihak, saya tidak mengerti, orang-orang Indonesia yang pintar-pintar, pintar tapi serakah, mengatur mau impor dari luar. Dengan impor dari luar dia manipulasi harga dan dia kutip, sehingga ada pihak, segelintir orang yang kaya raya di atas penderitaan rakyat. Karena itu, waktu saya menjadi presiden, saya bertekad untuk membersihkan Pertamina. Saya angkat Saudara Simon Aloysius dengan beberapa anak-anak muda dan saya beri tugas. Jangan korupsi, jangan kau cari kaya di atas kepercayaan ini.",226,OK,Persatuan nasional dan kepercayaan diri bangsa,Kedaulatan energi dan pengelolaan sumber daya,"Kesehatan, gizi, dan perlindungan sosial",Identitas nasional dan kepemimpinan,Ketahanan nasional dan kedaulatan strategis,Pembangunan sumber daya manusia,Kedaulatan dan kemandirian nasional,Kedaulatan dan kemandirian nasional,Pembangunan manusia dan keadilan sosial,HIGH,"OC013=bangsa(5), mandiri(1), berdiri di atas kaki(2), percaya diri(1), national(1) | OC002=energi(2), pertamina(4), esdm(1) | OC005=anak(2)","[{""open_code_id"": ""OC013"", ""open_code_label"": ""Persatuan nasional dan kepercayaan diri bangsa"", ""axial_category"": ""Identitas nasional dan kepemimpinan"", ""selective_theme"": ""Kedaulatan dan kemandirian nasional"", ""total_hits"": 10, ""unique_keyword_hits"": 5, ""matched_keywords"": [{""keyword"": ""bangsa"", ""hit_count"": 5}, {""keyword"": ""mandiri"", ""hit_count"": 1}, {""keyword"": ""berdiri di atas kaki"", ""hit_count"": 2}, {""keyword"": ""percaya diri"", ""hit_count"": 1}, {""keyword"": ""national"", ""hit_count"": 1}]}, {""open_code_id"": ""OC002"", ""open_code_label"": ""Kedaulatan energi dan pengelolaan sumber daya"", ""axial_category"": ""Ketahanan nasional dan kedaulatan strategis"", ""selective_theme"": ""Kedaulatan dan kemandirian nasional"", ""total_hits"": 7, ""unique_keyword_hits"": 3, ""matched_keywords"": [{""keyword"": ""energi"", ""hit_count"": 2}, {""keyword"": ""pertamina"", ""hit_count"": 4}, {""keyword"": ""esdm"", ""hit_count"": 1}]}, {""open_code_id"": ""OC005"", ""open_code_label"": ""Kesehatan, gizi, dan perlindungan sosial"", ""axial_category"": ""Pembangunan sumber daya manusia"", ""selective_theme"": ""Pembangunan manusia dan keadilan sosial"", ""total_hits"": 2, ""unique_keyword_hits"": 1, ""matched_keywords"": [{""keyword"": ""anak"", ""hit_count"": 2}]}]",Persatuan nasional dan kepercayaan diri bangsa,Kedaulatan energi dan pengelolaan sumber daya,"Kesehatan, gizi, dan perlindungan sosial",Identitas nasional dan kepemimpinan,Kedaulatan dan kemandirian nasional,REVIEWED,,2026-06-11T22:11:06
SPCH_003_PERESMIAN_INFRASTRUKTUR_ENERGI_CHK_007,SPCH_003_PERESMIAN_INFRASTRUKTUR_ENERGI,NASKAH-PIDATO-PRABOWO-PERESMIAN-INFRASTRUKTUR-ENERGI.txt,Peresmian Infrastruktur Energi,national,,id,,,MISSING_SOURCE_URL,7,"Jangan korupsi, jangan kau cari kaya di atas kepercayaan ini. Direktur Utama Pertamina sangat strategis, Anda bertanggung jawab atas sebuah perusahaan 100 miliar dolar. Godaan akan banyak, tapi Saudara harus teguh dengan semua jajarannya dan saya kasih wewenang seluas-luasnya, siapa yang Anda nilai tidak bagus, pecat. Jangan ragu-ragu. Demi bangsa dan rakyat harus tega. Enggak ada itu. Banyak anak muda yang hebat-hebat, cari. Saudara-saudara, Ini tekad kita semua. Terus saya pesankan, mari kita hasilkan untuk rakyat kita pemerintahan yang bersih, manajemen yang amanah, mengelola sumber kekayaan bangsa dengan sebaik-baiknya, Saudara-saudara sekalian. Malu kita dengan bangsa lain dan malu terutama dengan rakyat kita. Praktik-praktik markup penipuan. Markup itu adalah penipuan dan pencurian, mencuri di siang bolong. Dan, sekarang teknologi, sekarang ada, sehingga cepat ketahuan kalau markup. Kalau ada pejabat yang ingin melaksanakan praktik-praktik lama, saya kira sangat keliru. Kita prihatin, saya tidak tahu berapa direksi Pertamina yang sudah masuk penjara, saya tidak tahu. Karena negara dan bangsa membutuhkan dan menuntut manajemen yang terbaik. Kelola dengan baik. Saya sangat terkesan tadi, Direktur Utama mengatakan menggunakan istilah Pertamina Wira Perwira. Ini luar biasa, ini saya kira napasnya seperti itu. Napasnya harus seperti itu. Bangsa-bangsa yang bangkit, bangsa-bangsa yang kuat. Kita harus contoh. Jepang, Korea. Bangsa yang tidak punya sumber daya seperti kita, tapi kuat. Nasionalismenya kuat. Kalau tidak salah semua perusahaan di Korea, di Jepang, ada saatnya mereka semua berdiri, lagu kebangsaan dikumandangkan.",230,OK,Anti-korupsi dan penegakan hukum,Persatuan nasional dan kepercayaan diri bangsa,Pemerataan kesejahteraan dan pengentasan kemiskinan,Tata kelola pemerintahan dan rule of law,Identitas nasional dan kepemimpinan,Kesejahteraan sosial dan pemerataan pembangunan,Reformasi tata kelola dan penegakan hukum,Kedaulatan dan kemandirian nasional,Pembangunan manusia dan keadilan sosial,MEDIUM,"OC006=korupsi(1), markup(3) | OC013=bangsa(9) | OC003=rakyat(3)","[{""open_code_id"": ""OC006"", ""open_code_label"": ""Anti-korupsi dan penegakan hukum"", ""axial_category"": ""Tata kelola pemerintahan dan rule of law"", ""selective_theme"": ""Reformasi tata kelola dan penegakan hukum"", ""total_hits"": 4, ""unique_keyword_hits"": 2, ""matched_keywords"": [{""keyword"": ""korupsi"", ""hit_count"": 1}, {""keyword"": ""markup"", ""hit_count"": 3}]}, {""open_code_id"": ""OC013"", ""open_code_label"": ""Persatuan nasional dan kepercayaan diri bangsa"", ""axial_category"": ""Identitas nasional dan kepemimpinan"", ""selective_theme"": ""Kedaulatan dan kemandirian nasional"", ""total_hits"": 9, ""unique_keyword_hits"": 1, ""matched_keywords"": [{""keyword"": ""bangsa"", ""hit_count"": 9}]}, {""open_code_id"": ""OC003"", ""open_code_label"": ""Pemerataan kesejahteraan dan pengentasan kemiskinan"", ""axial_category"": ""Kesejahteraan sosial dan pemerataan pembangunan"", ""selective_theme"": ""Pembangunan manusia dan keadilan sosial"", ""total_hits"": 3, ""unique_keyword_hits"": 1, ""matched_keywords"": [{""keyword"": ""rakyat"", ""hit_count"": 3}]}]",Anti-korupsi dan penegakan hukum,Persatuan nasional dan kepercayaan diri bangsa,Pemerataan kesejahteraan dan pengentasan kemiskinan,Tata kelola pemerintahan dan rule of law,Reformasi tata kelola dan penegakan hukum,REVIEWED,,2026-06-11T22:11:06
SPCH_003_PERESMIAN_INFRASTRUKTUR_ENERGI_CHK_008,SPCH_003_PERESMIAN_INFRASTRUKTUR_ENERGI,NASKAH-PIDATO-PRABOWO-PERESMIAN-INFRASTRUKTUR-ENERGI.txt,Peresmian Infrastruktur Energi,national,,id,,,MISSING_SOURCE_URL,8,"Kalau tidak salah semua perusahaan di Korea, di Jepang, ada saatnya mereka semua berdiri, lagu kebangsaan dikumandangkan. Semangat nasionalis, semangat patriotik cinta tanah air ini yang harus mendorong semua jajaran Pertamina, terutama yang paling atas. Karena, kita mengerti sifat manusia, yang menentukan adalah para pemimpin. Jadi pemimpin itu harus ing ngarso sung tulodo, memberi contoh. Kalau pemimpinnya maling, anak buahnya tidak semangat. Pengalaman saya di tentara, pemimpin itu maling cepat anak buah tahu, cepat sekali. Mungkin orang luar tidak tahu, mungkin BPK bisa dikibuli, KPK bisa dikibuli, tapi anak buah akan tahu. Di tentara itu kalau komandan-komandannya maling, pemimpinnya maling, itu dikasih julukan kapal keruk dan seumur hidup dia akan membawa nama itu, kapal keruk. Pemimpin harus memberi contoh. Saya terima kasih semangat tadi. Wira, benar. Pejuang, kesatria, pendekar. Saudara-saudara, Perang kemerdekaan ada beberapa fase. Perang kemerdekaan pertama tentunya ratusan tahun yang dulu. Perang kemerdekaan yang kita berhasil rebut kedaulatan tahun '45. Habis itu, perang kemerdekaan atau perang untuk mempertahankan kemerdekaan. Kemudian, perang untuk mengisi, mengisi kemerdekaan. Dan, untuk mengisi kemerdekaan, kita harus mengelola sumber daya dan sumber-sumber kekayaan kita. Jadi, setiap unsur yang diberi tugas dan tanggung jawab mengelola kekayaan negara harus menjalankan misi itu dengan penuh rasa tanggung jawab, dengan penuh cinta tanah air, dengan penuh patriotisme, dengan penuh suri tauladan. Kesatria, pembela tanah air. Terlalu banyak pengalaman kita, direksi-direksi BUMN saya katakan saja tidak baik.",228,OK,"Kesehatan, gizi, dan perlindungan sosial",Kedaulatan energi dan pengelolaan sumber daya,,Pembangunan sumber daya manusia,Ketahanan nasional dan kedaulatan strategis,,Pembangunan manusia dan keadilan sosial,Kedaulatan dan kemandirian nasional,,MEDIUM,OC005=anak(3) | OC002=pertamina(1),"[{""open_code_id"": ""OC005"", ""open_code_label"": ""Kesehatan, gizi, dan perlindungan sosial"", ""axial_category"": ""Pembangunan sumber daya manusia"", ""selective_theme"": ""Pembangunan manusia dan keadilan sosial"", ""total_hits"": 3, ""unique_keyword_hits"": 1, ""matched_keywords"": [{""keyword"": ""anak"", ""hit_count"": 3}]}, {""open_code_id"": ""OC002"", ""open_code_label"": ""Kedaulatan energi dan pengelolaan sumber daya"", ""axial_category"": ""Ketahanan nasional dan kedaulatan strategis"", ""selective_theme"": ""Kedaulatan dan kemandirian nasional"", ""total_hits"": 1, ""unique_keyword_hits"": 1, ""matched_keywords"": [{""keyword"": ""pertamina"", ""hit_count"": 1}]}]","Kesehatan, gizi, dan perlindungan sosial",Kedaulatan energi dan pengelolaan sumber daya,,Pembangunan sumber daya manusia,Pembangunan manusia dan keadilan sosial,REVIEWED,,2026-06-11T22:11:06
SPCH_003_PERESMIAN_INFRASTRUKTUR_ENERGI_CHK_009,SPCH_003_PERESMIAN_INFRASTRUKTUR_ENERGI,NASKAH-PIDATO-PRABOWO-PERESMIAN-INFRASTRUKTUR-ENERGI.txt,Peresmian Infrastruktur Energi,national,,id,,,MISSING_SOURCE_URL,9,"Terlalu banyak pengalaman kita, direksi-direksi BUMN saya katakan saja tidak baik. Saya beri tugas kepada Kepala Danantara dan beberapa menteri-menteri yang bertanggung jawab untuk membersihkan semua BUMN. BUMN sangat banyak. Banyak yang rugi, sudah rugi, minta tantiem lagi. Enggak tahu malu. Ndableg, menurut saya. Kalau enggak mau, kalau enggak sanggup mengabdi dengan penghasilan yang tersedia, berhenti saja. Segera minta berhenti. Banyak yang siap menggantikan Saudara-saudara. Saya percaya, banyak yang siap menggantikan. Saya kira, yang paling penting itu, kita menuju swasembada energi, kita mampu. Selama ini menurut saya, tidak ada will. Selama ini banyak di posisi manajemen, di posisi kritis, membohongi atasan, menipu atasan, menipu presiden untuk mencari keuntungan pribadi. Sekarang harus hentikan seperti itu. Kita harus benar-benar menjaga kekayaan negara, karena kita butuh itu untuk memperkuat bangsa kita, menghilangkan kemiskinan, menghilangkan kelaparan, mengejar industri, mengejar teknologi untuk kita hadapi tahun-tahun yang akan datang. Saudara-saudara, Persaingan global sekarang sangat ketat. Kalau kita tidak kuat tapi kita kaya, bisa-bisa kekayaan kita direbut. Karena itu, kita harus bekerja keras. Program hilirisasi kita membutuhkan uang. Tapi, saya optimis dengan pengelolaan yang baik, kita akan mampu mencapai tujuan hilirisasi itu. Tahun ini dalam waktu dekat, saya diberi laporan, kita akan mulai 34 proyek waste to energy, yaitu sampah kita ubah, kita bersihkan menjadi listrik. Ini sangat penting karena kita butuh sekarang membersihkan sampah kita dari kota-kota kita.",222,OK,"Lingkungan, iklim, dan keberlanjutan","Investasi, industrialisasi, dan pertumbuhan ekonomi",Pemerataan kesejahteraan dan pengentasan kemiskinan,Ketahanan lingkungan dan keberlanjutan,Transformasi ekonomi dan pembangunan produktif,Kesejahteraan sosial dan pemerataan pembangunan,Keberlanjutan lingkungan dan sumber daya,Transformasi ekonomi dan pembangunan nasional,Pembangunan manusia dan keadilan sosial,MEDIUM,"OC012=sampah(2), waste(1) | OC010=hilirisasi(2), danantara(1) | OC003=kemiskinan(1), kelaparan(1)","[{""open_code_id"": ""OC012"", ""open_code_label"": ""Lingkungan, iklim, dan keberlanjutan"", ""axial_category"": ""Ketahanan lingkungan dan keberlanjutan"", ""selective_theme"": ""Keberlanjutan lingkungan dan sumber daya"", ""total_hits"": 3, ""unique_keyword_hits"": 2, ""matched_keywords"": [{""keyword"": ""sampah"", ""hit_count"": 2}, {""keyword"": ""waste"", ""hit_count"": 1}]}, {""open_code_id"": ""OC010"", ""open_code_label"": ""Investasi, industrialisasi, dan pertumbuhan ekonomi"", ""axial_category"": ""Transformasi ekonomi dan pembangunan produktif"", ""selective_theme"": ""Transformasi ekonomi dan pembangunan nasional"", ""total_hits"": 3, ""unique_keyword_hits"": 2, ""matched_keywords"": [{""keyword"": ""hilirisasi"", ""hit_count"": 2}, {""keyword"": ""danantara"", ""hit_count"": 1}]}, {""open_code_id"": ""OC003"", ""open_code_label"": ""Pemerataan kesejahteraan dan pengentasan kemiskinan"", ""axial_category"": ""Kesejahteraan sosial dan pemerataan pembangunan"", ""selective_theme"": ""Pembangunan manusia dan keadilan sosial"", ""total_hits"": 2, ""unique_keyword_hits"": 2, ""matched_keywords"": [{""keyword"": ""kemiskinan"", ""hit_count"": 1}, {""keyword"": ""kelaparan"", ""hit_count"": 1}]}]","Lingkungan, iklim, dan keberlanjutan","Investasi, industrialisasi, dan pertumbuhan ekonomi",Pemerataan kesejahteraan dan pengentasan kemiskinan,Ketahanan lingkungan dan keberlanjutan,Keberlanjutan lingkungan dan sumber daya,REVIEWED,,2026-06-11T22:11:06
SPCH_003_PERESMIAN_INFRASTRUKTUR_ENERGI_CHK_010,SPCH_003_PERESMIAN_INFRASTRUKTUR_ENERGI,NASKAH-PIDATO-PRABOWO-PERESMIAN-INFRASTRUKTUR-ENERGI.txt,Peresmian Infrastruktur Energi,national,,id,,,MISSING_SOURCE_URL,10,"Ini sangat penting karena kita butuh sekarang membersihkan sampah kita dari kota-kota kita. Sampah itu sudah menumpuk luar biasa. Ini sudah akan menjadi bencana. Belasan tahun tidak bisa kita wujudkan proyek sampah yang baik. Kita sekarang akan mulai 34 proyek, tendernya dibuka mungkin hari-hari ini, tapi ini butuh waktu dua tahun sampai berfungsi. Kita juga dalam waktu beberapa minggu ini kita akan mulai, kita harapkan minimal enam proyek hilirisasi, mungkin bisa sampai 11. Nilainya adalah kurang lebih 6 miliar dolar dan kita juga akan menerima investasi besar-besaran dari luar. Saya perkirakan cukup besar investasi yang akan masuk. Kita untuk itu harus benar-benar siapkan awak, siapkan manajemen, siapkan manager-manager muda yang bisa menjaga, mengelola proyek-proyek ini. Total kita butuh sampai industrialisasi yang benar mungkin, rencananya mungkin 10 tahun sampai 15-20 tahun, tapi kita ingin mempercepat. Saya sangat optimis ini bisa berjalan. Saya orang yang tidak suka banyak janji, sehingga mungkin saya dituduh kurang komunikatif. Tapi,sekarang saya sudah buktikan. Yang dulu dikatakan MBG, Makan Bergizi [Gratis] tidak mungkin berhasil. Ada tokoh-tokoh mengatakan tidak mungkin berhasil, pasti gagal. Tapi ternyata hari ini kita sudah mencapai 58 juta penerima manfaat, 58 juta. Kalau Singapura itu jumlah penduduknya enam juta, berarti kita memberi makan berapa, ya? Sembilan, ya? Sembilan Singapura, Sembilan Singapura kita kasih makan tiap hari. Lumayan, ya? Not bad, ya? Negara yang selalu dianggap tidak bisa apa-apa, kita bisa kasih makan 58 juta orang tiap hari, termasuk ibu hamil diantar makan ke rumah, termasuk lansia diantar makan ke rumah.",247,OK,"Kesehatan, gizi, dan perlindungan sosial","Investasi, industrialisasi, dan pertumbuhan ekonomi","Lingkungan, iklim, dan keberlanjutan",Pembangunan sumber daya manusia,Transformasi ekonomi dan pembangunan produktif,Ketahanan lingkungan dan keberlanjutan,Pembangunan manusia dan keadilan sosial,Transformasi ekonomi dan pembangunan nasional,Keberlanjutan lingkungan dan sumber daya,HIGH,"OC005=makan bergizi(1), mbg(1), ibu hamil(1), lansia(1) | OC010=investasi(2), hilirisasi(1), industrialisasi(1) | OC012=sampah(3)","[{""open_code_id"": ""OC005"", ""open_code_label"": ""Kesehatan, gizi, dan perlindungan sosial"", ""axial_category"": ""Pembangunan sumber daya manusia"", ""selective_theme"": ""Pembangunan manusia dan keadilan sosial"", ""total_hits"": 4, ""unique_keyword_hits"": 4, ""matched_keywords"": [{""keyword"": ""makan bergizi"", ""hit_count"": 1}, {""keyword"": ""mbg"", ""hit_count"": 1}, {""keyword"": ""ibu hamil"", ""hit_count"": 1}, {""keyword"": ""lansia"", ""hit_count"": 1}]}, {""open_code_id"": ""OC010"", ""open_code_label"": ""Investasi, industrialisasi, dan pertumbuhan ekonomi"", ""axial_category"": ""Transformasi ekonomi dan pembangunan produktif"", ""selective_theme"": ""Transformasi ekonomi dan pembangunan nasional"", ""total_hits"": 4, ""unique_keyword_hits"": 3, ""matched_keywords"": [{""keyword"": ""investasi"", ""hit_count"": 2}, {""keyword"": ""hilirisasi"", ""hit_count"": 1}, {""keyword"": ""industrialisasi"", ""hit_count"": 1}]}, {""open_code_id"": ""OC012"", ""open_code_label"": ""Lingkungan, iklim, dan keberlanjutan"", ""axial_category"": ""Ketahanan lingkungan dan keberlanjutan"", ""selective_theme"": ""Keberlanjutan lingkungan dan sumber daya"", ""total_hits"": 3, ""unique_keyword_hits"": 1, ""matched_keywords"": [{""keyword"": ""sampah"", ""hit_count"": 3}]}]","Kesehatan, gizi, dan perlindungan sosial","Investasi, industrialisasi, dan pertumbuhan ekonomi","Lingkungan, iklim, dan keberlanjutan",Pembangunan sumber daya manusia,Pembangunan manusia dan keadilan sosial,REVIEWED,,2026-06-11T22:11:06
SPCH_003_PERESMIAN_INFRASTRUKTUR_ENERGI_CHK_011,SPCH_003_PERESMIAN_INFRASTRUKTUR_ENERGI,NASKAH-PIDATO-PRABOWO-PERESMIAN-INFRASTRUKTUR-ENERGI.txt,Peresmian Infrastruktur Energi,national,,id,,,MISSING_SOURCE_URL,11,"Negara yang selalu dianggap tidak bisa apa-apa, kita bisa kasih makan 58 juta orang tiap hari, termasuk ibu hamil diantar makan ke rumah, termasuk lansia diantar makan ke rumah. Not bad, Saudara-saudara sekalian. Dan, insyaallah dan saya percaya yakin akhir tahun 2026, Desember 2026, kita akan mencapai 82 juta penerima manfaat. Negara-negara lain seperti Brasil, dia mencapai 41 juta dalam 11 tahun. Kita 58 juta dalam satu tahun yang dianggap tidak mungkin dari segi manajemen. Ini sekarang kita sedang dibicarakan di mana-mana. Kita menjadi studi kasus bagaimana bisa kita hasilkan seperti ini. Sama juga, tadi swasembada pangan [dan] Makan Bergizi, Koperasi Merah Putih banyak yang mengatakan untuk apa Koperasi Merah Putih? Kita akan buktikan akhir Desember 2026 nanti akan ada minimal 40 ribu koperasi sudah beroperasi, sudah berjalan. Ekonomi nanti bergerak dari bawah. Pertumbuhannya nanti akan membanggakan kita semua. Saudara-saudara sekalian, Saya kira itu yang ingin saya sampaikan. Selamat. Terima kasih,m Pertamina. Terima kasih, ESDM. Lanjutkan pekerjaan ini. Saya titip benar-benar, ya. Hasilkan Pertamina yang hebat, Pertamina yang efisien, Pertamina yang jadi national champion kebanggaan seluruh bangsa. Pertamina harus kembali menjadi agent of development, agent of modernization. Dulu, Pertamina di awal-awalnya dipimpin oleh Pak Ibnu Sutowo menjadi agent of change, agent of development, agent of modernization. Pertamina dulu punya bagian advanced technology, dimulai dari Pertamina. Advanced technology ini dipimpin oleh seorang insinyur pulang dari Jerman namanya B.J.",229,OK,Persatuan nasional dan kepercayaan diri bangsa,"Kesehatan, gizi, dan perlindungan sosial",Kedaulatan energi dan pengelolaan sumber daya,Identitas nasional dan kepemimpinan,Pembangunan sumber daya manusia,Ketahanan nasional dan kedaulatan strategis,Kedaulatan dan kemandirian nasional,Pembangunan manusia dan keadilan sosial,Kedaulatan dan kemandirian nasional,HIGH,"OC013=bangsa(1), merah putih(2), national(1) | OC005=makan bergizi(1), ibu hamil(1), lansia(1) | OC002=pertamina(8), esdm(1)","[{""open_code_id"": ""OC013"", ""open_code_label"": ""Persatuan nasional dan kepercayaan diri bangsa"", ""axial_category"": ""Identitas nasional dan kepemimpinan"", ""selective_theme"": ""Kedaulatan dan kemandirian nasional"", ""total_hits"": 4, ""unique_keyword_hits"": 3, ""matched_keywords"": [{""keyword"": ""bangsa"", ""hit_count"": 1}, {""keyword"": ""merah putih"", ""hit_count"": 2}, {""keyword"": ""national"", ""hit_count"": 1}]}, {""open_code_id"": ""OC005"", ""open_code_label"": ""Kesehatan, gizi, dan perlindungan sosial"", ""axial_category"": ""Pembangunan sumber daya manusia"", ""selective_theme"": ""Pembangunan manusia dan keadilan sosial"", ""total_hits"": 3, ""unique_keyword_hits"": 3, ""matched_keywords"": [{""keyword"": ""makan bergizi"", ""hit_count"": 1}, {""keyword"": ""ibu hamil"", ""hit_count"": 1}, {""keyword"": ""lansia"", ""hit_count"": 1}]}, {""open_code_id"": ""OC002"", ""open_code_label"": ""Kedaulatan energi dan pengelolaan sumber daya"", ""axial_category"": ""Ketahanan nasional dan kedaulatan strategis"", ""selective_theme"": ""Kedaulatan dan kemandirian nasional"", ""total_hits"": 9, ""unique_keyword_hits"": 2, ""matched_keywords"": [{""keyword"": ""pertamina"", ""hit_count"": 8}, {""keyword"": ""esdm"", ""hit_count"": 1}]}]",Persatuan nasional dan kepercayaan diri bangsa,"Kesehatan, gizi, dan perlindungan sosial",Kedaulatan energi dan pengelolaan sumber daya,Identitas nasional dan kepemimpinan,Kedaulatan dan kemandirian nasional,REVIEWED,,2026-06-11T22:11:06
SPCH_003_PERESMIAN_INFRASTRUKTUR_ENERGI_CHK_012,SPCH_003_PERESMIAN_INFRASTRUKTUR_ENERGI,NASKAH-PIDATO-PRABOWO-PERESMIAN-INFRASTRUKTUR-ENERGI.txt,Peresmian Infrastruktur Energi,national,,id,,,MISSING_SOURCE_URL,12,"Advanced technology ini dipimpin oleh seorang insinyur pulang dari Jerman namanya B.J. Habibie. Bagian ini di Pertamina akhirnya menjadi BPPT (Badan Pengkajian dan Penerapan Teknologi). Akhirnya menjadi Nurtanio, IPTN (Industri Pesawat Terbang Nusantara), PTDI (PT Dirgantara Indonesia), menjadi PT PAL (Penataran Angkatan Laut), dan sebagainya, dan sebagainya. Pertamina, agent of change, agent of development, agent of modernization. Pertamina dulu, Pertamina dulu, Pak Ibnu Sutowo yang menggagas food estate mulai dikerjakan di Sumatra Selatan. Tapi, ya, tentunya yang disampaikan Menteri ESDM, ada pihak-pihak yang selalu, menurut saya, tidak patriotik di dalam tubuh kita. Tapi mungkin saya tidak mengerti, apa sudah dibeli oleh bangsa lain. Akhirnya, akhirnya berusaha menggagalkan kemampuan kita sendiri, menggagalkan prestasi kita sendiri. Kita dibuat tergantung impor beras, impor garam, impor... Negara tiga perempatnya laut, impor ikan. Luar biasa. Ya, kan? Saya diberitahu juga oleh para pakar cadangan minyak kita sangat besar, cadangan gas kita sangat besar. Tinggal kita mengelola dan mengejarnya. Saya minta, ya, ESDM segera perluas eksplorasi, segera mempermudah mereka yang mau eksplorasi, ya. Jangan dikutip-kutip di depan. Jaga terus kepercayaan rakyat. Teruskan prestasi ini. Semoga kita semua diberi kebaikan oleh Yang Maha Kuasa. Terima kasih. Wassalamu'alaikum warahmatullahi wabarakatuh, Syalom, Salve, Om santi santi om, Namo Buddhaya, Salam kebajikan, Rahayu rahayu. Terima kasih.",207,OK,Kedaulatan energi dan pengelolaan sumber daya,Kedaulatan pangan dan swasembada,"Lingkungan, iklim, dan keberlanjutan",Ketahanan nasional dan kedaulatan strategis,Ketahanan nasional dan kedaulatan strategis,Ketahanan lingkungan dan keberlanjutan,Kedaulatan dan kemandirian nasional,Kedaulatan dan kemandirian nasional,Keberlanjutan lingkungan dan sumber daya,HIGH,"OC002=pertamina(4), esdm(2), gas(1) | OC001=beras(1), food(1) | OC012=laut(2)","[{""open_code_id"": ""OC002"", ""open_code_label"": ""Kedaulatan energi dan pengelolaan sumber daya"", ""axial_category"": ""Ketahanan nasional dan kedaulatan strategis"", ""selective_theme"": ""Kedaulatan dan kemandirian nasional"", ""total_hits"": 7, ""unique_keyword_hits"": 3, ""matched_keywords"": [{""keyword"": ""pertamina"", ""hit_count"": 4}, {""keyword"": ""esdm"", ""hit_count"": 2}, {""keyword"": ""gas"", ""hit_count"": 1}]}, {""open_code_id"": ""OC001"", ""open_code_label"": ""Kedaulatan pangan dan swasembada"", ""axial_category"": ""Ketahanan nasional dan kedaulatan strategis"", ""selective_theme"": ""Kedaulatan dan kemandirian nasional"", ""total_hits"": 2, ""unique_keyword_hits"": 2, ""matched_keywords"": [{""keyword"": ""beras"", ""hit_count"": 1}, {""keyword"": ""food"", ""hit_count"": 1}]}, {""open_code_id"": ""OC012"", ""open_code_label"": ""Lingkungan, iklim, dan keberlanjutan"", ""axial_category"": ""Ketahanan lingkungan dan keberlanjutan"", ""selective_theme"": ""Keberlanjutan lingkungan dan sumber daya"", ""total_hits"": 2, ""unique_keyword_hits"": 1, ""matched_keywords"": [{""keyword"": ""laut"", ""hit_count"": 2}]}]",Kedaulatan energi dan pengelolaan sumber daya,Kedaulatan pangan dan swasembada,"Lingkungan, iklim, dan keberlanjutan",Ketahanan nasional dan kedaulatan strategis,Kedaulatan dan kemandirian nasional,REVIEWED,,2026-06-11T22:11:06
SPCH_004_PERESMIAN_166_SEKOLAH_CHK_001,SPCH_004_PERESMIAN_166_SEKOLAH,NASKAH-PIDATO-PRABOWO-PERESMIAN-166-SEKOLAH.txt,Peresmian 166 Sekolah,national,,id,https://setkab.go.id/sambutan-presiden-republik-indonesia-pada-peresmian-166-sekolah-rakyat-di-34-provinsi-di-balai-besar-pendidkan-pelatihan-kesejahteran-sosial-banjarmasin-kota-banjarbaru-provinsi-kalimantan-selatan/,setkab.go.id,VALID_SETKAB_DOMAIN_OFFLINE,1,"Bismillahirrahmanirrahim, Assalamu'alaikum warahmatullahi wabarakatuh, Selamat pagi oh sudah selamat siang, Salam sejahtera bagi kita sekalian, Syalom, Salve, Om swastiastu, Namo Buddhaya, Salam kebajikan. Yang saya hormati, Menteri Sosial Saudara Saifullah Yusuf sebagai penyelenggara, Wakil Menteri Sosial Saudara Agus Jabo Priyono bersama seluruh jajaran Kementerian Sosial; Menteri Koordinator Pemberdayaan Masyarakat, Saudara Abdul Muhaimin Iskandar; Para menteri koordinator, para menteri, para kepala badan, Panglima TNI, Kapolri, serta seluruh anggota Kabinet Merah Putih, para wakil menteri, wakil kepala badan yang hadir, yang saya hormati; Para kepala daerah yang hadir, Gubernur Kalimantan Selatan Saudara Muhidin yang saya hormati, Gubernur Jawa Timur Saudari Khofifah Indar Parawansa yang saya hormati, Gubernur Jambi Saudara Al Haris yang saya hormati, Gubernur Sulawesi Tenggara Saudara Andi Sumangerukka, Gubernur Nusa Tenggara Timur Saudara Emanuel Melkiades Laka yang saya hormati; Gubernur Maluku Utara Saudari Sherly Tjoanda, kok yang tepuk tangan Gubernur Maluku Utara; Gubernur Nusa Tenggara Barat Saudara Lalu Muhamad Iqbal yang saya hormati. Para gubernur, para bupati, dan wali kota, mungkin yang hadir juga ini banyak sekali bupati, ini bupati yang hadir di sini, ya? Bupati Ogan Komering Ulu Saudara Teddy Meilwansyah, Bupati Kepulauan Anambas Saudara Aneng, Bupati Natuna Saudara Cen Sui Lan, Bupati Kaur Saudara Gusril Pausi, Bupati Lampung Selatan Saudara Radityo Egy Pratama, Bupati Lebak Saudara Moch. Hasbi Asyidiki Jayabaya, Bupati Pandeglang Saudari R. Dewi Setiani, Bupati Sumedang Saudara Dony Ahmad Munir, Bupati Kuningan Saudara Dian Rachmat Yanuar, Bupati Majalengka Saudara Eman Suherman, Bupati Wonosobo Saudara Agus Subagiyo, Bupati Cilacap Saudara Syamsul Auliya Rachman, Bupati Rembang Saudara Harno, Bupati Sragen Saudara Sigit Pamungkas, Bupati Katingan Saudara Saiful, Bupati Barito Kuala Saudara Bahrul Ilmi, Bupati Bua Lemo Saudara Rum Pagau, Bupati Pangkajene Kepulauan Saudara Muhammad Yusran Lalogau, Bupati Soppeng Saudara Suwardi Haseng, Bupati Buton Tengah Saudara Azhari, Bupati Maluku Tengah Saudara Zulkarnain Awat Amir, Bupati Bone Saudara Andi Asman Sulaiman, Wali Kota Bandar Lampung Saudari Eva Dwiana, Wali Kota Cirebon Saudara Effendi Edo, Wali Kota Kediri Saudari Vinanda Prameswari, Prameswati, sorry, ya, Wali Kota Blitar Saudara Syauqul Muhibbin, Wali Kota Pasuruan Saudara Adi Wibowo, Wali Kota Palangkaraya Saudara Fairid Naparin, Wali Kota Banjarbaru Saudari Erna Lisa Halaby.",348,HIGH_WORD_COUNT_GT_320,Persatuan nasional dan kepercayaan diri bangsa,Reformasi birokrasi dan efisiensi negara,,Identitas nasional dan kepemimpinan,Tata kelola pemerintahan dan rule of law,,Kedaulatan dan kemandirian nasional,Reformasi tata kelola dan penegakan hukum,,LOW,OC013=merah putih(1) | OC007=kabinet(1),"[{""open_code_id"": ""OC013"", ""open_code_label"": ""Persatuan nasional dan kepercayaan diri bangsa"", ""axial_category"": ""Identitas nasional dan kepemimpinan"", ""selective_theme"": ""Kedaulatan dan kemandirian nasional"", ""total_hits"": 1, ""unique_keyword_hits"": 1, ""matched_keywords"": [{""keyword"": ""merah putih"", ""hit_count"": 1}]}, {""open_code_id"": ""OC007"", ""open_code_label"": ""Reformasi birokrasi dan efisiensi negara"", ""axial_category"": ""Tata kelola pemerintahan dan rule of law"", ""selective_theme"": ""Reformasi tata kelola dan penegakan hukum"", ""total_hits"": 1, ""unique_keyword_hits"": 1, ""matched_keywords"": [{""keyword"": ""kabinet"", ""hit_count"": 1}]}]",Persatuan nasional dan kepercayaan diri bangsa,Reformasi birokrasi dan efisiensi negara,,Identitas nasional dan kepemimpinan,Kedaulatan dan kemandirian nasional,REVIEWED,,2026-06-11T22:11:06
SPCH_004_PERESMIAN_166_SEKOLAH_CHK_002,SPCH_004_PERESMIAN_166_SEKOLAH,NASKAH-PIDATO-PRABOWO-PERESMIAN-166-SEKOLAH.txt,Peresmian 166 Sekolah,national,,id,https://setkab.go.id/sambutan-presiden-republik-indonesia-pada-peresmian-166-sekolah-rakyat-di-34-provinsi-di-balai-besar-pendidkan-pelatihan-kesejahteran-sosial-banjarmasin-kota-banjarbaru-provinsi-kalimantan-selatan/,setkab.go.id,VALID_SETKAB_DOMAIN_OFFLINE,2,"Dewi Setiani, Bupati Sumedang Saudara Dony Ahmad Munir, Bupati Kuningan Saudara Dian Rachmat Yanuar, Bupati Majalengka Saudara Eman Suherman, Bupati Wonosobo Saudara Agus Subagiyo, Bupati Cilacap Saudara Syamsul Auliya Rachman, Bupati Rembang Saudara Harno, Bupati Sragen Saudara Sigit Pamungkas, Bupati Katingan Saudara Saiful, Bupati Barito Kuala Saudara Bahrul Ilmi, Bupati Bua Lemo Saudara Rum Pagau, Bupati Pangkajene Kepulauan Saudara Muhammad Yusran Lalogau, Bupati Soppeng Saudara Suwardi Haseng, Bupati Buton Tengah Saudara Azhari, Bupati Maluku Tengah Saudara Zulkarnain Awat Amir, Bupati Bone Saudara Andi Asman Sulaiman, Wali Kota Bandar Lampung Saudari Eva Dwiana, Wali Kota Cirebon Saudara Effendi Edo, Wali Kota Kediri Saudari Vinanda Prameswari, Prameswati, sorry, ya, Wali Kota Blitar Saudara Syauqul Muhibbin, Wali Kota Pasuruan Saudara Adi Wibowo, Wali Kota Palangkaraya Saudara Fairid Naparin, Wali Kota Banjarbaru Saudari Erna Lisa Halaby. Menko-Menko yang hadir tadi, ya, Menteri Koordinator Pembangunan Manusia dan Kebudayaan Saudara Pratikno, tadi Saudara Muhaimin sudah tadi saya sebut, Menteri Sekretaris Negara, Prasetyo Hadi, Saudara Prasetyo Hadi, Menteri Luar Negeri Saudara Sugiono, Menteri Pendidikan Dasar dan Menengah Profesor Abdul Mu'ti, Menteri Pendidikan Tinggi, Sains, dan Teknologi Profesor Brian Yuliarto, Menteri Komunikasi dan Digital Saudara Meutya Viada Hafid, yang saya hormati Menteri Pekerjaan Umum Saudara Dody Hanggodo, Menteri Pendayagunaan Aparatur Negara dan Reformasi Bidokrasi Saudari Rini Widyantini, Menteri Pemberdayaan Perempuan dan Perlindungan Anak Saudari Arifah Choiri Fauzi, Menteri Perhubungan Saudara Dudy Purwagandhi.",224,OK,Pendidikan dan mobilitas sosial,"Kesehatan, gizi, dan perlindungan sosial",,Pembangunan sumber daya manusia,Pembangunan sumber daya manusia,,Pembangunan manusia dan keadilan sosial,Pembangunan manusia dan keadilan sosial,,LOW,OC004=pendidikan(2) | OC005=anak(1),"[{""open_code_id"": ""OC004"", ""open_code_label"": ""Pendidikan dan mobilitas sosial"", ""axial_category"": ""Pembangunan sumber daya manusia"", ""selective_theme"": ""Pembangunan manusia dan keadilan sosial"", ""total_hits"": 2, ""unique_keyword_hits"": 1, ""matched_keywords"": [{""keyword"": ""pendidikan"", ""hit_count"": 2}]}, {""open_code_id"": ""OC005"", ""open_code_label"": ""Kesehatan, gizi, dan perlindungan sosial"", ""axial_category"": ""Pembangunan sumber daya manusia"", ""selective_theme"": ""Pembangunan manusia dan keadilan sosial"", ""total_hits"": 1, ""unique_keyword_hits"": 1, ""matched_keywords"": [{""keyword"": ""anak"", ""hit_count"": 1}]}]",Pendidikan dan mobilitas sosial,"Kesehatan, gizi, dan perlindungan sosial",,Pembangunan sumber daya manusia,Pembangunan manusia dan keadilan sosial,REVIEWED,,2026-06-11T22:11:06
SPCH_004_PERESMIAN_166_SEKOLAH_CHK_003,SPCH_004_PERESMIAN_166_SEKOLAH,NASKAH-PIDATO-PRABOWO-PERESMIAN-166-SEKOLAH.txt,Peresmian 166 Sekolah,national,,id,https://setkab.go.id/sambutan-presiden-republik-indonesia-pada-peresmian-166-sekolah-rakyat-di-34-provinsi-di-balai-besar-pendidkan-pelatihan-kesejahteran-sosial-banjarmasin-kota-banjarbaru-provinsi-kalimantan-selatan/,setkab.go.id,VALID_SETKAB_DOMAIN_OFFLINE,3,"Menko-Menko yang hadir tadi, ya, Menteri Koordinator Pembangunan Manusia dan Kebudayaan Saudara Pratikno, tadi Saudara Muhaimin sudah tadi saya sebut, Menteri Sekretaris Negara, Prasetyo Hadi, Saudara Prasetyo Hadi, Menteri Luar Negeri Saudara Sugiono, Menteri Pendidikan Dasar dan Menengah Profesor Abdul Mu'ti, Menteri Pendidikan Tinggi, Sains, dan Teknologi Profesor Brian Yuliarto, Menteri Komunikasi dan Digital Saudara Meutya Viada Hafid, yang saya hormati Menteri Pekerjaan Umum Saudara Dody Hanggodo, Menteri Pendayagunaan Aparatur Negara dan Reformasi Bidokrasi Saudari Rini Widyantini, Menteri Pemberdayaan Perempuan dan Perlindungan Anak Saudari Arifah Choiri Fauzi, Menteri Perhubungan Saudara Dudy Purwagandhi. Tadi Panglima TNI Jenderal TNI Agus Subiyanto, Kapolri Jenderal Polisi Listyo Sigit Prabowo tadi sudah disebut, Sekretaris Kabinet RI Letkol Teddy Indra Wijaya, Kepala Staf Kepresidenan Saudara Muhammad Qodari, Kepala Badan Komunikasi Pemerintah Saudara Angga Raka Prabowo. Nama Prabowo kok, banyak sekali ini. Pasti orang baik, yang namanya Prabowo ini, mudah-mudahan, insyaallah. Kepala Badan Pusat Statistik Saudari Amalia Widyasanti, Kepala Badan Pengawasan Keuangan dan Pembangunan Saudara Muhammad Yusuf Ateh. Kau asal mana ya, Pak Ateh? Sunda? Ha? Palembang-Sunda? Oke. Kepala Badan Percepatan Pengentasan Kemiskinan Saudara Budiman Sudjatmiko. Ada? Coba dicatat ini. Ini sambil saya absen, ini absen sebetulnya ini. Kepala Perpustakaan Nasional RI Saudara Aminudin Aziz, ya, bagus hadir, saya catat ini. Wakil Menteri Kesehatan Saudara Benjamin Paulus Octavianus, Wakil Menteri Dalam Negeri Saudara Letnan Jenderal Polisi Akhmad Wiyagus, Wakil Menteri Agraria dan Tata Ruang Saudara Ossy Dermawan, terima kasih.",232,OK,Reformasi birokrasi dan efisiensi negara,"Kesehatan, gizi, dan perlindungan sosial",Pendidikan dan mobilitas sosial,Tata kelola pemerintahan dan rule of law,Pembangunan sumber daya manusia,Pembangunan sumber daya manusia,Reformasi tata kelola dan penegakan hukum,Pembangunan manusia dan keadilan sosial,Pembangunan manusia dan keadilan sosial,MEDIUM,"OC007=kabinet(1), pemerintah(1) | OC005=kesehatan(1), anak(1) | OC004=pendidikan(2)","[{""open_code_id"": ""OC007"", ""open_code_label"": ""Reformasi birokrasi dan efisiensi negara"", ""axial_category"": ""Tata kelola pemerintahan dan rule of law"", ""selective_theme"": ""Reformasi tata kelola dan penegakan hukum"", ""total_hits"": 2, ""unique_keyword_hits"": 2, ""matched_keywords"": [{""keyword"": ""kabinet"", ""hit_count"": 1}, {""keyword"": ""pemerintah"", ""hit_count"": 1}]}, {""open_code_id"": ""OC005"", ""open_code_label"": ""Kesehatan, gizi, dan perlindungan sosial"", ""axial_category"": ""Pembangunan sumber daya manusia"", ""selective_theme"": ""Pembangunan manusia dan keadilan sosial"", ""total_hits"": 2, ""unique_keyword_hits"": 2, ""matched_keywords"": [{""keyword"": ""kesehatan"", ""hit_count"": 1}, {""keyword"": ""anak"", ""hit_count"": 1}]}, {""open_code_id"": ""OC004"", ""open_code_label"": ""Pendidikan dan mobilitas sosial"", ""axial_category"": ""Pembangunan sumber daya manusia"", ""selective_theme"": ""Pembangunan manusia dan keadilan sosial"", ""total_hits"": 2, ""unique_keyword_hits"": 1, ""matched_keywords"": [{""keyword"": ""pendidikan"", ""hit_count"": 2}]}]",Reformasi birokrasi dan efisiensi negara,"Kesehatan, gizi, dan perlindungan sosial",Pendidikan dan mobilitas sosial,Tata kelola pemerintahan dan rule of law,Reformasi tata kelola dan penegakan hukum,REVIEWED,,2026-06-11T22:11:06
SPCH_004_PERESMIAN_166_SEKOLAH_CHK_004,SPCH_004_PERESMIAN_166_SEKOLAH,NASKAH-PIDATO-PRABOWO-PERESMIAN-166-SEKOLAH.txt,Peresmian 166 Sekolah,national,,id,https://setkab.go.id/sambutan-presiden-republik-indonesia-pada-peresmian-166-sekolah-rakyat-di-34-provinsi-di-balai-besar-pendidkan-pelatihan-kesejahteran-sosial-banjarmasin-kota-banjarbaru-provinsi-kalimantan-selatan/,setkab.go.id,VALID_SETKAB_DOMAIN_OFFLINE,4,"Wakil Menteri Kesehatan Saudara Benjamin Paulus Octavianus, Wakil Menteri Dalam Negeri Saudara Letnan Jenderal Polisi Akhmad Wiyagus, Wakil Menteri Agraria dan Tata Ruang Saudara Ossy Dermawan, terima kasih. Saudara-saudara, Terima kasih kesabaran Saudara-saudara. Kenapa saya bacakan satu-satu? Karena mereka sudah membuat atau mengeluarkan suatu usaha, tenaga, mereka meluangkan waktu mereka hadir jauh-jauh ke sini, jadi saya kira pantas untuk disebut. Eh, Menteri [Kepala] Bappenas, belum, ya? Wah, enggak ada ini, [Kepala] Bappenas di sini, wah, aduh, gimana? Hah? Mana, sekpri? Gimana, sekpri? Ngarang,kau. Wah, pelakunya ini. Sekpri saya, Saudara Agung Surahman akan menikah tanggal 18, 18 Januari ini, hari Sabtu. Berapa hari sebelum menikah, masih mau kerja, masih mau masuk. Jadi walaupun tadi agak kurang, ya saya maafkan, lah. Apa? Enggak dengar saya, kau. Kaget saya pagi-pagi, ""Saya ikut, Pak"", ""Lo, kau kan, mau menikah sebentar lagi, sudah siap semua?"", ""Sudah, Pak, sudah siap semua"", masih mau hadir, ya, walaupun kurang-kurang dikit, ya. Profesor Rahmat Pambudi [Menteri PPN/Kepala Bappenas], terima kasih. Kenapa kau buka kopiah? Supaya kelihatan pintar. Jadi, kalau orang botak itu pasti pintar. Orang pintar belum tentu botak tapi kalau orang botak pasti pintar, dan saya beruntung karena tim saya banyak orang botak. Di sini ada berapa dirut? Dirut Agrinas Pangan, ini orang dari Timor Timur tadinya, tapi loyal sama merah-putih, ikut ke sini, beliau namanya Joao Mota, namanya panjang sekali, Joao Angelo De Sousa Mota, benar?",231,OK,"Kesehatan, gizi, dan perlindungan sosial",Kedaulatan pangan dan swasembada,,Pembangunan sumber daya manusia,Ketahanan nasional dan kedaulatan strategis,,Pembangunan manusia dan keadilan sosial,Kedaulatan dan kemandirian nasional,,LOW,OC005=kesehatan(1) | OC001=pangan(1),"[{""open_code_id"": ""OC005"", ""open_code_label"": ""Kesehatan, gizi, dan perlindungan sosial"", ""axial_category"": ""Pembangunan sumber daya manusia"", ""selective_theme"": ""Pembangunan manusia dan keadilan sosial"", ""total_hits"": 1, ""unique_keyword_hits"": 1, ""matched_keywords"": [{""keyword"": ""kesehatan"", ""hit_count"": 1}]}, {""open_code_id"": ""OC001"", ""open_code_label"": ""Kedaulatan pangan dan swasembada"", ""axial_category"": ""Ketahanan nasional dan kedaulatan strategis"", ""selective_theme"": ""Kedaulatan dan kemandirian nasional"", ""total_hits"": 1, ""unique_keyword_hits"": 1, ""matched_keywords"": [{""keyword"": ""pangan"", ""hit_count"": 1}]}]","Kesehatan, gizi, dan perlindungan sosial",Kedaulatan pangan dan swasembada,,Pembangunan sumber daya manusia,Pembangunan manusia dan keadilan sosial,EXCLUDED,,2026-06-11T22:11:06
SPCH_004_PERESMIAN_166_SEKOLAH_CHK_005,SPCH_004_PERESMIAN_166_SEKOLAH,NASKAH-PIDATO-PRABOWO-PERESMIAN-166-SEKOLAH.txt,Peresmian 166 Sekolah,national,,id,https://setkab.go.id/sambutan-presiden-republik-indonesia-pada-peresmian-166-sekolah-rakyat-di-34-provinsi-di-balai-besar-pendidkan-pelatihan-kesejahteran-sosial-banjarmasin-kota-banjarbaru-provinsi-kalimantan-selatan/,setkab.go.id,VALID_SETKAB_DOMAIN_OFFLINE,5,"Dirut Agrinas Pangan, ini orang dari Timor Timur tadinya, tapi loyal sama merah-putih, ikut ke sini, beliau namanya Joao Mota, namanya panjang sekali, Joao Angelo De Sousa Mota, benar? Kepala juga mulai botak, pintar pasti. Saudara-saudara sekalian, Saya hari ini sangat bahagia, Saudara-saudara sekalian. Saya ucapkan terima kasih kepada semua unsur dan semua K/L, semua lembaga, semua elemen yang telah bekerja mewujudkan suatu langkah. Menurut saya ini langkah, langkah terobosan, langkah berani, terima kasih semuanya, kita telah mewujudkan upaya ini. Dan, saya terus terang saja cukup bahagia, cukup besar hati, saya terharu sebetulnya, melihat dampak daripada upaya kita. Yang saya katakan Saudara-saudara, cara bernegara, cara bernegara. Oh iya, ini saya lihat ada asisten khusus saya juga, Saudara Yuza, botak juga, kan? Saya punya dua asisten khusus, ya, di bidang komunikasi, yang nyusun pidato-pidato saya, yang satu namanya Agung juga, Acil, orang Garut, ya. You lihat, kan, dua-duanya botak, kan? Nah, jadi teori saya benar, mereka pintar-pintar, dan memang mereka pintar-pintar, terima kasih. Jadi Saudara-saudara, Cara berpikir, dan cara berpikir tentang bernegara, cara berpikir tentang pembangunan yang konvensional, yang normatif adalah membangun pertumbuhan, ya, dan ada pemikiran selama ini, ya, pemikiran neoliberal, biar yang kaya enggak apa-apa 0,1 persen, lama-lama menurut teori ini, karena pertumbuhan, kekayaan menumpuk, enggak apa-apa menumpuk di atas, lama-lama akan menetes ke bawah. Nah, ini teori, tapi kenyataannya menetesnya kapan sampai ke bawah?",228,OK,"Investasi, industrialisasi, dan pertumbuhan ekonomi",Kedaulatan pangan dan swasembada,,Transformasi ekonomi dan pembangunan produktif,Ketahanan nasional dan kedaulatan strategis,,Transformasi ekonomi dan pembangunan nasional,Kedaulatan dan kemandirian nasional,,LOW,OC010=pertumbuhan(2) | OC001=pangan(1),"[{""open_code_id"": ""OC010"", ""open_code_label"": ""Investasi, industrialisasi, dan pertumbuhan ekonomi"", ""axial_category"": ""Transformasi ekonomi dan pembangunan produktif"", ""selective_theme"": ""Transformasi ekonomi dan pembangunan nasional"", ""total_hits"": 2, ""unique_keyword_hits"": 1, ""matched_keywords"": [{""keyword"": ""pertumbuhan"", ""hit_count"": 2}]}, {""open_code_id"": ""OC001"", ""open_code_label"": ""Kedaulatan pangan dan swasembada"", ""axial_category"": ""Ketahanan nasional dan kedaulatan strategis"", ""selective_theme"": ""Kedaulatan dan kemandirian nasional"", ""total_hits"": 1, ""unique_keyword_hits"": 1, ""matched_keywords"": [{""keyword"": ""pangan"", ""hit_count"": 1}]}]","Investasi, industrialisasi, dan pertumbuhan ekonomi",Kedaulatan pangan dan swasembada,,Transformasi ekonomi dan pembangunan produktif,Transformasi ekonomi dan pembangunan nasional,REVIEWED,,2026-06-11T22:11:06
SPCH_004_PERESMIAN_166_SEKOLAH_CHK_006,SPCH_004_PERESMIAN_166_SEKOLAH,NASKAH-PIDATO-PRABOWO-PERESMIAN-166-SEKOLAH.txt,Peresmian 166 Sekolah,national,,id,https://setkab.go.id/sambutan-presiden-republik-indonesia-pada-peresmian-166-sekolah-rakyat-di-34-provinsi-di-balai-besar-pendidkan-pelatihan-kesejahteran-sosial-banjarmasin-kota-banjarbaru-provinsi-kalimantan-selatan/,setkab.go.id,VALID_SETKAB_DOMAIN_OFFLINE,6,"Nah, ini teori, tapi kenyataannya menetesnya kapan sampai ke bawah? Jangan-jangan menetesnya 300 tahun, kita sudah mati semua. Ini menurut saya, tidak tepat untuk kita, untuk negara seperti kita, yang pernah dijajah, yang merdeka karena perjuangan, merdeka karena ratusan tahun perjuangan, di mana waktu kita merdeka, ya, sebagian besar rakyat kita, ya, tidak punya apa-apa. Kemudian kita bangun, bagus pertumbuhan, ternyata kalau kita hanya mengejar pertumbuhan, dan tidak melihat, tidak berani melihat, pertumbuhan ini benar-benar dirasakan enggak oleh rakyat yang paling bawah? Nah, di situ, disitu tugas para pemimpin. Kita harus berani melihat, kita harus berani melihat kekurangan kita, dan kita harus ambil langkah. Langkah kita harus berani. Saudara-saudara, Pertumbuhan harus disertai oleh pemerataan suatu sistem yang tidak cepat. Mengusahakan, mengupayakan pemerataan, sistem itu kurang bermanfaat bagi sebuah bangsa. Saya ingatkan Saudara-saudara sekalian, tujuan bernegara kita, tujuan kita merdeka adalah untuk membawa kesejahteraan, kehidupan yang lebih baik untuk seluruh rakyat Indonesia. Berkali-kali, pendiri-pendiri bangsa kita menggarisbawahi itu, ada dalam Pembukaan Undang-Undang Dasar 1945. Kita harus memajukan kesejahteraan umum, dan juga, yang pertama kita melindungi segenap tumpah darah Indonesia. Melindungi apa? Melindungi dari mana? Melindungi dari ancaman. Ancaman apa? Melindungi dari ancaman kelaparan, melindungi dari ancaman kemiskinan, melindungi dari ancaman penderitaan, melindungi dari ancaman penyakit, ini tujuan kita merdeka. Untuk apa kita merdeka? Kita punya lagu kebangsaan, apa lagu kebangsaan itu hanya untuk dinyanyikan?",223,OK,Pemerataan kesejahteraan dan pengentasan kemiskinan,"Investasi, industrialisasi, dan pertumbuhan ekonomi",Persatuan nasional dan kepercayaan diri bangsa,Kesejahteraan sosial dan pemerataan pembangunan,Transformasi ekonomi dan pembangunan produktif,Identitas nasional dan kepemimpinan,Pembangunan manusia dan keadilan sosial,Transformasi ekonomi dan pembangunan nasional,Kedaulatan dan kemandirian nasional,HIGH,"OC003=kemiskinan(1), kesejahteraan(2), rakyat(3), kelaparan(1) | OC010=pertumbuhan(4) | OC013=bangsa(2)","[{""open_code_id"": ""OC003"", ""open_code_label"": ""Pemerataan kesejahteraan dan pengentasan kemiskinan"", ""axial_category"": ""Kesejahteraan sosial dan pemerataan pembangunan"", ""selective_theme"": ""Pembangunan manusia dan keadilan sosial"", ""total_hits"": 7, ""unique_keyword_hits"": 4, ""matched_keywords"": [{""keyword"": ""kemiskinan"", ""hit_count"": 1}, {""keyword"": ""kesejahteraan"", ""hit_count"": 2}, {""keyword"": ""rakyat"", ""hit_count"": 3}, {""keyword"": ""kelaparan"", ""hit_count"": 1}]}, {""open_code_id"": ""OC010"", ""open_code_label"": ""Investasi, industrialisasi, dan pertumbuhan ekonomi"", ""axial_category"": ""Transformasi ekonomi dan pembangunan produktif"", ""selective_theme"": ""Transformasi ekonomi dan pembangunan nasional"", ""total_hits"": 4, ""unique_keyword_hits"": 1, ""matched_keywords"": [{""keyword"": ""pertumbuhan"", ""hit_count"": 4}]}, {""open_code_id"": ""OC013"", ""open_code_label"": ""Persatuan nasional dan kepercayaan diri bangsa"", ""axial_category"": ""Identitas nasional dan kepemimpinan"", ""selective_theme"": ""Kedaulatan dan kemandirian nasional"", ""total_hits"": 2, ""unique_keyword_hits"": 1, ""matched_keywords"": [{""keyword"": ""bangsa"", ""hit_count"": 2}]}]",Pemerataan kesejahteraan dan pengentasan kemiskinan,"Investasi, industrialisasi, dan pertumbuhan ekonomi",Persatuan nasional dan kepercayaan diri bangsa,Kesejahteraan sosial dan pemerataan pembangunan,Pembangunan manusia dan keadilan sosial,REVIEWED,,2026-06-11T22:11:06
SPCH_004_PERESMIAN_166_SEKOLAH_CHK_007,SPCH_004_PERESMIAN_166_SEKOLAH,NASKAH-PIDATO-PRABOWO-PERESMIAN-166-SEKOLAH.txt,Peresmian 166 Sekolah,national,,id,https://setkab.go.id/sambutan-presiden-republik-indonesia-pada-peresmian-166-sekolah-rakyat-di-34-provinsi-di-balai-besar-pendidkan-pelatihan-kesejahteran-sosial-banjarmasin-kota-banjarbaru-provinsi-kalimantan-selatan/,setkab.go.id,VALID_SETKAB_DOMAIN_OFFLINE,7,"Kita punya lagu kebangsaan, apa lagu kebangsaan itu hanya untuk dinyanyikan? Saudara-saudara sekalian, Saya ingatkan kembali ke semua unsur, terutama orang-orang pintar. Saudara-saudara, kita bernegara untuk memperbaiki kehidupan seluruh rakyat Indonesia, bukan segelintir rakyat, seluruh rakyat Indonesia, itu tujuan bernegara. Dan, untuk itu, saya berterima kasih, waktu saya memang melakukan perintisan karier sebagai prajurit, prajurit TNI karena TNI memang adalah tentara rakyat, TNI dari tahun awal kemerdekaan seterusnya, selalu berada di tempat-tempat yang paling susah. Hari ini pun, TNI bersama Polri terjun di tempat yang paling susah di mana rakyat menderita akibat bencana di Sumatra dan di beberapa tempat, bersama lembaga-lembaga lain, bersama relawan, tapi TNI dan Polri terjun. TNI dan Polri sebenarnya adalah satu, adalah satu, karena TNI dan Polri lahir dari perjuangan kemerdekaan. Saya selalu ingatkan, ya memang kalau negara yang maju, seolah-olah maju, negara Barat, negara apa, tuh, seolah mau pisahkan, polisi urusannya hanya kamtibmas. Lahirnya republik, polisi ikut perang, polisi ikut perang. Di awal, karena kita enggak punya anggaran, kita tidak jelas, awal republik, lahirnya republik. Jadi khusus di Indonesia dan dulu pernah kita jadi satu, tapi enggak apa-apa, yang penting adalah sifat, nafas, semangat, kesadaran, kesadaran berbangsa, cinta tanah air, ini yang paling penting. Dan, saya melihat, hari ini kita buktikan, semua unsur ikut, dan tidak kecil peranan para gubernur dan para bupati kita. Dan, saya terima kasih, program-program kita berhasil karena dukungan semua, dukungan bupati, dukungan wali kota, dukungan gubernur, dukungan pimpinan polisi, pimpinan tentara, dukungan semua, ke K/L-K/L di mana-mana.",249,OK,Pemerataan kesejahteraan dan pengentasan kemiskinan,Reformasi birokrasi dan efisiensi negara,,Kesejahteraan sosial dan pemerataan pembangunan,Tata kelola pemerintahan dan rule of law,,Pembangunan manusia dan keadilan sosial,Reformasi tata kelola dan penegakan hukum,,MEDIUM,OC003=rakyat(5) | OC007=anggaran(1),"[{""open_code_id"": ""OC003"", ""open_code_label"": ""Pemerataan kesejahteraan dan pengentasan kemiskinan"", ""axial_category"": ""Kesejahteraan sosial dan pemerataan pembangunan"", ""selective_theme"": ""Pembangunan manusia dan keadilan sosial"", ""total_hits"": 5, ""unique_keyword_hits"": 1, ""matched_keywords"": [{""keyword"": ""rakyat"", ""hit_count"": 5}]}, {""open_code_id"": ""OC007"", ""open_code_label"": ""Reformasi birokrasi dan efisiensi negara"", ""axial_category"": ""Tata kelola pemerintahan dan rule of law"", ""selective_theme"": ""Reformasi tata kelola dan penegakan hukum"", ""total_hits"": 1, ""unique_keyword_hits"": 1, ""matched_keywords"": [{""keyword"": ""anggaran"", ""hit_count"": 1}]}]",Pemerataan kesejahteraan dan pengentasan kemiskinan,Reformasi birokrasi dan efisiensi negara,,Kesejahteraan sosial dan pemerataan pembangunan,Pembangunan manusia dan keadilan sosial,REVIEWED,,2026-06-11T22:11:06
SPCH_004_PERESMIAN_166_SEKOLAH_CHK_008,SPCH_004_PERESMIAN_166_SEKOLAH,NASKAH-PIDATO-PRABOWO-PERESMIAN-166-SEKOLAH.txt,Peresmian 166 Sekolah,national,,id,https://setkab.go.id/sambutan-presiden-republik-indonesia-pada-peresmian-166-sekolah-rakyat-di-34-provinsi-di-balai-besar-pendidkan-pelatihan-kesejahteran-sosial-banjarmasin-kota-banjarbaru-provinsi-kalimantan-selatan/,setkab.go.id,VALID_SETKAB_DOMAIN_OFFLINE,8,"Dan, saya terima kasih, program-program kita berhasil karena dukungan semua, dukungan bupati, dukungan wali kota, dukungan gubernur, dukungan pimpinan polisi, pimpinan tentara, dukungan semua, ke K/L-K/L di mana-mana. Ini bukti kita berbuat sehingga anak-anak kita hari ini, yang tadinya mungkin sulit sekolah, sekarang mereka punya harapan. Saya terkesima hari ini, terus terang saja, terkesima. Bisa ada anak yang tidak punya dalam beberapa bahasa, luar biasa, yang mereka itu, yang bahasa Inggrisnya, menurut saya luar biasa, karena saya besar di luar negeri. Kalau saya bahasa Inggrisnya bagus, ya wajar, saya pernah tinggal di daerah-daerah situ. Tapi anak ini, saya kagum juga sama dia tadi. Siapa namanya itu, ya? Nanti yang...tadi itu yang berbahasa bagus itu, semua ya nanti suruh menghadap saya, ya. Mungkin bagusnya kita kirim juga ke luar negeri, kira-kira, gimana setuju, enggak? Dan, saya kagum, masa baru enam bulan tadi saya lihat, sudah ada yang juara olimpiade ini, juara itu, luar biasa. Juara Olimpiade Matematika, luar biasa, saya sangat terkesima, saya sangat terharu, bahkan. Mudah-mudahan kamera enggak menuju ke saya tadi, sulit saya tahan air mata juga. Sama dengan medsos [media sosial]. Kita terharu, kita keluar air mata karena apa? Karena bangga, karena bahagia, melihat anak-anak kita. Dan, kita tergerak, teringat. Kenapa kita teringat? Bayangkan, bayangkan, kalau waktu itu kita, saya dan menteri-menteri, tidak ambil sikap yang berani, mari kita berbuat yang mungkin tidak lazim.",229,OK,"Kesehatan, gizi, dan perlindungan sosial",Pendidikan dan mobilitas sosial,,Pembangunan sumber daya manusia,Pembangunan sumber daya manusia,,Pembangunan manusia dan keadilan sosial,Pembangunan manusia dan keadilan sosial,,HIGH,OC005=anak(6) | OC004=sekolah(1),"[{""open_code_id"": ""OC005"", ""open_code_label"": ""Kesehatan, gizi, dan perlindungan sosial"", ""axial_category"": ""Pembangunan sumber daya manusia"", ""selective_theme"": ""Pembangunan manusia dan keadilan sosial"", ""total_hits"": 6, ""unique_keyword_hits"": 1, ""matched_keywords"": [{""keyword"": ""anak"", ""hit_count"": 6}]}, {""open_code_id"": ""OC004"", ""open_code_label"": ""Pendidikan dan mobilitas sosial"", ""axial_category"": ""Pembangunan sumber daya manusia"", ""selective_theme"": ""Pembangunan manusia dan keadilan sosial"", ""total_hits"": 1, ""unique_keyword_hits"": 1, ""matched_keywords"": [{""keyword"": ""sekolah"", ""hit_count"": 1}]}]","Kesehatan, gizi, dan perlindungan sosial",Pendidikan dan mobilitas sosial,,Pembangunan sumber daya manusia,Pembangunan manusia dan keadilan sosial,REVIEWED,,2026-06-11T22:11:06
SPCH_004_PERESMIAN_166_SEKOLAH_CHK_009,SPCH_004_PERESMIAN_166_SEKOLAH,NASKAH-PIDATO-PRABOWO-PERESMIAN-166-SEKOLAH.txt,Peresmian 166 Sekolah,national,,id,https://setkab.go.id/sambutan-presiden-republik-indonesia-pada-peresmian-166-sekolah-rakyat-di-34-provinsi-di-balai-besar-pendidkan-pelatihan-kesejahteran-sosial-banjarmasin-kota-banjarbaru-provinsi-kalimantan-selatan/,setkab.go.id,VALID_SETKAB_DOMAIN_OFFLINE,9,"Bayangkan, bayangkan, kalau waktu itu kita, saya dan menteri-menteri, tidak ambil sikap yang berani, mari kita berbuat yang mungkin tidak lazim. Kita bikin sekolah yang terbaik, sekolah berasrama untuk mereka-mereka yang mungkin tidak punya harapan, mereka yang dari keluarga yang kondisinya tertinggal. Saudara-saudara, Anak-anak, Anak-anak Sekolah Rakyat, Murid-murid, Anak-anakku, Jangan kau kecil hati, jangan kau malu, orang tuamu hanya buruh atau hanya petani miskin, atau hanya tukang pemulung, jangan kau malu. Mereka, mereka mulia, mereka kerja keras, halal, bekerja dengan keringat untuk masa depanmu. Jangan pernah kecil hati. Hormati orang tuamu, kalau perlu kau pulang, kau sungkem, kau cium kaki orang tuamu. Jangan pernah kau malu. Mereka lebih mulia dari orang-orang pintar, tapi koruptor-koruptor yang berkhianat kepada negara dan bangsa. Saya lebih hormat sama pemulung, saya lebih hormat dengan dengan tukang becak yang kerja dengan keringat daripada mereka yang pintar-pintar tapi mencuri uang rakyat, saya lebih hormat. Karena presiden, ya saya boleh bicara, iya, kan? Saudara-saudara, Jadi, saya tidak mau anak-anak SR (Sekolah Rakyat) ya, memang jangan sekali-sekali. Selalu, selalu hormati orang tuamu. Kalau dia belum mampu, bukan salah dia, bukan salah orang tuamu. Memang negara kita belum mampu memberi terbaik untuk semua rakyat. Tapi kita akan berjuang keras, kita berjuang keras, supaya semua kekayaan negara akan dirasakan oleh seluruh rakyat Indonesia. Saya kira saya tidak mau panjang lebar pidato, ya, nanti bisa kebablasan ini, karena saya kalau sudah begini, ya, bisa dua-tiga jam pidato saya.",236,OK,Pendidikan dan mobilitas sosial,Pemerataan kesejahteraan dan pengentasan kemiskinan,"Kesehatan, gizi, dan perlindungan sosial",Pembangunan sumber daya manusia,Kesejahteraan sosial dan pemerataan pembangunan,Pembangunan sumber daya manusia,Pembangunan manusia dan keadilan sosial,Pembangunan manusia dan keadilan sosial,Pembangunan manusia dan keadilan sosial,HIGH,"OC004=sekolah(4), murid(2) | OC003=miskin(1), rakyat(5) | OC005=anak(7)","[{""open_code_id"": ""OC004"", ""open_code_label"": ""Pendidikan dan mobilitas sosial"", ""axial_category"": ""Pembangunan sumber daya manusia"", ""selective_theme"": ""Pembangunan manusia dan keadilan sosial"", ""total_hits"": 6, ""unique_keyword_hits"": 2, ""matched_keywords"": [{""keyword"": ""sekolah"", ""hit_count"": 4}, {""keyword"": ""murid"", ""hit_count"": 2}]}, {""open_code_id"": ""OC003"", ""open_code_label"": ""Pemerataan kesejahteraan dan pengentasan kemiskinan"", ""axial_category"": ""Kesejahteraan sosial dan pemerataan pembangunan"", ""selective_theme"": ""Pembangunan manusia dan keadilan sosial"", ""total_hits"": 6, ""unique_keyword_hits"": 2, ""matched_keywords"": [{""keyword"": ""miskin"", ""hit_count"": 1}, {""keyword"": ""rakyat"", ""hit_count"": 5}]}, {""open_code_id"": ""OC005"", ""open_code_label"": ""Kesehatan, gizi, dan perlindungan sosial"", ""axial_category"": ""Pembangunan sumber daya manusia"", ""selective_theme"": ""Pembangunan manusia dan keadilan sosial"", ""total_hits"": 7, ""unique_keyword_hits"": 1, ""matched_keywords"": [{""keyword"": ""anak"", ""hit_count"": 7}]}]",Pendidikan dan mobilitas sosial,Pemerataan kesejahteraan dan pengentasan kemiskinan,"Kesehatan, gizi, dan perlindungan sosial",Pembangunan sumber daya manusia,Pembangunan manusia dan keadilan sosial,REVIEWED,,2026-06-11T22:11:06
SPCH_004_PERESMIAN_166_SEKOLAH_CHK_010,SPCH_004_PERESMIAN_166_SEKOLAH,NASKAH-PIDATO-PRABOWO-PERESMIAN-166-SEKOLAH.txt,Peresmian 166 Sekolah,national,,id,https://setkab.go.id/sambutan-presiden-republik-indonesia-pada-peresmian-166-sekolah-rakyat-di-34-provinsi-di-balai-besar-pendidkan-pelatihan-kesejahteran-sosial-banjarmasin-kota-banjarbaru-provinsi-kalimantan-selatan/,setkab.go.id,VALID_SETKAB_DOMAIN_OFFLINE,10,"Saya kira saya tidak mau panjang lebar pidato, ya, nanti bisa kebablasan ini, karena saya kalau sudah begini, ya, bisa dua-tiga jam pidato saya. Apalagi saya lihat ada kopi di sini. Saya minta izin, boleh minum kopi? Boleh? Izinnya ke siapa, ya? Saya minta izin minum, ya. Biasanya kalau habis satu cangkir itu, pidato saya tiga jam. Masih kuat dengar saya? Benar? Benar? Anak-anakku, mau dengar aku terus? Yang anak-anak pengin, hanya menteri-menteri saya capai. Karena menteri-menteri saya, tiga kali atau empat kali seminggu dengar pidato semacam ini, dia. Tapi saya, enggak, saya benar-benar bahagia hari ini, kementerian-kementerian saya, kabinet saya, saya merasakan kompak. Jangan percaya orang-orang yang terlalu pintar, ya, yang ngomong di mana, di sosmed [social media], menganalisa, terjadi sesuatu perpecahan di antara lingkungannya Prabowo, wah, seru. Saya sendiri, saya sendiri, tertarik, dari mana ini? Tapi enggak, saya merasa kerja keras, kompak, teamwork yang luar biasa, ya, sehingga kita mencapai keberhasilan demi keberhasilan, bukti demi bukti. Desember 31, 2025. Saya ulangi, Desember 31, tahun 2025, resmi Indonesia mencapai swasembada beras. Di tengah tahun 2024 dan 2025, Indonesia mengalami El Nino dilanjutkan dengan kekeringan berkepanjangan, kita bisa mengatasi, dan kita bisa menghasilkan produksi beras tertinggi sepanjang sejarah Republik Indonesia. Cadangan beras kita di gudang pemerintah hari ini, tertinggi selama sejarah Republik Indonesia, Saudara-saudara, dan kita akan terus memperkuat, terus memperkuat.",221,OK,Kedaulatan pangan dan swasembada,Reformasi birokrasi dan efisiensi negara,"Kesehatan, gizi, dan perlindungan sosial",Ketahanan nasional dan kedaulatan strategis,Tata kelola pemerintahan dan rule of law,Pembangunan sumber daya manusia,Kedaulatan dan kemandirian nasional,Reformasi tata kelola dan penegakan hukum,Pembangunan manusia dan keadilan sosial,MEDIUM,"OC001=swasembada(1), beras(3) | OC007=kabinet(1), pemerintah(1) | OC005=anak(3)","[{""open_code_id"": ""OC001"", ""open_code_label"": ""Kedaulatan pangan dan swasembada"", ""axial_category"": ""Ketahanan nasional dan kedaulatan strategis"", ""selective_theme"": ""Kedaulatan dan kemandirian nasional"", ""total_hits"": 4, ""unique_keyword_hits"": 2, ""matched_keywords"": [{""keyword"": ""swasembada"", ""hit_count"": 1}, {""keyword"": ""beras"", ""hit_count"": 3}]}, {""open_code_id"": ""OC007"", ""open_code_label"": ""Reformasi birokrasi dan efisiensi negara"", ""axial_category"": ""Tata kelola pemerintahan dan rule of law"", ""selective_theme"": ""Reformasi tata kelola dan penegakan hukum"", ""total_hits"": 2, ""unique_keyword_hits"": 2, ""matched_keywords"": [{""keyword"": ""kabinet"", ""hit_count"": 1}, {""keyword"": ""pemerintah"", ""hit_count"": 1}]}, {""open_code_id"": ""OC005"", ""open_code_label"": ""Kesehatan, gizi, dan perlindungan sosial"", ""axial_category"": ""Pembangunan sumber daya manusia"", ""selective_theme"": ""Pembangunan manusia dan keadilan sosial"", ""total_hits"": 3, ""unique_keyword_hits"": 1, ""matched_keywords"": [{""keyword"": ""anak"", ""hit_count"": 3}]}]",Kedaulatan pangan dan swasembada,Reformasi birokrasi dan efisiensi negara,"Kesehatan, gizi, dan perlindungan sosial",Ketahanan nasional dan kedaulatan strategis,Kedaulatan dan kemandirian nasional,REVIEWED,,2026-06-11T22:11:06
SPCH_004_PERESMIAN_166_SEKOLAH_CHK_011,SPCH_004_PERESMIAN_166_SEKOLAH,NASKAH-PIDATO-PRABOWO-PERESMIAN-166-SEKOLAH.txt,Peresmian 166 Sekolah,national,,id,https://setkab.go.id/sambutan-presiden-republik-indonesia-pada-peresmian-166-sekolah-rakyat-di-34-provinsi-di-balai-besar-pendidkan-pelatihan-kesejahteran-sosial-banjarmasin-kota-banjarbaru-provinsi-kalimantan-selatan/,setkab.go.id,VALID_SETKAB_DOMAIN_OFFLINE,11,"Cadangan beras kita di gudang pemerintah hari ini, tertinggi selama sejarah Republik Indonesia, Saudara-saudara, dan kita akan terus memperkuat, terus memperkuat. Sebentar lagi, kita swasembada jagung untuk pakan para petani dan peternak. Habis itu, kita akan swasembada di bidang-bidang lain. Juga, hari ini kita berhasil melihat dan meresmikan 166 Sekolah Rakyat. Sasaran kita adalah 500 Sekolah Rakyat sampai tahun 2029, insyallah akan tercapai. Dan, saya minta maaf kami masih belum bisa menghasilkan lebih banyak daripada yang sekarang, ini pun usahanya sudah luar biasa. Dan, saya untuk itu, saya sampaikan penghormatan saya sebesar-besarnya kepada Menteri Sosial dan jajarannya yang bekerja keras. Tentunya didukung oleh para Menko, ya, Pak Muhaimin, Profesor Pratik, didukung oleh menteri-menteri Dikdasmen, [Kementerian] Dikti dan Sains, Menteri Agama. Semua menteri-menteri yang dukung ini luar biasa. Dan, saya percaya di ujungnya kita akan capai target kita 500 [SR] dan tiap sekolah nanti ujungnya, sasaran kita adalah tiap sekolah adalah 1.000 murid, 1.000 murid. Kalau hari ini baru sampai 15.000 [murid], tapi saya dilaporkan mungkin akhir tahun ini akan mencapai 30.000. Tapi, ujungnya sasaran kita adalah tiap kampus, sekolah, rakyat adalah 1.000 murid, berarti sasaran kita nanti 500.000, 500.000 murid. Cita-cita saya di akhir masa jabatan saya, tahun 2029, bahwa mereka yang berada di kemiskinan ekstrem, Desil 1 dan 2, bisa kita ubah nasibnya, kita bisa hilangkan kemiskinan ekstrem di Indonesia.",228,OK,Kedaulatan pangan dan swasembada,Pendidikan dan mobilitas sosial,Pemerataan kesejahteraan dan pengentasan kemiskinan,Ketahanan nasional dan kedaulatan strategis,Pembangunan sumber daya manusia,Kesejahteraan sosial dan pemerataan pembangunan,Kedaulatan dan kemandirian nasional,Pembangunan manusia dan keadilan sosial,Pembangunan manusia dan keadilan sosial,HIGH,"OC001=swasembada(2), beras(1), jagung(1), petani(1) | OC004=sekolah(5), murid(5), kampus(1) | OC003=kemiskinan(2), rakyat(3)","[{""open_code_id"": ""OC001"", ""open_code_label"": ""Kedaulatan pangan dan swasembada"", ""axial_category"": ""Ketahanan nasional dan kedaulatan strategis"", ""selective_theme"": ""Kedaulatan dan kemandirian nasional"", ""total_hits"": 5, ""unique_keyword_hits"": 4, ""matched_keywords"": [{""keyword"": ""swasembada"", ""hit_count"": 2}, {""keyword"": ""beras"", ""hit_count"": 1}, {""keyword"": ""jagung"", ""hit_count"": 1}, {""keyword"": ""petani"", ""hit_count"": 1}]}, {""open_code_id"": ""OC004"", ""open_code_label"": ""Pendidikan dan mobilitas sosial"", ""axial_category"": ""Pembangunan sumber daya manusia"", ""selective_theme"": ""Pembangunan manusia dan keadilan sosial"", ""total_hits"": 11, ""unique_keyword_hits"": 3, ""matched_keywords"": [{""keyword"": ""sekolah"", ""hit_count"": 5}, {""keyword"": ""murid"", ""hit_count"": 5}, {""keyword"": ""kampus"", ""hit_count"": 1}]}, {""open_code_id"": ""OC003"", ""open_code_label"": ""Pemerataan kesejahteraan dan pengentasan kemiskinan"", ""axial_category"": ""Kesejahteraan sosial dan pemerataan pembangunan"", ""selective_theme"": ""Pembangunan manusia dan keadilan sosial"", ""total_hits"": 5, ""unique_keyword_hits"": 2, ""matched_keywords"": [{""keyword"": ""kemiskinan"", ""hit_count"": 2}, {""keyword"": ""rakyat"", ""hit_count"": 3}]}]",Kedaulatan pangan dan swasembada,Pendidikan dan mobilitas sosial,Pemerataan kesejahteraan dan pengentasan kemiskinan,Ketahanan nasional dan kedaulatan strategis,Kedaulatan dan kemandirian nasional,REVIEWED,,2026-06-11T22:11:06
SPCH_004_PERESMIAN_166_SEKOLAH_CHK_012,SPCH_004_PERESMIAN_166_SEKOLAH,NASKAH-PIDATO-PRABOWO-PERESMIAN-166-SEKOLAH.txt,Peresmian 166 Sekolah,national,,id,https://setkab.go.id/sambutan-presiden-republik-indonesia-pada-peresmian-166-sekolah-rakyat-di-34-provinsi-di-balai-besar-pendidkan-pelatihan-kesejahteran-sosial-banjarmasin-kota-banjarbaru-provinsi-kalimantan-selatan/,setkab.go.id,VALID_SETKAB_DOMAIN_OFFLINE,12,"Cita-cita saya di akhir masa jabatan saya, tahun 2029, bahwa mereka yang berada di kemiskinan ekstrem, Desil 1 dan 2, bisa kita ubah nasibnya, kita bisa hilangkan kemiskinan ekstrem di Indonesia. Saya percaya itu bisa terjadi. Keberhasilan-keberhasilan kita sangat banyak, tapi kalau saya rinci di sini saya kira panjang sekali. Bukan kita sombong, bukan kita membangga-banggakan, tapi kita harus, kita harus bangga dengan prestasi, kita harus bangga dengan bukti, ya. Tidak boleh kita tidak mengerti keberhasilan. Kita tidak boleh menjadi bangsa yang rendah diri. Rendah hati boleh, jangan rendah diri, jangan inferior. Kalau Indonesia selalu jelek, enggak boleh, tidak benar. Indonesia berprestasi, Indonesia bisa berprestasi, Indonesia akan berprestasi, dan Indonesia akan bangkit menjadi negara yang baik, negara yang maju, negara yang sejahtera. Saudara-saudara, Di tengah kondisi dunia yang penuh gejolak, penuh ketidakpastian, kita bersyukur negara kita masih dalam keadaan yang baik, potensi kita sangat besar, kekayaan kita sangat banyak. Tidak gampang puluhan tahun, kekayaan kita kurang tertib dikelola. Tidak mudah, banyak orang mengejek saya, saya tahu. Sebetulnya enggak banyak, segelintir orang saja, hanya dia mungkin punya uang, dia punya sarana, dia bisa menyebarkan, dia bisa menyebarkan sinisme, pesimisme, dan kemungkinan besar mereka dibayar oleh kekuatan-kekuatan asing. Itu keyakinan saya, kepercayaan saya. Kalau orang Indonesia yang bersih, jujur, pasti melihat, yang benar adalah benar, yang tidak benar adalah tidak benar. Kita berbuat yang baik, berbuat yang benar masih dicaci-maki, tapi tidak apa-apa, kita tidak ragu-ragu.",234,OK,Pemerataan kesejahteraan dan pengentasan kemiskinan,Persatuan nasional dan kepercayaan diri bangsa,,Kesejahteraan sosial dan pemerataan pembangunan,Identitas nasional dan kepemimpinan,,Pembangunan manusia dan keadilan sosial,Kedaulatan dan kemandirian nasional,,LOW,OC003=kemiskinan(2) | OC013=bangsa(1),"[{""open_code_id"": ""OC003"", ""open_code_label"": ""Pemerataan kesejahteraan dan pengentasan kemiskinan"", ""axial_category"": ""Kesejahteraan sosial dan pemerataan pembangunan"", ""selective_theme"": ""Pembangunan manusia dan keadilan sosial"", ""total_hits"": 2, ""unique_keyword_hits"": 1, ""matched_keywords"": [{""keyword"": ""kemiskinan"", ""hit_count"": 2}]}, {""open_code_id"": ""OC013"", ""open_code_label"": ""Persatuan nasional dan kepercayaan diri bangsa"", ""axial_category"": ""Identitas nasional dan kepemimpinan"", ""selective_theme"": ""Kedaulatan dan kemandirian nasional"", ""total_hits"": 1, ""unique_keyword_hits"": 1, ""matched_keywords"": [{""keyword"": ""bangsa"", ""hit_count"": 1}]}]",Pemerataan kesejahteraan dan pengentasan kemiskinan,Persatuan nasional dan kepercayaan diri bangsa,,Kesejahteraan sosial dan pemerataan pembangunan,Pembangunan manusia dan keadilan sosial,REVIEWED,,2026-06-11T22:11:06
SPCH_004_PERESMIAN_166_SEKOLAH_CHK_013,SPCH_004_PERESMIAN_166_SEKOLAH,NASKAH-PIDATO-PRABOWO-PERESMIAN-166-SEKOLAH.txt,Peresmian 166 Sekolah,national,,id,https://setkab.go.id/sambutan-presiden-republik-indonesia-pada-peresmian-166-sekolah-rakyat-di-34-provinsi-di-balai-besar-pendidkan-pelatihan-kesejahteran-sosial-banjarmasin-kota-banjarbaru-provinsi-kalimantan-selatan/,setkab.go.id,VALID_SETKAB_DOMAIN_OFFLINE,13,"Kita berbuat yang baik, berbuat yang benar masih dicaci-maki, tapi tidak apa-apa, kita tidak ragu-ragu. Saya hari ini merasa bahwa tekad kita benar dan dibuktikan benar. Setelah enam bulan kita melihat keadaan anak-anak kita seperti ini, luar biasa ini, ya. Jadi sekali lagi, sekali lagi, saya mengajak semua, seluruh bangsa Indonesia selalu, mari kita bersatu, mari kita kerja sama untuk menghilangkan kemiskinan dan kelaparan dari Indonesia. Kita bangkitkan semua kehidupan bangsa Indonesia. Pendidikan adalah sarana, sarana yang paling benar untuk menghilangkan kemiskinan. Tapi pendidikan butuh uang. Uang kita kalau dicuri, kalau dikorupsi, kurang untuk membangun semua sekolah yang kita ingin bangun, Saudara-saudara, semua kampus yang kita ingin bangun. Saudara-saudara, Kita kekurangan dokter, kita kekurangan ratusan ribu dokter. Rakyat kita perlu dokter, perlu dokter gigi. Tidak bisa hanya dengan bicara, dengan memfitnah, menghardik, mengejek, tidak bisa. Kita harus buka sekolah-sekolah, kampus-kampus yang banyak. Dan, saya akan buktikan kepada seluruh rakyat Indonesia, dalam waktu dekat, kita akan buka kampus-kampus kedokteran. Dan, di kampus kedokteran ini, dan rencana saya, kampus-kampus kedokteran, kampus-kampus teknik dan yang sebagainya, nanti dibuka untuk semua anak-anak Indonesia dan mereka tidak boleh bayar, dibayar oleh negara. Saya ingin anaknya tukang pemulung bisa jadi insinyur, bisa jadi dokter, bisa jadi pengusaha, bisa jadi jenderal, itu cita-cita saya, Saudara-saudara. Saya akan bangga melihat itu. Sekali lagi, kita harus berani. Siapa berani dia menang, berani berbuat.",224,OK,Pendidikan dan mobilitas sosial,Pemerataan kesejahteraan dan pengentasan kemiskinan,"Kesehatan, gizi, dan perlindungan sosial",Pembangunan sumber daya manusia,Kesejahteraan sosial dan pemerataan pembangunan,Pembangunan sumber daya manusia,Pembangunan manusia dan keadilan sosial,Pembangunan manusia dan keadilan sosial,Pembangunan manusia dan keadilan sosial,HIGH,"OC004=sekolah(3), pendidikan(2), kampus(10) | OC003=kemiskinan(2), rakyat(2), kelaparan(1) | OC005=anak(4)","[{""open_code_id"": ""OC004"", ""open_code_label"": ""Pendidikan dan mobilitas sosial"", ""axial_category"": ""Pembangunan sumber daya manusia"", ""selective_theme"": ""Pembangunan manusia dan keadilan sosial"", ""total_hits"": 15, ""unique_keyword_hits"": 3, ""matched_keywords"": [{""keyword"": ""sekolah"", ""hit_count"": 3}, {""keyword"": ""pendidikan"", ""hit_count"": 2}, {""keyword"": ""kampus"", ""hit_count"": 10}]}, {""open_code_id"": ""OC003"", ""open_code_label"": ""Pemerataan kesejahteraan dan pengentasan kemiskinan"", ""axial_category"": ""Kesejahteraan sosial dan pemerataan pembangunan"", ""selective_theme"": ""Pembangunan manusia dan keadilan sosial"", ""total_hits"": 5, ""unique_keyword_hits"": 3, ""matched_keywords"": [{""keyword"": ""kemiskinan"", ""hit_count"": 2}, {""keyword"": ""rakyat"", ""hit_count"": 2}, {""keyword"": ""kelaparan"", ""hit_count"": 1}]}, {""open_code_id"": ""OC005"", ""open_code_label"": ""Kesehatan, gizi, dan perlindungan sosial"", ""axial_category"": ""Pembangunan sumber daya manusia"", ""selective_theme"": ""Pembangunan manusia dan keadilan sosial"", ""total_hits"": 4, ""unique_keyword_hits"": 1, ""matched_keywords"": [{""keyword"": ""anak"", ""hit_count"": 4}]}]",Pendidikan dan mobilitas sosial,Pemerataan kesejahteraan dan pengentasan kemiskinan,"Kesehatan, gizi, dan perlindungan sosial",Pembangunan sumber daya manusia,Pembangunan manusia dan keadilan sosial,REVIEWED,,2026-06-11T22:11:06
SPCH_004_PERESMIAN_166_SEKOLAH_CHK_014,SPCH_004_PERESMIAN_166_SEKOLAH,NASKAH-PIDATO-PRABOWO-PERESMIAN-166-SEKOLAH.txt,Peresmian 166 Sekolah,national,,id,https://setkab.go.id/sambutan-presiden-republik-indonesia-pada-peresmian-166-sekolah-rakyat-di-34-provinsi-di-balai-besar-pendidkan-pelatihan-kesejahteran-sosial-banjarmasin-kota-banjarbaru-provinsi-kalimantan-selatan/,setkab.go.id,VALID_SETKAB_DOMAIN_OFFLINE,14,"Siapa berani dia menang, berani berbuat. Sebelum berbuat, berani melihat keadaan yang sebenarnya. Berani melihat kesulitan, berani menghadapi kesulitan. Jangan lari dari kesulitan, jangan menutupi kesulitan. Lihat kesulitan, hadapi, atasi. Baru kita bangkit sebagai bangsa. Terima kasih. Cukup? Saudara-saudara, Karena saya harus ada acara lagi di Balikpapan, meresmikan suatu kilang, suatu modernisasi kilang minyak di Balikpapan. Dengan modernisasi kilang minyak ini, kita akan menghemat devisa yang banyak. Kita tidak perlu lagi impor-impor terlalu banyak BBM [bahan bakar minyak]. Saudara-saudara, Kita mengerti, masalah sudah mengerti. Tim saya sudah mengerti, tim saya bekerja keras. Kita hadapi, ada bencana, kita atasi, ya, kan? Ada kesulitan kita atasi. Terima kasih, tim saya semuanya. Di depan rakyat, saya mengatakan, saya bangga dengan prestasi tim saya, dan saya percaya, kita dalam bulan-bulan akan datang, kita akan beri terus-menerus bukti hasil prestasi kepada rakyat Indonesia dalam minggu-minggu, bulan-bulan, dan tahun-tahun mendatang. Tentunya, kami, saya, tidak punya tongkat Nabi Musa. Saya juga tidak punya tongkat Nabi Sulaiman. Tidak bisa seketika. Tapi insyaallah, setapak demi setapak, kita bekerja dengan cepat. Perjalanan seribu kilometer dimulai dengan satu langkah dan kita sudah berbuat banyak langkah, Saudara-saudara sekalian. Makan Bergizi Gratis (MBG) hari ini, kalau tidak salah, sudah mencapai 58 juta, 58 juta penerima manfaat, 58 juta anak-anak, ibu-ibu hamil, dan lansia menerima makan tiap hari, tiap hari sekolah, ya. Tapi kalau yang ibu-ibu hamil, tujuh hari diberi.",226,OK,"Kesehatan, gizi, dan perlindungan sosial",Kedaulatan energi dan pengelolaan sumber daya,Pemerataan kesejahteraan dan pengentasan kemiskinan,Pembangunan sumber daya manusia,Ketahanan nasional dan kedaulatan strategis,Kesejahteraan sosial dan pemerataan pembangunan,Pembangunan manusia dan keadilan sosial,Kedaulatan dan kemandirian nasional,Pembangunan manusia dan keadilan sosial,HIGH,"OC005=makan bergizi(1), mbg(1), anak(2), ibu hamil(2), lansia(1) | OC002=bbm(1), kilang(3) | OC003=rakyat(2)","[{""open_code_id"": ""OC005"", ""open_code_label"": ""Kesehatan, gizi, dan perlindungan sosial"", ""axial_category"": ""Pembangunan sumber daya manusia"", ""selective_theme"": ""Pembangunan manusia dan keadilan sosial"", ""total_hits"": 7, ""unique_keyword_hits"": 5, ""matched_keywords"": [{""keyword"": ""makan bergizi"", ""hit_count"": 1}, {""keyword"": ""mbg"", ""hit_count"": 1}, {""keyword"": ""anak"", ""hit_count"": 2}, {""keyword"": ""ibu hamil"", ""hit_count"": 2}, {""keyword"": ""lansia"", ""hit_count"": 1}]}, {""open_code_id"": ""OC002"", ""open_code_label"": ""Kedaulatan energi dan pengelolaan sumber daya"", ""axial_category"": ""Ketahanan nasional dan kedaulatan strategis"", ""selective_theme"": ""Kedaulatan dan kemandirian nasional"", ""total_hits"": 4, ""unique_keyword_hits"": 2, ""matched_keywords"": [{""keyword"": ""bbm"", ""hit_count"": 1}, {""keyword"": ""kilang"", ""hit_count"": 3}]}, {""open_code_id"": ""OC003"", ""open_code_label"": ""Pemerataan kesejahteraan dan pengentasan kemiskinan"", ""axial_category"": ""Kesejahteraan sosial dan pemerataan pembangunan"", ""selective_theme"": ""Pembangunan manusia dan keadilan sosial"", ""total_hits"": 2, ""unique_keyword_hits"": 1, ""matched_keywords"": [{""keyword"": ""rakyat"", ""hit_count"": 2}]}]","Kesehatan, gizi, dan perlindungan sosial",Kedaulatan energi dan pengelolaan sumber daya,Pemerataan kesejahteraan dan pengentasan kemiskinan,Pembangunan sumber daya manusia,Pembangunan manusia dan keadilan sosial,REVIEWED,,2026-06-11T22:11:06
SPCH_004_PERESMIAN_166_SEKOLAH_CHK_015,SPCH_004_PERESMIAN_166_SEKOLAH,NASKAH-PIDATO-PRABOWO-PERESMIAN-166-SEKOLAH.txt,Peresmian 166 Sekolah,national,,id,https://setkab.go.id/sambutan-presiden-republik-indonesia-pada-peresmian-166-sekolah-rakyat-di-34-provinsi-di-balai-besar-pendidkan-pelatihan-kesejahteran-sosial-banjarmasin-kota-banjarbaru-provinsi-kalimantan-selatan/,setkab.go.id,VALID_SETKAB_DOMAIN_OFFLINE,15,"Tapi kalau yang ibu-ibu hamil, tujuh hari diberi. Lima puluh delapan juta [penerima manfaat], dalam satu tahun. Negara mana yang bisa berbuat itu? Negara mana? Dan, total sudah kita beri makan itu, kalau tidak salah tiga miliar porsi sudah kita cetak, Saudara-saudara sekalian. Ini prestasi. Dan, insyaallah paling lambat akhir tahun ini, kita akan sampai sasaran kita, 82 juta lebih penerima manfaat. Kalau Januari saja sudah 58 juta, saya percaya kita akan capai [bulan] Desember. Walaupun Kepala BGN [Badan Gizi Nasional] mengatakan, ""Tidak, Pak, kami akan lebih cepat dari Desember."" Oke, jangan dipaksa. Teliti. Buat yang terbaik. Kita juga akan melihat beroperasinya minimal 25 ribu Koperasi Merah Putih. Dari rencana kita 81 ribu, kita yakin bulan Maret-April akan berfungsi beroperasi 25 ribu koperasi. Berarti akhir Desember, saya berharap akan mencapai minimal 60 ribu Koperasi Merah Putih, Desember 2026. Artinya, ekonomi kita akan bangkit di semua bidang. Saya kira itu. Terima kasih sekali lagi, semua unsur yang bekerja keras untuk Sekolah Rakyat. Terima kasih anak-anakku, atas semangatmu. Guru-guru, terima kasih. Kepala sekolah, terima kasih. Saya minta dibina dengan baik. Guru harus selalu memberi contoh, ya, guru harus memberi contoh. Saya minta para guru selalu memberi yang terbaik, memberi contoh. Tampil di depan murid harus dalam keadaan yang baik, yang tertib, yang rapi, ya. Kalau perlu saya minta juga bantuan TNI dan Polri secara bergilir, mungkin mengirim beberapa perwira untuk bantu, mungkin dikunjungi bergiliran dan dibina, diberi cara berpakaian yang baik, cara pakai dasi yang baik, ya, cara pakai baret yang baik.",250,OK,Pendidikan dan mobilitas sosial,"Kesehatan, gizi, dan perlindungan sosial","Koperasi, desa, dan ekonomi akar rumput",Pembangunan sumber daya manusia,Pembangunan sumber daya manusia,Transformasi ekonomi dan pembangunan produktif,Pembangunan manusia dan keadilan sosial,Pembangunan manusia dan keadilan sosial,Transformasi ekonomi dan pembangunan nasional,HIGH,"OC004=sekolah(2), murid(1), guru(5) | OC005=gizi(1), anak(1), ibu hamil(1) | OC011=koperasi(3)","[{""open_code_id"": ""OC004"", ""open_code_label"": ""Pendidikan dan mobilitas sosial"", ""axial_category"": ""Pembangunan sumber daya manusia"", ""selective_theme"": ""Pembangunan manusia dan keadilan sosial"", ""total_hits"": 8, ""unique_keyword_hits"": 3, ""matched_keywords"": [{""keyword"": ""sekolah"", ""hit_count"": 2}, {""keyword"": ""murid"", ""hit_count"": 1}, {""keyword"": ""guru"", ""hit_count"": 5}]}, {""open_code_id"": ""OC005"", ""open_code_label"": ""Kesehatan, gizi, dan perlindungan sosial"", ""axial_category"": ""Pembangunan sumber daya manusia"", ""selective_theme"": ""Pembangunan manusia dan keadilan sosial"", ""total_hits"": 3, ""unique_keyword_hits"": 3, ""matched_keywords"": [{""keyword"": ""gizi"", ""hit_count"": 1}, {""keyword"": ""anak"", ""hit_count"": 1}, {""keyword"": ""ibu hamil"", ""hit_count"": 1}]}, {""open_code_id"": ""OC011"", ""open_code_label"": ""Koperasi, desa, dan ekonomi akar rumput"", ""axial_category"": ""Transformasi ekonomi dan pembangunan produktif"", ""selective_theme"": ""Transformasi ekonomi dan pembangunan nasional"", ""total_hits"": 3, ""unique_keyword_hits"": 1, ""matched_keywords"": [{""keyword"": ""koperasi"", ""hit_count"": 3}]}]",Pendidikan dan mobilitas sosial,"Kesehatan, gizi, dan perlindungan sosial","Koperasi, desa, dan ekonomi akar rumput",Pembangunan sumber daya manusia,Pembangunan manusia dan keadilan sosial,REVIEWED,,2026-06-11T22:11:07
SPCH_004_PERESMIAN_166_SEKOLAH_CHK_016,SPCH_004_PERESMIAN_166_SEKOLAH,NASKAH-PIDATO-PRABOWO-PERESMIAN-166-SEKOLAH.txt,Peresmian 166 Sekolah,national,,id,https://setkab.go.id/sambutan-presiden-republik-indonesia-pada-peresmian-166-sekolah-rakyat-di-34-provinsi-di-balai-besar-pendidkan-pelatihan-kesejahteran-sosial-banjarmasin-kota-banjarbaru-provinsi-kalimantan-selatan/,setkab.go.id,VALID_SETKAB_DOMAIN_OFFLINE,16,"Kalau perlu saya minta juga bantuan TNI dan Polri secara bergilir, mungkin mengirim beberapa perwira untuk bantu, mungkin dikunjungi bergiliran dan dibina, diberi cara berpakaian yang baik, cara pakai dasi yang baik, ya, cara pakai baret yang baik. Saya minta Seskab dan Mensesneg bantu Mensos, bantu Menko-Menko. Dilihat lagi, ya, kan, yang mungkin kurang apa, kita perbaiki, ya, kan. Kalau ada baret-baret yang kekecilan diganti yang tidak kekecilan, ya. Jadi Saudara-saudara, Anak-anak Indonesia yang akan digembleng di candradimuka tadi, candradimuka Sekolah Rakyat harus dibina dengan baik. Penampilannya harus baik. Luar biasa tadi yang dari Pasuruan, ya? Hebat sekali, lo, komandannya suruh menghadap saya nanti. Saya kira tidak kalah dengan SMA Taruna Nusantara (TN). Sikapnya itu, lo. Balik kanannya itu luar biasa, saya belum pernah lihat, enggak tahu saya. Pak Sugiono, kepala lembaga, ya? Kau kepala lembaga TN, ya? Kau lulusan TN, ya? Enggak yakin so, balik kananmu sama dengan ini. Tapi kamu sudah menteri, saya enggak mau uji kamu. Duduk, duduk, duduk. Gila, ya. Wah, luar biasa. Saya ini, saya ini orang Jawa tapi dari Banyumas. Setengah Banyumas, setengah Sulawesi. Jadi kalau orang Banyumas itu agak beda dengan orang Solo. Mana, ada orang Solo di sini? Kalau orang Solo itu bicaranya halus, ya, kan? Kalau Banyumas itu bisa-bisa orang Banyumas itu ya, mungkin mirip-mirip Madura lah, kira-kira, ya. Jadi, apa adanya.",221,OK,"Kesehatan, gizi, dan perlindungan sosial",Pendidikan dan mobilitas sosial,Pemerataan kesejahteraan dan pengentasan kemiskinan,Pembangunan sumber daya manusia,Pembangunan sumber daya manusia,Kesejahteraan sosial dan pemerataan pembangunan,Pembangunan manusia dan keadilan sosial,Pembangunan manusia dan keadilan sosial,Pembangunan manusia dan keadilan sosial,LOW,OC005=anak(2) | OC004=sekolah(1) | OC003=rakyat(1),"[{""open_code_id"": ""OC005"", ""open_code_label"": ""Kesehatan, gizi, dan perlindungan sosial"", ""axial_category"": ""Pembangunan sumber daya manusia"", ""selective_theme"": ""Pembangunan manusia dan keadilan sosial"", ""total_hits"": 2, ""unique_keyword_hits"": 1, ""matched_keywords"": [{""keyword"": ""anak"", ""hit_count"": 2}]}, {""open_code_id"": ""OC004"", ""open_code_label"": ""Pendidikan dan mobilitas sosial"", ""axial_category"": ""Pembangunan sumber daya manusia"", ""selective_theme"": ""Pembangunan manusia dan keadilan sosial"", ""total_hits"": 1, ""unique_keyword_hits"": 1, ""matched_keywords"": [{""keyword"": ""sekolah"", ""hit_count"": 1}]}, {""open_code_id"": ""OC003"", ""open_code_label"": ""Pemerataan kesejahteraan dan pengentasan kemiskinan"", ""axial_category"": ""Kesejahteraan sosial dan pemerataan pembangunan"", ""selective_theme"": ""Pembangunan manusia dan keadilan sosial"", ""total_hits"": 1, ""unique_keyword_hits"": 1, ""matched_keywords"": [{""keyword"": ""rakyat"", ""hit_count"": 1}]}]","Kesehatan, gizi, dan perlindungan sosial",Pendidikan dan mobilitas sosial,Pemerataan kesejahteraan dan pengentasan kemiskinan,Pembangunan sumber daya manusia,Pembangunan manusia dan keadilan sosial,EXCLUDED,,2026-06-11T22:11:07
SPCH_004_PERESMIAN_166_SEKOLAH_CHK_017,SPCH_004_PERESMIAN_166_SEKOLAH,NASKAH-PIDATO-PRABOWO-PERESMIAN-166-SEKOLAH.txt,Peresmian 166 Sekolah,national,,id,https://setkab.go.id/sambutan-presiden-republik-indonesia-pada-peresmian-166-sekolah-rakyat-di-34-provinsi-di-balai-besar-pendidkan-pelatihan-kesejahteran-sosial-banjarmasin-kota-banjarbaru-provinsi-kalimantan-selatan/,setkab.go.id,VALID_SETKAB_DOMAIN_OFFLINE,17,"Jadi, apa adanya. Kalau tidak benar, saya bilang tidak benar. Tapi kalau baik, saya bilang baik. Kalau hebat, saya bilang hebat. Kalau kagum, walaupun anak kecil, saya kagum tadi. Luar biasa tadi baris-berbarisnya. Mungkin, mungkin kira-kira apa? Kita kasih beasiswa juga anak itu, ya. Kita lihat umurnya berapa. Kita jangan ragu-ragu. Prestasi, hormati, beri penghargaan. Cepat. Salah satu kekurangan bangsa kita adalah pelit, pelit memberi penghargaan, ya. Tapi saya senang sekarang. Panglima TNI dan Kapolri tidak pelit. Berprestasi, naikin pangkat. Apa ruginya? Ya, kan. Kalau yang sipil-sipil, berprestasi, kalau masih sekolah, kasih beasiswa, sekolahkan ke mana, ya. Yang nakal-nakal, bina lagi, enggak apa-apa, ya, kan. Saya dulu waktu muda, ya, tergolong murid yang ya, agak nakal juga. Saya kira itu dari saya. Terima kasih sekali lagi. Wassalamualaikum warahmatullahi wabarakatuh, Salam sejahtera untuk kita sekalian, Syalom, Salve, Om santi santi santi om, Namo Buddhaya, Salam kebajikan. Semoga Tuhan Maha Besar, Allah Swt., senantiasa melindungi Saudara-saudara sekalian, melindungi anak-anak kita. Semoga seterusnya terus semangat, terus bekerja keras. Belajar, belajar, belajar, untuk nanti Saudara-saudara angkat orang tuamu ke tempat yang lebih baik.",179,OK,Pendidikan dan mobilitas sosial,"Kesehatan, gizi, dan perlindungan sosial",Persatuan nasional dan kepercayaan diri bangsa,Pembangunan sumber daya manusia,Pembangunan sumber daya manusia,Identitas nasional dan kepemimpinan,Pembangunan manusia dan keadilan sosial,Pembangunan manusia dan keadilan sosial,Kedaulatan dan kemandirian nasional,MEDIUM,"OC004=sekolah(1), murid(1) | OC005=anak(4) | OC013=bangsa(1)","[{""open_code_id"": ""OC004"", ""open_code_label"": ""Pendidikan dan mobilitas sosial"", ""axial_category"": ""Pembangunan sumber daya manusia"", ""selective_theme"": ""Pembangunan manusia dan keadilan sosial"", ""total_hits"": 2, ""unique_keyword_hits"": 2, ""matched_keywords"": [{""keyword"": ""sekolah"", ""hit_count"": 1}, {""keyword"": ""murid"", ""hit_count"": 1}]}, {""open_code_id"": ""OC005"", ""open_code_label"": ""Kesehatan, gizi, dan perlindungan sosial"", ""axial_category"": ""Pembangunan sumber daya manusia"", ""selective_theme"": ""Pembangunan manusia dan keadilan sosial"", ""total_hits"": 4, ""unique_keyword_hits"": 1, ""matched_keywords"": [{""keyword"": ""anak"", ""hit_count"": 4}]}, {""open_code_id"": ""OC013"", ""open_code_label"": ""Persatuan nasional dan kepercayaan diri bangsa"", ""axial_category"": ""Identitas nasional dan kepemimpinan"", ""selective_theme"": ""Kedaulatan dan kemandirian nasional"", ""total_hits"": 1, ""unique_keyword_hits"": 1, ""matched_keywords"": [{""keyword"": ""bangsa"", ""hit_count"": 1}]}]",Pendidikan dan mobilitas sosial,"Kesehatan, gizi, dan perlindungan sosial",Persatuan nasional dan kepercayaan diri bangsa,Pembangunan sumber daya manusia,Pembangunan manusia dan keadilan sosial,REVIEWED,,2026-06-11T22:11:07
SPCH_005_WORLD_ECONOMIC_FORUM_CHK_001,SPCH_005_WORLD_ECONOMIC_FORUM,NASKAH-PIDATO-PRABOWO-WORLD-ECONOMIC-FORUM.txt,World Economic Forum,international,1/22/2026,en,https://setkab.go.id/sambutan-presiden-republik-indonesia-pada-world-economic-forum-wef-annual-meeting-2026-di-london-inggris-pada-kamis-22-januari-2026/,setkab.go.id,VALID_SETKAB_DOMAIN_OFFLINE,1,"Distinguished President and CEO of the WEF, Mr. Borge Brende, Ladies and Gentlemen, Bismillahirrahmanirrahim, Assalamu'alaikum warahmatullahi wabarakatuh, Shalom, Salve, Om swastiastu. Ladies and Gentlemen, We gather here, in Davos, at a time of great uncertainty. A time when wars continue to break out. A time when trust between nations, between institutions, between peoples, is fragile. History teaches us peace and stability are our most valuable assets. Peace and stability are the ultimate prerequisites for growth and prosperity. There will be no prosperity without peace. Excellencies, Distinguished Delegates, The IMF recently described Indonesia as, I quote, a global bright spot with strong economic growth amid a challenging external environment. While the world had faced tightening financial conditions, trade tensions. and political uncertainty, Indonesia continues to grow. Indonesia's economy grew by more than 5 percent every year over the last decade and I'm confident that this year our growth will be higher. Our inflation remains at around 2 percent. Our government deficit is now cut below 3 percent of our GDP. International institutions did not praise us because of unfounded optimism, they did so because of evidence. They recognize that the Indonesia's economy is resilient. Our policies have been and will always be well calibrated. Peace and stability in Indonesia over the years did not happen by chance. Peace and stability in my country did not happen by luck.",227,OK,Diplomasi multilateral dan kerja sama internasional,"Investasi, industrialisasi, dan pertumbuhan ekonomi",Reformasi birokrasi dan efisiensi negara,Diplomasi dan tatanan global,Transformasi ekonomi dan pembangunan produktif,Tata kelola pemerintahan dan rule of law,"Diplomasi, perdamaian, dan keadilan global",Transformasi ekonomi dan pembangunan nasional,Reformasi tata kelola dan penegakan hukum,HIGH,"OC008=wef(1), peace(5), stability(4), international(1) | OC010=growth(3) | OC007=government(1)","[{""open_code_id"": ""OC008"", ""open_code_label"": ""Diplomasi multilateral dan kerja sama internasional"", ""axial_category"": ""Diplomasi dan tatanan global"", ""selective_theme"": ""Diplomasi, perdamaian, dan keadilan global"", ""total_hits"": 11, ""unique_keyword_hits"": 4, ""matched_keywords"": [{""keyword"": ""wef"", ""hit_count"": 1}, {""keyword"": ""peace"", ""hit_count"": 5}, {""keyword"": ""stability"", ""hit_count"": 4}, {""keyword"": ""international"", ""hit_count"": 1}]}, {""open_code_id"": ""OC010"", ""open_code_label"": ""Investasi, industrialisasi, dan pertumbuhan ekonomi"", ""axial_category"": ""Transformasi ekonomi dan pembangunan produktif"", ""selective_theme"": ""Transformasi ekonomi dan pembangunan nasional"", ""total_hits"": 3, ""unique_keyword_hits"": 1, ""matched_keywords"": [{""keyword"": ""growth"", ""hit_count"": 3}]}, {""open_code_id"": ""OC007"", ""open_code_label"": ""Reformasi birokrasi dan efisiensi negara"", ""axial_category"": ""Tata kelola pemerintahan dan rule of law"", ""selective_theme"": ""Reformasi tata kelola dan penegakan hukum"", ""total_hits"": 1, ""unique_keyword_hits"": 1, ""matched_keywords"": [{""keyword"": ""government"", ""hit_count"": 1}]}]",Diplomasi multilateral dan kerja sama internasional,"Investasi, industrialisasi, dan pertumbuhan ekonomi",Reformasi birokrasi dan efisiensi negara,Diplomasi dan tatanan global,"Diplomasi, perdamaian, dan keadilan global",REVIEWED,,2026-06-11T22:11:07
SPCH_005_WORLD_ECONOMIC_FORUM_CHK_002,SPCH_005_WORLD_ECONOMIC_FORUM,NASKAH-PIDATO-PRABOWO-WORLD-ECONOMIC-FORUM.txt,World Economic Forum,international,1/22/2026,en,https://setkab.go.id/sambutan-presiden-republik-indonesia-pada-world-economic-forum-wef-annual-meeting-2026-di-london-inggris-pada-kamis-22-januari-2026/,setkab.go.id,VALID_SETKAB_DOMAIN_OFFLINE,2,"Peace and stability in my country did not happen by luck. It happened because we, Indonesia, have and will always continue to use unity over fragmentation. Friendship and collaboration over confrontation. And, always friendship over enmity. Our credibility hard earned over many years has been protected. Credibility once lost is very expensive to regain. Indonesia, in our history, has never once defaulted on our payments of our debt, not once. Succeeding regimes always pay the debts of the preceding regime. Presidents, successful presidents will always honor the debts of the previous administration. Excellencies, Distinguished Friends, In addition to requiring peace and stability, growth requires statecraft and capital. In particular, the efficient allocation and reallocation of capital. That is why last February we established our sovereign wealth fund, Danantara Indonesia. Danantara needs the energy to power the future of Indonesia. Danantara is a sovereign wealth fund with one trillion US dollars in assets under management. With Danantara, I can stand here in front of you as an equal partner. Indonesia is now not only a land of peace and stability, Indonesia now is more and more the land of opportunity. Once again, I mentioned that I am convinced that our growth, the economy, the growth of our economy will be significantly surprising to many in the world. With Danantara, Indonesia is now able to be your partners.",226,OK,"Investasi, industrialisasi, dan pertumbuhan ekonomi",Diplomasi multilateral dan kerja sama internasional,Persatuan nasional dan kepercayaan diri bangsa,Transformasi ekonomi dan pembangunan produktif,Diplomasi dan tatanan global,Identitas nasional dan kepemimpinan,Transformasi ekonomi dan pembangunan nasional,"Diplomasi, perdamaian, dan keadilan global",Kedaulatan dan kemandirian nasional,HIGH,"OC010=danantara(5), growth(3), capital(2) | OC008=collaboration(1), peace(3), stability(3) | OC013=unity(1)","[{""open_code_id"": ""OC010"", ""open_code_label"": ""Investasi, industrialisasi, dan pertumbuhan ekonomi"", ""axial_category"": ""Transformasi ekonomi dan pembangunan produktif"", ""selective_theme"": ""Transformasi ekonomi dan pembangunan nasional"", ""total_hits"": 10, ""unique_keyword_hits"": 3, ""matched_keywords"": [{""keyword"": ""danantara"", ""hit_count"": 5}, {""keyword"": ""growth"", ""hit_count"": 3}, {""keyword"": ""capital"", ""hit_count"": 2}]}, {""open_code_id"": ""OC008"", ""open_code_label"": ""Diplomasi multilateral dan kerja sama internasional"", ""axial_category"": ""Diplomasi dan tatanan global"", ""selective_theme"": ""Diplomasi, perdamaian, dan keadilan global"", ""total_hits"": 7, ""unique_keyword_hits"": 3, ""matched_keywords"": [{""keyword"": ""collaboration"", ""hit_count"": 1}, {""keyword"": ""peace"", ""hit_count"": 3}, {""keyword"": ""stability"", ""hit_count"": 3}]}, {""open_code_id"": ""OC013"", ""open_code_label"": ""Persatuan nasional dan kepercayaan diri bangsa"", ""axial_category"": ""Identitas nasional dan kepemimpinan"", ""selective_theme"": ""Kedaulatan dan kemandirian nasional"", ""total_hits"": 1, ""unique_keyword_hits"": 1, ""matched_keywords"": [{""keyword"": ""unity"", ""hit_count"": 1}]}]","Investasi, industrialisasi, dan pertumbuhan ekonomi",Diplomasi multilateral dan kerja sama internasional,Persatuan nasional dan kepercayaan diri bangsa,Transformasi ekonomi dan pembangunan produktif,Transformasi ekonomi dan pembangunan nasional,REVIEWED,,2026-06-11T22:11:07
SPCH_005_WORLD_ECONOMIC_FORUM_CHK_003,SPCH_005_WORLD_ECONOMIC_FORUM,NASKAH-PIDATO-PRABOWO-WORLD-ECONOMIC-FORUM.txt,World Economic Forum,international,1/22/2026,en,https://setkab.go.id/sambutan-presiden-republik-indonesia-pada-world-economic-forum-wef-annual-meeting-2026-di-london-inggris-pada-kamis-22-januari-2026/,setkab.go.id,VALID_SETKAB_DOMAIN_OFFLINE,3,"With Danantara, Indonesia is now able to be your partners. We will co-invest and grow with you. Danantara is established to finance and co-finance the industries of the future. We are determined to industrialize our country in a significant way. The industries of the future must be executed well and wisely. That is why we built Danantara with strong oversight and institutional responsibility, and we try to find the best executives to direct the leadership of Danantara. Danantara now manages 1,044 state-owned enterprises. We are going to bring this down to around at most 300. We will rationalize, we will get rid of inefficiency. We want the best governance and the best management under international standards. I have allowed Danantara to recruit expatriates, foreign citizens, to be able to lead these companies. We want the best brains and the best minds in the world. This is, in fact, how we run Indonesia now. From our social programs, to our efforts to downstream our natural resources, to our efforts to reach sufficiency in food and energy. All are now accompanied by strong oversight and capable leaders. In the first two months of my administration, we carried out a vigorous efficiency program. We saved 18 billion dollars by stopping inefficient and dubious programs from our budget, and redirected this fund, these funds to projects that directly improve livelihoods and impact all of society.",232,OK,"Investasi, industrialisasi, dan pertumbuhan ekonomi",Reformasi birokrasi dan efisiensi negara,Kedaulatan pangan dan swasembada,Transformasi ekonomi dan pembangunan produktif,Tata kelola pemerintahan dan rule of law,Ketahanan nasional dan kedaulatan strategis,Transformasi ekonomi dan pembangunan nasional,Reformasi tata kelola dan penegakan hukum,Kedaulatan dan kemandirian nasional,HIGH,"OC010=danantara(6), industrialize(1), downstream(1) | OC007=efficiency(1), budget(1), governance(1) | OC001=food(1), sufficiency(1)","[{""open_code_id"": ""OC010"", ""open_code_label"": ""Investasi, industrialisasi, dan pertumbuhan ekonomi"", ""axial_category"": ""Transformasi ekonomi dan pembangunan produktif"", ""selective_theme"": ""Transformasi ekonomi dan pembangunan nasional"", ""total_hits"": 8, ""unique_keyword_hits"": 3, ""matched_keywords"": [{""keyword"": ""danantara"", ""hit_count"": 6}, {""keyword"": ""industrialize"", ""hit_count"": 1}, {""keyword"": ""downstream"", ""hit_count"": 1}]}, {""open_code_id"": ""OC007"", ""open_code_label"": ""Reformasi birokrasi dan efisiensi negara"", ""axial_category"": ""Tata kelola pemerintahan dan rule of law"", ""selective_theme"": ""Reformasi tata kelola dan penegakan hukum"", ""total_hits"": 3, ""unique_keyword_hits"": 3, ""matched_keywords"": [{""keyword"": ""efficiency"", ""hit_count"": 1}, {""keyword"": ""budget"", ""hit_count"": 1}, {""keyword"": ""governance"", ""hit_count"": 1}]}, {""open_code_id"": ""OC001"", ""open_code_label"": ""Kedaulatan pangan dan swasembada"", ""axial_category"": ""Ketahanan nasional dan kedaulatan strategis"", ""selective_theme"": ""Kedaulatan dan kemandirian nasional"", ""total_hits"": 2, ""unique_keyword_hits"": 2, ""matched_keywords"": [{""keyword"": ""food"", ""hit_count"": 1}, {""keyword"": ""sufficiency"", ""hit_count"": 1}]}]","Investasi, industrialisasi, dan pertumbuhan ekonomi",Reformasi birokrasi dan efisiensi negara,Kedaulatan pangan dan swasembada,Transformasi ekonomi dan pembangunan produktif,Transformasi ekonomi dan pembangunan nasional,REVIEWED,,2026-06-11T22:11:07
SPCH_005_WORLD_ECONOMIC_FORUM_CHK_004,SPCH_005_WORLD_ECONOMIC_FORUM,NASKAH-PIDATO-PRABOWO-WORLD-ECONOMIC-FORUM.txt,World Economic Forum,international,1/22/2026,en,https://setkab.go.id/sambutan-presiden-republik-indonesia-pada-world-economic-forum-wef-annual-meeting-2026-di-london-inggris-pada-kamis-22-januari-2026/,setkab.go.id,VALID_SETKAB_DOMAIN_OFFLINE,4,"We saved 18 billion dollars by stopping inefficient and dubious programs from our budget, and redirected this fund, these funds to projects that directly improve livelihoods and impact all of society. As a result, on January 6th, 2025, we started our free nutritious meals program for pregnant and lactating mothers, infants, and all Indonesian children. On our first day, we started with 190 kitchens, serving 570,000 people per day, 570,000 meals per day. Today, in one year, we have achieved 21,102 kitchens serving nationwide. As of last night, we are producing 59.8 million meals for 59.8 million children, mothers, and elderly living alone. They receive these meals every day. To put this into context, in about a month's time, we will surpass McDonald's, 68 million meals a day. We started in January of last year. This year, we aim to serve 82.9 million meals a day. All children of Indonesia from the womb of their mother up until they reach 18 years of age benefit from this program. For pregnant and lactating mothers, we deliver the meal daily to their home. This is also done, delivered to their homes for the elderly living alone. To put this in the context I mentioned, I think McDonald's started the first kitchen in 1940, to reach 68 million it took them what 50, 55 decades more.",229,OK,"Kesehatan, gizi, dan perlindungan sosial",Reformasi birokrasi dan efisiensi negara,Pemerataan kesejahteraan dan pengentasan kemiskinan,Pembangunan sumber daya manusia,Tata kelola pemerintahan dan rule of law,Kesejahteraan sosial dan pemerataan pembangunan,Pembangunan manusia dan keadilan sosial,Reformasi tata kelola dan penegakan hukum,Pembangunan manusia dan keadilan sosial,HIGH,"OC005=meals(6), nutritious(1), children(3), pregnant(2), elderly(2) | OC007=budget(1) | OC003=livelihoods(1)","[{""open_code_id"": ""OC005"", ""open_code_label"": ""Kesehatan, gizi, dan perlindungan sosial"", ""axial_category"": ""Pembangunan sumber daya manusia"", ""selective_theme"": ""Pembangunan manusia dan keadilan sosial"", ""total_hits"": 14, ""unique_keyword_hits"": 5, ""matched_keywords"": [{""keyword"": ""meals"", ""hit_count"": 6}, {""keyword"": ""nutritious"", ""hit_count"": 1}, {""keyword"": ""children"", ""hit_count"": 3}, {""keyword"": ""pregnant"", ""hit_count"": 2}, {""keyword"": ""elderly"", ""hit_count"": 2}]}, {""open_code_id"": ""OC007"", ""open_code_label"": ""Reformasi birokrasi dan efisiensi negara"", ""axial_category"": ""Tata kelola pemerintahan dan rule of law"", ""selective_theme"": ""Reformasi tata kelola dan penegakan hukum"", ""total_hits"": 1, ""unique_keyword_hits"": 1, ""matched_keywords"": [{""keyword"": ""budget"", ""hit_count"": 1}]}, {""open_code_id"": ""OC003"", ""open_code_label"": ""Pemerataan kesejahteraan dan pengentasan kemiskinan"", ""axial_category"": ""Kesejahteraan sosial dan pemerataan pembangunan"", ""selective_theme"": ""Pembangunan manusia dan keadilan sosial"", ""total_hits"": 1, ""unique_keyword_hits"": 1, ""matched_keywords"": [{""keyword"": ""livelihoods"", ""hit_count"": 1}]}]","Kesehatan, gizi, dan perlindungan sosial",Reformasi birokrasi dan efisiensi negara,Pemerataan kesejahteraan dan pengentasan kemiskinan,Pembangunan sumber daya manusia,Pembangunan manusia dan keadilan sosial,REVIEWED,,2026-06-11T22:11:07
SPCH_005_WORLD_ECONOMIC_FORUM_CHK_005,SPCH_005_WORLD_ECONOMIC_FORUM,NASKAH-PIDATO-PRABOWO-WORLD-ECONOMIC-FORUM.txt,World Economic Forum,international,1/22/2026,en,https://setkab.go.id/sambutan-presiden-republik-indonesia-pada-world-economic-forum-wef-annual-meeting-2026-di-london-inggris-pada-kamis-22-januari-2026/,setkab.go.id,VALID_SETKAB_DOMAIN_OFFLINE,5,"To put this in the context I mentioned, I think McDonald's started the first kitchen in 1940, to reach 68 million it took them what 50, 55 decades more. We will reach 82.9 [millions] I hope by the end of December 2026. But my people said, ""No, Sir, we will reach 82.9 [millions] before December."" So, hopefully, we will achieve this. In addition to strengthening our children, our free meals strengthen our economy. More than 61,000 micro, small and medium enterprises, and cooperatives are now a part of this supply chain. We are creating more than 600,000 jobs, just at the kitchens. At its peak, we are optimistic it will reach 1.5 million direct jobs. With vendors, with suppliers, there will be another more than 1 million livelihoods embraced and improved. This is why I'm convinced that our growth will reach impressive numbers. Our social policies must expand productivity and produce growth. Today, 70 million Indonesians receive free medical checkups and they will receive free medical checkups once a year for the rest of their lives. And, this will increase to all the children and the adults of Indonesia. We are providing free medical checkups to all citizens of Indonesia. This is not a populist program. This is a rational program to save money. By detecting illness, disease at an early stage, we will save much more in the long term in treatment.",238,OK,"Kesehatan, gizi, dan perlindungan sosial","Investasi, industrialisasi, dan pertumbuhan ekonomi","Koperasi, desa, dan ekonomi akar rumput",Pembangunan sumber daya manusia,Transformasi ekonomi dan pembangunan produktif,Transformasi ekonomi dan pembangunan produktif,Pembangunan manusia dan keadilan sosial,Transformasi ekonomi dan pembangunan nasional,Transformasi ekonomi dan pembangunan nasional,HIGH,"OC005=meals(1), medical(3), children(2) | OC010=growth(2) | OC011=cooperatives(1)","[{""open_code_id"": ""OC005"", ""open_code_label"": ""Kesehatan, gizi, dan perlindungan sosial"", ""axial_category"": ""Pembangunan sumber daya manusia"", ""selective_theme"": ""Pembangunan manusia dan keadilan sosial"", ""total_hits"": 6, ""unique_keyword_hits"": 3, ""matched_keywords"": [{""keyword"": ""meals"", ""hit_count"": 1}, {""keyword"": ""medical"", ""hit_count"": 3}, {""keyword"": ""children"", ""hit_count"": 2}]}, {""open_code_id"": ""OC010"", ""open_code_label"": ""Investasi, industrialisasi, dan pertumbuhan ekonomi"", ""axial_category"": ""Transformasi ekonomi dan pembangunan produktif"", ""selective_theme"": ""Transformasi ekonomi dan pembangunan nasional"", ""total_hits"": 2, ""unique_keyword_hits"": 1, ""matched_keywords"": [{""keyword"": ""growth"", ""hit_count"": 2}]}, {""open_code_id"": ""OC011"", ""open_code_label"": ""Koperasi, desa, dan ekonomi akar rumput"", ""axial_category"": ""Transformasi ekonomi dan pembangunan produktif"", ""selective_theme"": ""Transformasi ekonomi dan pembangunan nasional"", ""total_hits"": 1, ""unique_keyword_hits"": 1, ""matched_keywords"": [{""keyword"": ""cooperatives"", ""hit_count"": 1}]}]","Kesehatan, gizi, dan perlindungan sosial","Investasi, industrialisasi, dan pertumbuhan ekonomi","Koperasi, desa, dan ekonomi akar rumput",Pembangunan sumber daya manusia,Pembangunan manusia dan keadilan sosial,REVIEWED,,2026-06-11T22:11:07
SPCH_005_WORLD_ECONOMIC_FORUM_CHK_006,SPCH_005_WORLD_ECONOMIC_FORUM,NASKAH-PIDATO-PRABOWO-WORLD-ECONOMIC-FORUM.txt,World Economic Forum,international,1/22/2026,en,https://setkab.go.id/sambutan-presiden-republik-indonesia-pada-world-economic-forum-wef-annual-meeting-2026-di-london-inggris-pada-kamis-22-januari-2026/,setkab.go.id,VALID_SETKAB_DOMAIN_OFFLINE,6,"By detecting illness, disease at an early stage, we will save much more in the long term in treatment. This actually is a productivity improvement program. My experts say that in the long run, we will save many many billions of US dollars. Last year, for instance, we renovated 16,140 schools. We equipped 288,000 schools each with one 75-inch interactive flat panel as part of our digitalization of our education program. Next year, in this coming year, 2026, we will add another 1 million of these interactive smart panels. So that every school will have at least three to four classrooms with these panels and we hope within three years, all the schools of Indonesia will have at least six classrooms with digital interactive panels. That means that I, for instance, in Jakarta, I can drop in on any school in Indonesia and I can see the quality of teaching of the teachers. I can see the reaction of the children. And in the first weeks, we see the enthusiasm of the children, the enthusiasm of the teachers, of the villagers. Many of them cry when they see the panels coming in. We get messages: ""Mr. President, in the entire history of this village, we have never felt that the Central Government knows about us. This is the first time we feel that the Central Government cares about us, and is now in our village, is now helping to teach our children."" This is for me, heartwarming because what we are doing is we are empowering the future generation of Indonesians.",263,OK,Pendidikan dan mobilitas sosial,"Kesehatan, gizi, dan perlindungan sosial","Koperasi, desa, dan ekonomi akar rumput",Pembangunan sumber daya manusia,Pembangunan sumber daya manusia,Transformasi ekonomi dan pembangunan produktif,Pembangunan manusia dan keadilan sosial,Pembangunan manusia dan keadilan sosial,Transformasi ekonomi dan pembangunan nasional,HIGH,"OC004=education(1), school(2), schools(3), teachers(2) | OC005=children(3) | OC011=village(2)","[{""open_code_id"": ""OC004"", ""open_code_label"": ""Pendidikan dan mobilitas sosial"", ""axial_category"": ""Pembangunan sumber daya manusia"", ""selective_theme"": ""Pembangunan manusia dan keadilan sosial"", ""total_hits"": 8, ""unique_keyword_hits"": 4, ""matched_keywords"": [{""keyword"": ""education"", ""hit_count"": 1}, {""keyword"": ""school"", ""hit_count"": 2}, {""keyword"": ""schools"", ""hit_count"": 3}, {""keyword"": ""teachers"", ""hit_count"": 2}]}, {""open_code_id"": ""OC005"", ""open_code_label"": ""Kesehatan, gizi, dan perlindungan sosial"", ""axial_category"": ""Pembangunan sumber daya manusia"", ""selective_theme"": ""Pembangunan manusia dan keadilan sosial"", ""total_hits"": 3, ""unique_keyword_hits"": 1, ""matched_keywords"": [{""keyword"": ""children"", ""hit_count"": 3}]}, {""open_code_id"": ""OC011"", ""open_code_label"": ""Koperasi, desa, dan ekonomi akar rumput"", ""axial_category"": ""Transformasi ekonomi dan pembangunan produktif"", ""selective_theme"": ""Transformasi ekonomi dan pembangunan nasional"", ""total_hits"": 2, ""unique_keyword_hits"": 1, ""matched_keywords"": [{""keyword"": ""village"", ""hit_count"": 2}]}]",Pendidikan dan mobilitas sosial,"Kesehatan, gizi, dan perlindungan sosial","Koperasi, desa, dan ekonomi akar rumput",Pembangunan sumber daya manusia,Pembangunan manusia dan keadilan sosial,REVIEWED,,2026-06-11T22:11:07
SPCH_005_WORLD_ECONOMIC_FORUM_CHK_007,SPCH_005_WORLD_ECONOMIC_FORUM,NASKAH-PIDATO-PRABOWO-WORLD-ECONOMIC-FORUM.txt,World Economic Forum,international,1/22/2026,en,https://setkab.go.id/sambutan-presiden-republik-indonesia-pada-world-economic-forum-wef-annual-meeting-2026-di-london-inggris-pada-kamis-22-januari-2026/,setkab.go.id,VALID_SETKAB_DOMAIN_OFFLINE,7,"This is the first time we feel that the Central Government cares about us, and is now in our village, is now helping to teach our children."" This is for me, heartwarming because what we are doing is we are empowering the future generation of Indonesians. Why, why does this matter to global investors gathering here at the World Economic Forum? Because I am of the conviction that human capital determines long term growth, long term returns. Human development, human resources, is the key to a thriving and successful nation. Lack of education is the path towards failed states. No country can hope to be stable and prosper if its people are illiterate, if its people are not able to keep up with modern science and technology. In addition, this year we will increase the renovation. I'm determined to modernize and renovate 60,000 schools. I'm also building 1,000 schools, I would, what I call integrated comprehensive schools with modern facilities, with modern laboratories, 1,000. I have already, I'm sorry, 500, but I've already built 160 schools, boarding schools for the very poor. So, this is maybe unique, because usually the children of the upper class, the children of the wealthy, go to boarding school. But, I now make boarding schools for the very poor. Their only condition for entering the school is they must come from the bottom deciles of our society.",235,OK,Pendidikan dan mobilitas sosial,"Investasi, industrialisasi, dan pertumbuhan ekonomi","Kesehatan, gizi, dan perlindungan sosial",Pembangunan sumber daya manusia,Transformasi ekonomi dan pembangunan produktif,Pembangunan sumber daya manusia,Pembangunan manusia dan keadilan sosial,Transformasi ekonomi dan pembangunan nasional,Pembangunan manusia dan keadilan sosial,HIGH,"OC004=education(1), school(2), schools(6) | OC010=growth(1), capital(1) | OC005=children(3)","[{""open_code_id"": ""OC004"", ""open_code_label"": ""Pendidikan dan mobilitas sosial"", ""axial_category"": ""Pembangunan sumber daya manusia"", ""selective_theme"": ""Pembangunan manusia dan keadilan sosial"", ""total_hits"": 9, ""unique_keyword_hits"": 3, ""matched_keywords"": [{""keyword"": ""education"", ""hit_count"": 1}, {""keyword"": ""school"", ""hit_count"": 2}, {""keyword"": ""schools"", ""hit_count"": 6}]}, {""open_code_id"": ""OC010"", ""open_code_label"": ""Investasi, industrialisasi, dan pertumbuhan ekonomi"", ""axial_category"": ""Transformasi ekonomi dan pembangunan produktif"", ""selective_theme"": ""Transformasi ekonomi dan pembangunan nasional"", ""total_hits"": 2, ""unique_keyword_hits"": 2, ""matched_keywords"": [{""keyword"": ""growth"", ""hit_count"": 1}, {""keyword"": ""capital"", ""hit_count"": 1}]}, {""open_code_id"": ""OC005"", ""open_code_label"": ""Kesehatan, gizi, dan perlindungan sosial"", ""axial_category"": ""Pembangunan sumber daya manusia"", ""selective_theme"": ""Pembangunan manusia dan keadilan sosial"", ""total_hits"": 3, ""unique_keyword_hits"": 1, ""matched_keywords"": [{""keyword"": ""children"", ""hit_count"": 3}]}]",Pendidikan dan mobilitas sosial,"Investasi, industrialisasi, dan pertumbuhan ekonomi","Kesehatan, gizi, dan perlindungan sosial",Pembangunan sumber daya manusia,Pembangunan manusia dan keadilan sosial,REVIEWED,,2026-06-11T22:11:07
SPCH_005_WORLD_ECONOMIC_FORUM_CHK_008,SPCH_005_WORLD_ECONOMIC_FORUM,NASKAH-PIDATO-PRABOWO-WORLD-ECONOMIC-FORUM.txt,World Economic Forum,international,1/22/2026,en,https://setkab.go.id/sambutan-presiden-republik-indonesia-pada-world-economic-forum-wef-annual-meeting-2026-di-london-inggris-pada-kamis-22-januari-2026/,setkab.go.id,VALID_SETKAB_DOMAIN_OFFLINE,8,"Their only condition for entering the school is they must come from the bottom deciles of our society. Those who are very poor, I am taking the children, I want to cut the chain of poverty. Usually in countries like my countries, countries of the global south, countries of the third world, countries coming out of hundreds of years of colonialism, usually the son of a poor peasant will be a poor peasant, the son of a garbage collector will be a garbage collector, the son of a street hawker will be a street hawker, the son of a day laborer in the harbor will also be a day laborer in the harbor. This is what we call in the global south, the circle of poverty. I'm determined to break the circle. I'm determined that the son of the poorest should not be poor. They must be given equal opportunity and that's why I've already built 166, and I will build a total of 500 of these boarding schools. And, another 500, another 500 not boarding schools but centers of excellence to boost the other children who are brighter. Also, I've started 20 new boarding schools for the academically gifted. I'm also building 10 new universities, and I'm discussing and negotiating with the best universities of Europe, United Kingdom, and North America, to twin them, and to produce universities and campus of international standards.",234,OK,Pendidikan dan mobilitas sosial,Pemerataan kesejahteraan dan pengentasan kemiskinan,"Kesehatan, gizi, dan perlindungan sosial",Pembangunan sumber daya manusia,Kesejahteraan sosial dan pemerataan pembangunan,Pembangunan sumber daya manusia,Pembangunan manusia dan keadilan sosial,Pembangunan manusia dan keadilan sosial,Pembangunan manusia dan keadilan sosial,HIGH,"OC004=school(1), schools(3), universities(3) | OC003=poverty(2), poor(4) | OC005=children(2)","[{""open_code_id"": ""OC004"", ""open_code_label"": ""Pendidikan dan mobilitas sosial"", ""axial_category"": ""Pembangunan sumber daya manusia"", ""selective_theme"": ""Pembangunan manusia dan keadilan sosial"", ""total_hits"": 7, ""unique_keyword_hits"": 3, ""matched_keywords"": [{""keyword"": ""school"", ""hit_count"": 1}, {""keyword"": ""schools"", ""hit_count"": 3}, {""keyword"": ""universities"", ""hit_count"": 3}]}, {""open_code_id"": ""OC003"", ""open_code_label"": ""Pemerataan kesejahteraan dan pengentasan kemiskinan"", ""axial_category"": ""Kesejahteraan sosial dan pemerataan pembangunan"", ""selective_theme"": ""Pembangunan manusia dan keadilan sosial"", ""total_hits"": 6, ""unique_keyword_hits"": 2, ""matched_keywords"": [{""keyword"": ""poverty"", ""hit_count"": 2}, {""keyword"": ""poor"", ""hit_count"": 4}]}, {""open_code_id"": ""OC005"", ""open_code_label"": ""Kesehatan, gizi, dan perlindungan sosial"", ""axial_category"": ""Pembangunan sumber daya manusia"", ""selective_theme"": ""Pembangunan manusia dan keadilan sosial"", ""total_hits"": 2, ""unique_keyword_hits"": 1, ""matched_keywords"": [{""keyword"": ""children"", ""hit_count"": 2}]}]",Pendidikan dan mobilitas sosial,Pemerataan kesejahteraan dan pengentasan kemiskinan,"Kesehatan, gizi, dan perlindungan sosial",Pembangunan sumber daya manusia,Pembangunan manusia dan keadilan sosial,REVIEWED,,2026-06-11T22:11:07
SPCH_005_WORLD_ECONOMIC_FORUM_CHK_009,SPCH_005_WORLD_ECONOMIC_FORUM,NASKAH-PIDATO-PRABOWO-WORLD-ECONOMIC-FORUM.txt,World Economic Forum,international,1/22/2026,en,https://setkab.go.id/sambutan-presiden-republik-indonesia-pada-world-economic-forum-wef-annual-meeting-2026-di-london-inggris-pada-kamis-22-januari-2026/,setkab.go.id,VALID_SETKAB_DOMAIN_OFFLINE,9,"I'm also building 10 new universities, and I'm discussing and negotiating with the best universities of Europe, United Kingdom, and North America, to twin them, and to produce universities and campus of international standards. In addition, we are now in the process of building 83,000 cooperatives with 83,000 warehouses, 83,000 cold storages, 83,000 mini markets, 83,000 village drugstores selling generic medicine and all subsidized goods direct to the villages, without intervention from too many middlemen. We are also going to modernize what we call the new fishing villages. We will build at least 1,000 this year, but we actually want to allocate funds for 5,000 villages. Each village will have 2,000 fishermen, we hope to impact 10 million fishermen with their wives and their children, this will impact at least 40 million Indonesians. We have started a pilot project in Biak, in Papua, and the result is very heartening. The average increase in their livelihood is 60 percent increase in their annual livelihood. Why? Because before, to get ice was impossible for them, there was no ice making factory near the villages. To get diesel very far, we will build diesel stations in every village. They will have access very easily. Ladies and Gentlemen, Let me say this clearly. There is no investment climate without the certainty of equitable rule of law.",230,OK,"Koperasi, desa, dan ekonomi akar rumput",Anti-korupsi dan penegakan hukum,Pendidikan dan mobilitas sosial,Transformasi ekonomi dan pembangunan produktif,Tata kelola pemerintahan dan rule of law,Pembangunan sumber daya manusia,Transformasi ekonomi dan pembangunan nasional,Reformasi tata kelola dan penegakan hukum,Pembangunan manusia dan keadilan sosial,HIGH,"OC011=cold storage(1), cooperatives(1), village(3), villages(4), fishermen(2), warehouses(1), mini markets(1) | OC006=law(1), rule of law(1) | OC004=universities(3)","[{""open_code_id"": ""OC011"", ""open_code_label"": ""Koperasi, desa, dan ekonomi akar rumput"", ""axial_category"": ""Transformasi ekonomi dan pembangunan produktif"", ""selective_theme"": ""Transformasi ekonomi dan pembangunan nasional"", ""total_hits"": 13, ""unique_keyword_hits"": 7, ""matched_keywords"": [{""keyword"": ""cold storage"", ""hit_count"": 1}, {""keyword"": ""cooperatives"", ""hit_count"": 1}, {""keyword"": ""village"", ""hit_count"": 3}, {""keyword"": ""villages"", ""hit_count"": 4}, {""keyword"": ""fishermen"", ""hit_count"": 2}, {""keyword"": ""warehouses"", ""hit_count"": 1}, {""keyword"": ""mini markets"", ""hit_count"": 1}]}, {""open_code_id"": ""OC006"", ""open_code_label"": ""Anti-korupsi dan penegakan hukum"", ""axial_category"": ""Tata kelola pemerintahan dan rule of law"", ""selective_theme"": ""Reformasi tata kelola dan penegakan hukum"", ""total_hits"": 2, ""unique_keyword_hits"": 2, ""matched_keywords"": [{""keyword"": ""law"", ""hit_count"": 1}, {""keyword"": ""rule of law"", ""hit_count"": 1}]}, {""open_code_id"": ""OC004"", ""open_code_label"": ""Pendidikan dan mobilitas sosial"", ""axial_category"": ""Pembangunan sumber daya manusia"", ""selective_theme"": ""Pembangunan manusia dan keadilan sosial"", ""total_hits"": 3, ""unique_keyword_hits"": 1, ""matched_keywords"": [{""keyword"": ""universities"", ""hit_count"": 3}]}]","Koperasi, desa, dan ekonomi akar rumput",Anti-korupsi dan penegakan hukum,Pendidikan dan mobilitas sosial,Transformasi ekonomi dan pembangunan produktif,Transformasi ekonomi dan pembangunan nasional,REVIEWED,,2026-06-11T22:11:07
SPCH_005_WORLD_ECONOMIC_FORUM_CHK_010,SPCH_005_WORLD_ECONOMIC_FORUM,NASKAH-PIDATO-PRABOWO-WORLD-ECONOMIC-FORUM.txt,World Economic Forum,international,1/22/2026,en,https://setkab.go.id/sambutan-presiden-republik-indonesia-pada-world-economic-forum-wef-annual-meeting-2026-di-london-inggris-pada-kamis-22-januari-2026/,setkab.go.id,VALID_SETKAB_DOMAIN_OFFLINE,10,"There is no investment climate without the certainty of equitable rule of law. Nobody will come in to invest in a country that's lawless, or of dubious legal tradition. I am determined under my administration to ensure the rule of law. The rule of law must prevail over any vested interests. In 2025, Indonesia, as I promised, we will confront and we have confronted corruption directly, firmly and openly. As any person dealing with an illness, with a disease, we must be, we must have the courage to acknowledge the illness and disease that we suffer. We are determined, directly, to fight against this corruption. It's challenging, not many people believe we can do it, but we have no choice. I have no choice. I have been inaugurated, I've been sworn in to uphold the constitution and the rule of law. In my first weeks in government, we uncovered massive abuse in fuel and crude oil governance. In all sectors of the economy, we found illegality, illegal practices. In my first year of administration, we have already confiscated 4 million hectares of illegal plantations and illegal mines. It is amazing. I call this not free enterprise, I call this not the free market. I called it openly greedynomics, the economics of greed, the economics of rapacious practices. Maybe in many of your countries, there was a period like this, a period of the robber barons.",235,OK,Anti-korupsi dan penegakan hukum,Reformasi birokrasi dan efisiensi negara,Kedaulatan energi dan pengelolaan sumber daya,Tata kelola pemerintahan dan rule of law,Tata kelola pemerintahan dan rule of law,Ketahanan nasional dan kedaulatan strategis,Reformasi tata kelola dan penegakan hukum,Reformasi tata kelola dan penegakan hukum,Kedaulatan dan kemandirian nasional,HIGH,"OC006=corruption(2), law(4), illegal(3), confiscated(1), rule of law(4) | OC007=governance(1), government(1) | OC002=fuel(1), oil(1)","[{""open_code_id"": ""OC006"", ""open_code_label"": ""Anti-korupsi dan penegakan hukum"", ""axial_category"": ""Tata kelola pemerintahan dan rule of law"", ""selective_theme"": ""Reformasi tata kelola dan penegakan hukum"", ""total_hits"": 14, ""unique_keyword_hits"": 5, ""matched_keywords"": [{""keyword"": ""corruption"", ""hit_count"": 2}, {""keyword"": ""law"", ""hit_count"": 4}, {""keyword"": ""illegal"", ""hit_count"": 3}, {""keyword"": ""confiscated"", ""hit_count"": 1}, {""keyword"": ""rule of law"", ""hit_count"": 4}]}, {""open_code_id"": ""OC007"", ""open_code_label"": ""Reformasi birokrasi dan efisiensi negara"", ""axial_category"": ""Tata kelola pemerintahan dan rule of law"", ""selective_theme"": ""Reformasi tata kelola dan penegakan hukum"", ""total_hits"": 2, ""unique_keyword_hits"": 2, ""matched_keywords"": [{""keyword"": ""governance"", ""hit_count"": 1}, {""keyword"": ""government"", ""hit_count"": 1}]}, {""open_code_id"": ""OC002"", ""open_code_label"": ""Kedaulatan energi dan pengelolaan sumber daya"", ""axial_category"": ""Ketahanan nasional dan kedaulatan strategis"", ""selective_theme"": ""Kedaulatan dan kemandirian nasional"", ""total_hits"": 2, ""unique_keyword_hits"": 2, ""matched_keywords"": [{""keyword"": ""fuel"", ""hit_count"": 1}, {""keyword"": ""oil"", ""hit_count"": 1}]}]",Anti-korupsi dan penegakan hukum,Reformasi birokrasi dan efisiensi negara,Kedaulatan energi dan pengelolaan sumber daya,Tata kelola pemerintahan dan rule of law,Reformasi tata kelola dan penegakan hukum,REVIEWED,,2026-06-11T22:11:07
SPCH_005_WORLD_ECONOMIC_FORUM_CHK_011,SPCH_005_WORLD_ECONOMIC_FORUM,NASKAH-PIDATO-PRABOWO-WORLD-ECONOMIC-FORUM.txt,World Economic Forum,international,1/22/2026,en,https://setkab.go.id/sambutan-presiden-republik-indonesia-pada-world-economic-forum-wef-annual-meeting-2026-di-london-inggris-pada-kamis-22-januari-2026/,setkab.go.id,VALID_SETKAB_DOMAIN_OFFLINE,11,"Maybe in many of your countries, there was a period like this, a period of the robber barons. I have confiscated 4 million hectares, but two days ago, I led the cabinet meeting by Zoom from London, and we decided to confiscate or to revoke the licenses of 28 corporations which had licenses over 1.01 million hectares I revoked. Because, we found them violating laws. They were building plantations on protected forests. This is a flagrant undermining of the rule of law. Perhaps these rapacious so-called entrepreneurs feel that they need not recognize the sovereignty of the Indonesian Government or perhaps they feel they can buy all Indonesian government officials. I have reports that some of these people in their meeting say, ""Oh, it's okay, there is no government official that cannot be bought."" Well, I challenge them to try to buy officials for my administration. They will come to find themselves a big surprise. Combined with the 4 million hectares of illegal plantations already confiscated, we have, in fact, enacted the boldest, the most daring forest law enforcement effort in the history of Indonesia. We have closed up to now 1,000 illegal mines. But my staff, my people report to me, ""Sir, there are at least another thousand or more. There could be as many as 666 corporations that violate the law."" So, I say, ""What can we do?",232,OK,Anti-korupsi dan penegakan hukum,Reformasi birokrasi dan efisiensi negara,Persatuan nasional dan kepercayaan diri bangsa,Tata kelola pemerintahan dan rule of law,Tata kelola pemerintahan dan rule of law,Identitas nasional dan kepemimpinan,Reformasi tata kelola dan penegakan hukum,Reformasi tata kelola dan penegakan hukum,Kedaulatan dan kemandirian nasional,HIGH,"OC006=law(3), illegal(2), confiscated(2), rule of law(1), licenses(2), violating(1) | OC007=government(3) | OC013=sovereignty(1)","[{""open_code_id"": ""OC006"", ""open_code_label"": ""Anti-korupsi dan penegakan hukum"", ""axial_category"": ""Tata kelola pemerintahan dan rule of law"", ""selective_theme"": ""Reformasi tata kelola dan penegakan hukum"", ""total_hits"": 11, ""unique_keyword_hits"": 6, ""matched_keywords"": [{""keyword"": ""law"", ""hit_count"": 3}, {""keyword"": ""illegal"", ""hit_count"": 2}, {""keyword"": ""confiscated"", ""hit_count"": 2}, {""keyword"": ""rule of law"", ""hit_count"": 1}, {""keyword"": ""licenses"", ""hit_count"": 2}, {""keyword"": ""violating"", ""hit_count"": 1}]}, {""open_code_id"": ""OC007"", ""open_code_label"": ""Reformasi birokrasi dan efisiensi negara"", ""axial_category"": ""Tata kelola pemerintahan dan rule of law"", ""selective_theme"": ""Reformasi tata kelola dan penegakan hukum"", ""total_hits"": 3, ""unique_keyword_hits"": 1, ""matched_keywords"": [{""keyword"": ""government"", ""hit_count"": 3}]}, {""open_code_id"": ""OC013"", ""open_code_label"": ""Persatuan nasional dan kepercayaan diri bangsa"", ""axial_category"": ""Identitas nasional dan kepemimpinan"", ""selective_theme"": ""Kedaulatan dan kemandirian nasional"", ""total_hits"": 1, ""unique_keyword_hits"": 1, ""matched_keywords"": [{""keyword"": ""sovereignty"", ""hit_count"": 1}]}]",Anti-korupsi dan penegakan hukum,Reformasi birokrasi dan efisiensi negara,Persatuan nasional dan kepercayaan diri bangsa,Tata kelola pemerintahan dan rule of law,Reformasi tata kelola dan penegakan hukum,REVIEWED,,2026-06-11T22:11:07
SPCH_005_WORLD_ECONOMIC_FORUM_CHK_012,SPCH_005_WORLD_ECONOMIC_FORUM,NASKAH-PIDATO-PRABOWO-WORLD-ECONOMIC-FORUM.txt,World Economic Forum,international,1/22/2026,en,https://setkab.go.id/sambutan-presiden-republik-indonesia-pada-world-economic-forum-wef-annual-meeting-2026-di-london-inggris-pada-kamis-22-januari-2026/,setkab.go.id,VALID_SETKAB_DOMAIN_OFFLINE,12,"There could be as many as 666 corporations that violate the law."" So, I say, ""What can we do? We can only have the courage to enforce the law. There can be no compromise. There can be no turning back."" My people demand this and we are determined to serve our people in honesty. We are determined, I am determined to uphold my oath, defend the constitution of my country and force the law of the land. You might not have heard our story, because we are people who do not like to be flamboyant, we are low key, we tend to be below the radar, but we are very determined in our effort to keep up with the rest of the world. You might not have heard this story, but extreme poverty in Indonesia fell to its lowest level in history. I'm determined, in the next four years, we will eradicate extreme poverty, and we will bring down poverty as a whole. That is my mission in my life. That is my mission in the remaining years of my life. There is nothing more vulnerable, there is nothing more satisfying than bringing down poverty and bringing down eradicating hunger. There is a saying I learned from my elders, one of my elders, a very wise man, very honest, political leader, he told me, ""Prabowo, the duty of a leader is very simple.",233,OK,Pemerataan kesejahteraan dan pengentasan kemiskinan,Anti-korupsi dan penegakan hukum,,Kesejahteraan sosial dan pemerataan pembangunan,Tata kelola pemerintahan dan rule of law,,Pembangunan manusia dan keadilan sosial,Reformasi tata kelola dan penegakan hukum,,MEDIUM,"OC003=poverty(4), hunger(1) | OC006=law(3)","[{""open_code_id"": ""OC003"", ""open_code_label"": ""Pemerataan kesejahteraan dan pengentasan kemiskinan"", ""axial_category"": ""Kesejahteraan sosial dan pemerataan pembangunan"", ""selective_theme"": ""Pembangunan manusia dan keadilan sosial"", ""total_hits"": 5, ""unique_keyword_hits"": 2, ""matched_keywords"": [{""keyword"": ""poverty"", ""hit_count"": 4}, {""keyword"": ""hunger"", ""hit_count"": 1}]}, {""open_code_id"": ""OC006"", ""open_code_label"": ""Anti-korupsi dan penegakan hukum"", ""axial_category"": ""Tata kelola pemerintahan dan rule of law"", ""selective_theme"": ""Reformasi tata kelola dan penegakan hukum"", ""total_hits"": 3, ""unique_keyword_hits"": 1, ""matched_keywords"": [{""keyword"": ""law"", ""hit_count"": 3}]}]",Pemerataan kesejahteraan dan pengentasan kemiskinan,Anti-korupsi dan penegakan hukum,,Kesejahteraan sosial dan pemerataan pembangunan,Pembangunan manusia dan keadilan sosial,REVIEWED,,2026-06-11T22:11:07
SPCH_005_WORLD_ECONOMIC_FORUM_CHK_013,SPCH_005_WORLD_ECONOMIC_FORUM,NASKAH-PIDATO-PRABOWO-WORLD-ECONOMIC-FORUM.txt,World Economic Forum,international,1/22/2026,en,https://setkab.go.id/sambutan-presiden-republik-indonesia-pada-world-economic-forum-wef-annual-meeting-2026-di-london-inggris-pada-kamis-22-januari-2026/,setkab.go.id,VALID_SETKAB_DOMAIN_OFFLINE,13,"There is a saying I learned from my elders, one of my elders, a very wise man, very honest, political leader, he told me, ""Prabowo, the duty of a leader is very simple. The leader of this country, if you want to be the leader of this country, you must work. So that the poor and the weak can smile and can laugh. Very simple."" What does that mean? If the poor, the weak, can smile and can laugh, that means they have hope, that means they see a future. That means their livelihood is being improved. So that is my mission now, to make the poorest of Indonesians, the weakest of Indonesians, smile. I think part of this is, we must combat corruption, manipulation, maleficence. Ladies and Gentlemen, A few days ago, I was surprised myself, Gallup, Gallup Poll and Harvard University found that a research survey of hundreds of countries found that Indonesia, the Indonesian people are the happiest people, the most flourishing country in the world with the people the most optimistic. This is a bit heartening, but for me also a bit sad. I know my people, many of them live in shuts. Many of them do not have clean water. Many of them do not have bathrooms, [and] many of them eat rice with salt.",220,OK,Pemerataan kesejahteraan dan pengentasan kemiskinan,Anti-korupsi dan penegakan hukum,Pendidikan dan mobilitas sosial,Kesejahteraan sosial dan pemerataan pembangunan,Tata kelola pemerintahan dan rule of law,Pembangunan sumber daya manusia,Pembangunan manusia dan keadilan sosial,Reformasi tata kelola dan penegakan hukum,Pembangunan manusia dan keadilan sosial,HIGH,"OC003=poor(2), livelihood(1), weak(2), weakest(1) | OC006=corruption(1) | OC004=university(1)","[{""open_code_id"": ""OC003"", ""open_code_label"": ""Pemerataan kesejahteraan dan pengentasan kemiskinan"", ""axial_category"": ""Kesejahteraan sosial dan pemerataan pembangunan"", ""selective_theme"": ""Pembangunan manusia dan keadilan sosial"", ""total_hits"": 6, ""unique_keyword_hits"": 4, ""matched_keywords"": [{""keyword"": ""poor"", ""hit_count"": 2}, {""keyword"": ""livelihood"", ""hit_count"": 1}, {""keyword"": ""weak"", ""hit_count"": 2}, {""keyword"": ""weakest"", ""hit_count"": 1}]}, {""open_code_id"": ""OC006"", ""open_code_label"": ""Anti-korupsi dan penegakan hukum"", ""axial_category"": ""Tata kelola pemerintahan dan rule of law"", ""selective_theme"": ""Reformasi tata kelola dan penegakan hukum"", ""total_hits"": 1, ""unique_keyword_hits"": 1, ""matched_keywords"": [{""keyword"": ""corruption"", ""hit_count"": 1}]}, {""open_code_id"": ""OC004"", ""open_code_label"": ""Pendidikan dan mobilitas sosial"", ""axial_category"": ""Pembangunan sumber daya manusia"", ""selective_theme"": ""Pembangunan manusia dan keadilan sosial"", ""total_hits"": 1, ""unique_keyword_hits"": 1, ""matched_keywords"": [{""keyword"": ""university"", ""hit_count"": 1}]}]",Pemerataan kesejahteraan dan pengentasan kemiskinan,Anti-korupsi dan penegakan hukum,Pendidikan dan mobilitas sosial,Kesejahteraan sosial dan pemerataan pembangunan,Pembangunan manusia dan keadilan sosial,REVIEWED,,2026-06-11T22:11:07
SPCH_005_WORLD_ECONOMIC_FORUM_CHK_014,SPCH_005_WORLD_ECONOMIC_FORUM,NASKAH-PIDATO-PRABOWO-WORLD-ECONOMIC-FORUM.txt,World Economic Forum,international,1/22/2026,en,https://setkab.go.id/sambutan-presiden-republik-indonesia-pada-world-economic-forum-wef-annual-meeting-2026-di-london-inggris-pada-kamis-22-januari-2026/,setkab.go.id,VALID_SETKAB_DOMAIN_OFFLINE,14,"Many of them do not have bathrooms, [and] many of them eat rice with salt. And yet, they smile. And yet, they have hope. We also achieved sufficiency in rice, the first time in many, many years, our rice production is the highest in the history of Indonesia. I gave a target to be self-sufficient in four years. I gave a target to my team. They did it within one year. I'm convinced in the next four years, we will be self-sufficient in the other food products: corn, sugar, protein. Excellencies, Distinguished Delegates, Indonesia does not fear economic integration. We are a trading nation for hundreds of years. We conclude now trade agreements not because it is fashionable, but we consider it necessary. We believe in the concept of win-win. Last year, we signed free trade agreements and comprehensive economic partnership agreements with Europe, with the EU, Canada, Peru, Eurasia. I have just visited the United Kingdom to sign our new strategic partnership, also an economic growth agreement. And, we hope next year we can conclude a comprehensive economic partnership agreement with the United Kingdom. This is part of our strategy to deepen productivity, reduce barriers, unlock private sector growth for Indonesia, ASEAN, and the global South. We believe that trade integration when done fairly is not a threat to sovereignty.",221,OK,Kedaulatan pangan dan swasembada,Persatuan nasional dan kepercayaan diri bangsa,"Investasi, industrialisasi, dan pertumbuhan ekonomi",Ketahanan nasional dan kedaulatan strategis,Identitas nasional dan kepemimpinan,Transformasi ekonomi dan pembangunan produktif,Kedaulatan dan kemandirian nasional,Kedaulatan dan kemandirian nasional,Transformasi ekonomi dan pembangunan nasional,HIGH,"OC001=food(1), rice(3), self-sufficient(2), sufficiency(1) | OC013=nation(1), sovereignty(1) | OC010=growth(2)","[{""open_code_id"": ""OC001"", ""open_code_label"": ""Kedaulatan pangan dan swasembada"", ""axial_category"": ""Ketahanan nasional dan kedaulatan strategis"", ""selective_theme"": ""Kedaulatan dan kemandirian nasional"", ""total_hits"": 7, ""unique_keyword_hits"": 4, ""matched_keywords"": [{""keyword"": ""food"", ""hit_count"": 1}, {""keyword"": ""rice"", ""hit_count"": 3}, {""keyword"": ""self-sufficient"", ""hit_count"": 2}, {""keyword"": ""sufficiency"", ""hit_count"": 1}]}, {""open_code_id"": ""OC013"", ""open_code_label"": ""Persatuan nasional dan kepercayaan diri bangsa"", ""axial_category"": ""Identitas nasional dan kepemimpinan"", ""selective_theme"": ""Kedaulatan dan kemandirian nasional"", ""total_hits"": 2, ""unique_keyword_hits"": 2, ""matched_keywords"": [{""keyword"": ""nation"", ""hit_count"": 1}, {""keyword"": ""sovereignty"", ""hit_count"": 1}]}, {""open_code_id"": ""OC010"", ""open_code_label"": ""Investasi, industrialisasi, dan pertumbuhan ekonomi"", ""axial_category"": ""Transformasi ekonomi dan pembangunan produktif"", ""selective_theme"": ""Transformasi ekonomi dan pembangunan nasional"", ""total_hits"": 2, ""unique_keyword_hits"": 1, ""matched_keywords"": [{""keyword"": ""growth"", ""hit_count"": 2}]}]",Kedaulatan pangan dan swasembada,Persatuan nasional dan kepercayaan diri bangsa,"Investasi, industrialisasi, dan pertumbuhan ekonomi",Ketahanan nasional dan kedaulatan strategis,Kedaulatan dan kemandirian nasional,REVIEWED,,2026-06-11T22:11:07
SPCH_005_WORLD_ECONOMIC_FORUM_CHK_015,SPCH_005_WORLD_ECONOMIC_FORUM,NASKAH-PIDATO-PRABOWO-WORLD-ECONOMIC-FORUM.txt,World Economic Forum,international,1/22/2026,en,https://setkab.go.id/sambutan-presiden-republik-indonesia-pada-world-economic-forum-wef-annual-meeting-2026-di-london-inggris-pada-kamis-22-januari-2026/,setkab.go.id,VALID_SETKAB_DOMAIN_OFFLINE,15,"We believe that trade integration when done fairly is not a threat to sovereignty. We believe trade is a tool for prosperity. Indonesia has a clear vision. We are determined to become a modern country, integrated with a global economy, providing good quality of life for its citizens, living free of poverty and hunger. But, we understand very well, this cannot be achieved by slogans alone. It requires determination, good governance, clean government, free of corruption and maleficence, and in the end, we must have efficient public administration. We must also enact a new culture in our bureaucracy. Our Government must serve the general good and must not entrench itself in collusion with greedy and rapacious economic players. Achieving our mission also requires smart investment in infrastructure, simplifying rules and regulations, getting rid of too much red tape, and of course significant investment in health and education. Distinguished Delegates, Friends, Economic growth requires a dynamic private sector. Indonesia is, and it will always be open for foreign and domestic investment. And, we realize the prerequisite for investment is political and economic stability. Also, the certainty of equitable rule of law, guaranteed by a strong, clean and democratic government. Indonesia today offers sustainable growth with stability. We may be very low key. We may be below the radar. We don't like to be flamboyant, to be bragging.",226,OK,Reformasi birokrasi dan efisiensi negara,Anti-korupsi dan penegakan hukum,"Investasi, industrialisasi, dan pertumbuhan ekonomi",Tata kelola pemerintahan dan rule of law,Tata kelola pemerintahan dan rule of law,Transformasi ekonomi dan pembangunan produktif,Reformasi tata kelola dan penegakan hukum,Reformasi tata kelola dan penegakan hukum,Transformasi ekonomi dan pembangunan nasional,HIGH,"OC007=efficient(1), bureaucracy(1), governance(1), government(3), regulations(1) | OC006=corruption(1), law(1), rule of law(1) | OC010=investment(4), growth(2)","[{""open_code_id"": ""OC007"", ""open_code_label"": ""Reformasi birokrasi dan efisiensi negara"", ""axial_category"": ""Tata kelola pemerintahan dan rule of law"", ""selective_theme"": ""Reformasi tata kelola dan penegakan hukum"", ""total_hits"": 7, ""unique_keyword_hits"": 5, ""matched_keywords"": [{""keyword"": ""efficient"", ""hit_count"": 1}, {""keyword"": ""bureaucracy"", ""hit_count"": 1}, {""keyword"": ""governance"", ""hit_count"": 1}, {""keyword"": ""government"", ""hit_count"": 3}, {""keyword"": ""regulations"", ""hit_count"": 1}]}, {""open_code_id"": ""OC006"", ""open_code_label"": ""Anti-korupsi dan penegakan hukum"", ""axial_category"": ""Tata kelola pemerintahan dan rule of law"", ""selective_theme"": ""Reformasi tata kelola dan penegakan hukum"", ""total_hits"": 3, ""unique_keyword_hits"": 3, ""matched_keywords"": [{""keyword"": ""corruption"", ""hit_count"": 1}, {""keyword"": ""law"", ""hit_count"": 1}, {""keyword"": ""rule of law"", ""hit_count"": 1}]}, {""open_code_id"": ""OC010"", ""open_code_label"": ""Investasi, industrialisasi, dan pertumbuhan ekonomi"", ""axial_category"": ""Transformasi ekonomi dan pembangunan produktif"", ""selective_theme"": ""Transformasi ekonomi dan pembangunan nasional"", ""total_hits"": 6, ""unique_keyword_hits"": 2, ""matched_keywords"": [{""keyword"": ""investment"", ""hit_count"": 4}, {""keyword"": ""growth"", ""hit_count"": 2}]}]",Reformasi birokrasi dan efisiensi negara,Anti-korupsi dan penegakan hukum,"Investasi, industrialisasi, dan pertumbuhan ekonomi",Tata kelola pemerintahan dan rule of law,Reformasi tata kelola dan penegakan hukum,REVIEWED,,2026-06-11T22:11:07
SPCH_005_WORLD_ECONOMIC_FORUM_CHK_016,SPCH_005_WORLD_ECONOMIC_FORUM,NASKAH-PIDATO-PRABOWO-WORLD-ECONOMIC-FORUM.txt,World Economic Forum,international,1/22/2026,en,https://setkab.go.id/sambutan-presiden-republik-indonesia-pada-world-economic-forum-wef-annual-meeting-2026-di-london-inggris-pada-kamis-22-januari-2026/,setkab.go.id,VALID_SETKAB_DOMAIN_OFFLINE,16,"We don't like to be flamboyant, to be bragging. We believe in evidence, evidence-based action. In fact, I was invited to speak last year here and I declined, why? Because if I had come last year, I would have only been leading my administration only for two months. So, what will I be able to say? I will only be able to talk, to give platitudes. Today, I stand before you with confidence, with pride in our achievement. We have in one year achieved tremendous gains, tremendous reforms. We have wiped away hundreds and hundreds of regulations that do not make sense, regulations that hinder fairness, that creates the culture of corruption. Hundreds of regulations we have wiped out in one year. Ladies and Gentlemen, Peace and stability are a long and arduous program. But if you want to take something from my talk today, maybe it should be this. Indonesia chooses peace over chaos. We want to be a friend to all, an enemy to none. One thousand friends, too few for us. One enemy, too many. We want to be a good neighbor, a good responsible citizen of the world, protecting the environment, protecting nature. We must not destroy nature. We must live with nature. We must maintain and be a part of a future full of hope.",220,OK,Diplomasi multilateral dan kerja sama internasional,Reformasi birokrasi dan efisiensi negara,Persatuan nasional dan kepercayaan diri bangsa,Diplomasi dan tatanan global,Tata kelola pemerintahan dan rule of law,Identitas nasional dan kepemimpinan,"Diplomasi, perdamaian, dan keadilan global",Reformasi tata kelola dan penegakan hukum,Kedaulatan dan kemandirian nasional,MEDIUM,"OC008=peace(2), stability(1) | OC007=regulations(3) | OC013=confidence(1)","[{""open_code_id"": ""OC008"", ""open_code_label"": ""Diplomasi multilateral dan kerja sama internasional"", ""axial_category"": ""Diplomasi dan tatanan global"", ""selective_theme"": ""Diplomasi, perdamaian, dan keadilan global"", ""total_hits"": 3, ""unique_keyword_hits"": 2, ""matched_keywords"": [{""keyword"": ""peace"", ""hit_count"": 2}, {""keyword"": ""stability"", ""hit_count"": 1}]}, {""open_code_id"": ""OC007"", ""open_code_label"": ""Reformasi birokrasi dan efisiensi negara"", ""axial_category"": ""Tata kelola pemerintahan dan rule of law"", ""selective_theme"": ""Reformasi tata kelola dan penegakan hukum"", ""total_hits"": 3, ""unique_keyword_hits"": 1, ""matched_keywords"": [{""keyword"": ""regulations"", ""hit_count"": 3}]}, {""open_code_id"": ""OC013"", ""open_code_label"": ""Persatuan nasional dan kepercayaan diri bangsa"", ""axial_category"": ""Identitas nasional dan kepemimpinan"", ""selective_theme"": ""Kedaulatan dan kemandirian nasional"", ""total_hits"": 1, ""unique_keyword_hits"": 1, ""matched_keywords"": [{""keyword"": ""confidence"", ""hit_count"": 1}]}]",Diplomasi multilateral dan kerja sama internasional,Reformasi birokrasi dan efisiensi negara,Persatuan nasional dan kepercayaan diri bangsa,Diplomasi dan tatanan global,"Diplomasi, perdamaian, dan keadilan global",REVIEWED,,2026-06-11T22:11:07
SPCH_005_WORLD_ECONOMIC_FORUM_CHK_017,SPCH_005_WORLD_ECONOMIC_FORUM,NASKAH-PIDATO-PRABOWO-WORLD-ECONOMIC-FORUM.txt,World Economic Forum,international,1/22/2026,en,https://setkab.go.id/sambutan-presiden-republik-indonesia-pada-world-economic-forum-wef-annual-meeting-2026-di-london-inggris-pada-kamis-22-januari-2026/,setkab.go.id,VALID_SETKAB_DOMAIN_OFFLINE,17,"We must maintain and be a part of a future full of hope. Hope grounded in credibility, execution of sound public policy and continuous record of growth with equity. Let us build the world we want to live in together. Let us continue the journey to improve the quality of life for all, to live in peace, freedom, friendship, tolerance, coexistence and cooperation for all races, all ethnicity, all religions. Let us continue our pursuit of justice for all, security and freedom for all. I look forward to seeing many of you here in this room, in Indonesia. Because in Bali, this June, we will host the first Ocean Impact Summit together with the World Economic Forum, which Indonesia is sponsoring together with the important participation of Mr. Ray Dalio and his research vessel, OceanX. There is a SpaceX, I think, from Mr. Elon Musk, but I think Mr. Ray Dalio is one of the pioneers in ocean research. And, Indonesia being three-quarters sea, we are very concerned about the future of our ocean. Ladies and Gentlemen, Thank you very much for your attention. May you go, may you go in peace with the blessing of the Almighty God. Wassalamu'alaikum warahmatullahi wabarakatuh, Shalom, Salve, Om santi santi om, May peace be upon us all. Thank you.",216,OK,Diplomasi multilateral dan kerja sama internasional,"Investasi, industrialisasi, dan pertumbuhan ekonomi","Palestina, Gaza, dan keadilan global",Diplomasi dan tatanan global,Transformasi ekonomi dan pembangunan produktif,Diplomasi dan tatanan global,"Diplomasi, perdamaian, dan keadilan global",Transformasi ekonomi dan pembangunan nasional,"Diplomasi, perdamaian, dan keadilan global",MEDIUM,"OC008=cooperation(1), peace(3) | OC010=growth(1) | OC009=justice(1)","[{""open_code_id"": ""OC008"", ""open_code_label"": ""Diplomasi multilateral dan kerja sama internasional"", ""axial_category"": ""Diplomasi dan tatanan global"", ""selective_theme"": ""Diplomasi, perdamaian, dan keadilan global"", ""total_hits"": 4, ""unique_keyword_hits"": 2, ""matched_keywords"": [{""keyword"": ""cooperation"", ""hit_count"": 1}, {""keyword"": ""peace"", ""hit_count"": 3}]}, {""open_code_id"": ""OC010"", ""open_code_label"": ""Investasi, industrialisasi, dan pertumbuhan ekonomi"", ""axial_category"": ""Transformasi ekonomi dan pembangunan produktif"", ""selective_theme"": ""Transformasi ekonomi dan pembangunan nasional"", ""total_hits"": 1, ""unique_keyword_hits"": 1, ""matched_keywords"": [{""keyword"": ""growth"", ""hit_count"": 1}]}, {""open_code_id"": ""OC009"", ""open_code_label"": ""Palestina, Gaza, dan keadilan global"", ""axial_category"": ""Diplomasi dan tatanan global"", ""selective_theme"": ""Diplomasi, perdamaian, dan keadilan global"", ""total_hits"": 1, ""unique_keyword_hits"": 1, ""matched_keywords"": [{""keyword"": ""justice"", ""hit_count"": 1}]}]",Diplomasi multilateral dan kerja sama internasional,"Investasi, industrialisasi, dan pertumbuhan ekonomi","Palestina, Gaza, dan keadilan global",Diplomasi dan tatanan global,"Diplomasi, perdamaian, dan keadilan global",REVIEWED,,2026-06-11T22:11:07
SPCH_006_PBB_80_CHK_001,SPCH_006_PBB_80,NASKAH-PIDATO-PRABOWO-PBB-80.txt,Pbb 80,international,,en,,,MISSING_SOURCE_URL,1,"His Excellency Mr. Antoni Guterres, Secretary General of the United Nations; Her Excellency Madam Annalena Baerbock, President of the United Nations General Assembly; His Excellency Mr. Movses Abelian, Under-Secretary-General for General Assembly and Management; Excellencies, Head of States, Head of Governments, Distinguished Delegates; Ladies and Gentlemen. It is indeed a great honor to stand in this august General Assembly Hall, among leaders and representatives who represent almost all of humanity. We differ in race, religion, and nationality, yet we gather together today as one human family. We are here first and foremost as fellow human beings - each created equal, endowed with unalienable rights to life, liberty, and the pursuit of happiness. The words of the United Nations Declaration of Independence have inspired democratic movements across continents - including the French Revolution, the Russian Revolution, the Mexican Revolution, the Chinese Revolution, and Indonesia's own struggle and journey to freedom. It also gave birth to the Universal Declaration of Human Rights adopted by United Nations in 1948. ""All men are created equal"" was the creed that opened the way to unprecedented global prosperity and dignity. And yet, in our own era of scientific and technological triumphs - an era capable of ending hunger, poverty, and environmental ruin - we also continue to face today grave dangerous challenges and uncertainties. Human folly, fueled by fear, racism, hatred, oppression, and apartheid, threatens our common future.",228,OK,"Palestina, Gaza, dan keadilan global",Pemerataan kesejahteraan dan pengentasan kemiskinan,Diplomasi multilateral dan kerja sama internasional,Diplomasi dan tatanan global,Kesejahteraan sosial dan pemerataan pembangunan,Diplomasi dan tatanan global,"Diplomasi, perdamaian, dan keadilan global",Pembangunan manusia dan keadilan sosial,"Diplomasi, perdamaian, dan keadilan global",MEDIUM,"OC009=humanity(1), human family(1) | OC003=poverty(1), hunger(1) | OC008=united nations(4)","[{""open_code_id"": ""OC009"", ""open_code_label"": ""Palestina, Gaza, dan keadilan global"", ""axial_category"": ""Diplomasi dan tatanan global"", ""selective_theme"": ""Diplomasi, perdamaian, dan keadilan global"", ""total_hits"": 2, ""unique_keyword_hits"": 2, ""matched_keywords"": [{""keyword"": ""humanity"", ""hit_count"": 1}, {""keyword"": ""human family"", ""hit_count"": 1}]}, {""open_code_id"": ""OC003"", ""open_code_label"": ""Pemerataan kesejahteraan dan pengentasan kemiskinan"", ""axial_category"": ""Kesejahteraan sosial dan pemerataan pembangunan"", ""selective_theme"": ""Pembangunan manusia dan keadilan sosial"", ""total_hits"": 2, ""unique_keyword_hits"": 2, ""matched_keywords"": [{""keyword"": ""poverty"", ""hit_count"": 1}, {""keyword"": ""hunger"", ""hit_count"": 1}]}, {""open_code_id"": ""OC008"", ""open_code_label"": ""Diplomasi multilateral dan kerja sama internasional"", ""axial_category"": ""Diplomasi dan tatanan global"", ""selective_theme"": ""Diplomasi, perdamaian, dan keadilan global"", ""total_hits"": 4, ""unique_keyword_hits"": 1, ""matched_keywords"": [{""keyword"": ""united nations"", ""hit_count"": 4}]}]","Palestina, Gaza, dan keadilan global",Pemerataan kesejahteraan dan pengentasan kemiskinan,Diplomasi multilateral dan kerja sama internasional,Diplomasi dan tatanan global,"Diplomasi, perdamaian, dan keadilan global",REVIEWED,,2026-06-11T22:11:07
SPCH_006_PBB_80_CHK_002,SPCH_006_PBB_80,NASKAH-PIDATO-PRABOWO-PBB-80.txt,Pbb 80,international,,en,,,MISSING_SOURCE_URL,2,"Human folly, fueled by fear, racism, hatred, oppression, and apartheid, threatens our common future. My country knows this pain. For centuries, Indonesians lived under colonial domination, oppression, and slavery. We were treated less than dogs in our own homeland. We Indonesians know what it means to be denied justice and what it means to live in apartheid, to live in poverty, and to be denied equal opportunity. We also knew what solidarity can do. In our struggle for independence, in our fight to overcome hunger, disease, and poverty, the United Nations stood with Indonesia and gave us vital assistance. Decisions made here based on human solidarity - by the Security Council and this Assembly - gave Indonesia independence international legitimacy, opened doors, and supported our early development through the efforts of UN Children's Fund (UNICEF), the UN Food and Agriculture Organization (FAO), the World Health Organization (WHO) and many many other UN institutions. And because of that, Indonesia today stands on the cusp of shared prosperity and greater equality and dignity. Madam President, excellencies, Our world is driven by conflict, injustice, and deepening uncertainty. Everyday we witness suffering, genocide, and a blatant disregard for international law and human decency. In the face of these challenges, we must not give up. As the United Nations Secretary General said, we cannot give up. We cannot surrender our hopes or our ideals.",227,OK,Diplomasi multilateral dan kerja sama internasional,Pemerataan kesejahteraan dan pengentasan kemiskinan,"Palestina, Gaza, dan keadilan global",Diplomasi dan tatanan global,Kesejahteraan sosial dan pemerataan pembangunan,Diplomasi dan tatanan global,"Diplomasi, perdamaian, dan keadilan global",Pembangunan manusia dan keadilan sosial,"Diplomasi, perdamaian, dan keadilan global",MEDIUM,"OC008=united nations(2), international(2) | OC003=poverty(2), hunger(1) | OC009=genocide(1), justice(1)","[{""open_code_id"": ""OC008"", ""open_code_label"": ""Diplomasi multilateral dan kerja sama internasional"", ""axial_category"": ""Diplomasi dan tatanan global"", ""selective_theme"": ""Diplomasi, perdamaian, dan keadilan global"", ""total_hits"": 4, ""unique_keyword_hits"": 2, ""matched_keywords"": [{""keyword"": ""united nations"", ""hit_count"": 2}, {""keyword"": ""international"", ""hit_count"": 2}]}, {""open_code_id"": ""OC003"", ""open_code_label"": ""Pemerataan kesejahteraan dan pengentasan kemiskinan"", ""axial_category"": ""Kesejahteraan sosial dan pemerataan pembangunan"", ""selective_theme"": ""Pembangunan manusia dan keadilan sosial"", ""total_hits"": 3, ""unique_keyword_hits"": 2, ""matched_keywords"": [{""keyword"": ""poverty"", ""hit_count"": 2}, {""keyword"": ""hunger"", ""hit_count"": 1}]}, {""open_code_id"": ""OC009"", ""open_code_label"": ""Palestina, Gaza, dan keadilan global"", ""axial_category"": ""Diplomasi dan tatanan global"", ""selective_theme"": ""Diplomasi, perdamaian, dan keadilan global"", ""total_hits"": 2, ""unique_keyword_hits"": 2, ""matched_keywords"": [{""keyword"": ""genocide"", ""hit_count"": 1}, {""keyword"": ""justice"", ""hit_count"": 1}]}]",Diplomasi multilateral dan kerja sama internasional,Pemerataan kesejahteraan dan pengentasan kemiskinan,"Palestina, Gaza, dan keadilan global",Diplomasi dan tatanan global,"Diplomasi, perdamaian, dan keadilan global",REVIEWED,,2026-06-11T22:11:07
SPCH_006_PBB_80_CHK_003,SPCH_006_PBB_80,NASKAH-PIDATO-PRABOWO-PBB-80.txt,Pbb 80,international,,en,,,MISSING_SOURCE_URL,3,"We cannot surrender our hopes or our ideals. We must draw closer, not drift further apart. Together we must strive to achieve our hopes, our dreams. The United Nations was born from the ashes of the Second World War that claimed scores of millions of lives. It was created to secure peace, security, justice, and freedom for all. We remain committed to internationalism, to multilateralism, and to every effort that strengthens this great institution. Today, Indonesia is nearer than ever before to meeting the Sustainable Development Goals of ending extreme poverty and hunger - because years ago this very chamber chose to listen and uphold social and economic justice. We will never forget. And, today we must never be silent while Palestinians are denied that same justice and legitimacy in this very hall. Excellencies, Thucydides warned: ""The strong do what they can, the weak suffer what they must."" We must reject this doctrine. The United Nations exists to reject this doctrine. We must stand for all: the strong and the weak. Might cannot be right, right must be right. Indonesia today is one of the largest contributors to United Nations peacekeeping forces. We believe in the United Nations. We will continue to serve where peace needs guardians - not with just words, but with boots on the ground. If and when the United Nations Security Council and this Great Assembly decide, Indonesia is prepared to deploy 20,000 or even more of our sons and daughters to help secure peace in Gaza or elsewhere.",252,OK,Diplomasi multilateral dan kerja sama internasional,"Palestina, Gaza, dan keadilan global",Pemerataan kesejahteraan dan pengentasan kemiskinan,Diplomasi dan tatanan global,Diplomasi dan tatanan global,Kesejahteraan sosial dan pemerataan pembangunan,"Diplomasi, perdamaian, dan keadilan global","Diplomasi, perdamaian, dan keadilan global",Pembangunan manusia dan keadilan sosial,HIGH,"OC008=united nations(5), multilateralism(1), peace(3) | OC009=gaza(1), palestinians(1), justice(3) | OC003=poverty(1), hunger(1), weak(2)","[{""open_code_id"": ""OC008"", ""open_code_label"": ""Diplomasi multilateral dan kerja sama internasional"", ""axial_category"": ""Diplomasi dan tatanan global"", ""selective_theme"": ""Diplomasi, perdamaian, dan keadilan global"", ""total_hits"": 9, ""unique_keyword_hits"": 3, ""matched_keywords"": [{""keyword"": ""united nations"", ""hit_count"": 5}, {""keyword"": ""multilateralism"", ""hit_count"": 1}, {""keyword"": ""peace"", ""hit_count"": 3}]}, {""open_code_id"": ""OC009"", ""open_code_label"": ""Palestina, Gaza, dan keadilan global"", ""axial_category"": ""Diplomasi dan tatanan global"", ""selective_theme"": ""Diplomasi, perdamaian, dan keadilan global"", ""total_hits"": 5, ""unique_keyword_hits"": 3, ""matched_keywords"": [{""keyword"": ""gaza"", ""hit_count"": 1}, {""keyword"": ""palestinians"", ""hit_count"": 1}, {""keyword"": ""justice"", ""hit_count"": 3}]}, {""open_code_id"": ""OC003"", ""open_code_label"": ""Pemerataan kesejahteraan dan pengentasan kemiskinan"", ""axial_category"": ""Kesejahteraan sosial dan pemerataan pembangunan"", ""selective_theme"": ""Pembangunan manusia dan keadilan sosial"", ""total_hits"": 4, ""unique_keyword_hits"": 3, ""matched_keywords"": [{""keyword"": ""poverty"", ""hit_count"": 1}, {""keyword"": ""hunger"", ""hit_count"": 1}, {""keyword"": ""weak"", ""hit_count"": 2}]}]",Diplomasi multilateral dan kerja sama internasional,"Palestina, Gaza, dan keadilan global",Pemerataan kesejahteraan dan pengentasan kemiskinan,Diplomasi dan tatanan global,"Diplomasi, perdamaian, dan keadilan global",REVIEWED,,2026-06-11T22:11:07
SPCH_006_PBB_80_CHK_004,SPCH_006_PBB_80,NASKAH-PIDATO-PRABOWO-PBB-80.txt,Pbb 80,international,,en,,,MISSING_SOURCE_URL,4,"If and when the United Nations Security Council and this Great Assembly decide, Indonesia is prepared to deploy 20,000 or even more of our sons and daughters to help secure peace in Gaza or elsewhere. In Ukraine, in Sudan, in Libya, everywhere when peace needs to be enforced, peace needs to be guarded. We are ready. We will take our share of the burden, not only with our sons and daughters, we are also willing to contribute financially to support the great mission to achieve peace by the United Nations. Madam President, excellencies, I propose to this assembly a message of hope and optimism - grounded in action and execution. Today, we heard the speech of Madam President, the President of the United Nations General Assembly. Yes, it is true what she said. Without the international civil aviation organization, will we be here today? Will we sit in this Great Hall? Without the United Nations, we cannot be safe. No country can feel secure. We need the United Nations and Indonesia will continue to support the United Nations. Even though we still struggle, but we know the world needs a strong United Nations. The world's population is growing. Our planet is under strain. Food, energy, and water insecurity haunt many nations. We choose to answer these challenges directly at home and to help abroad whenever we can.",227,OK,Diplomasi multilateral dan kerja sama internasional,"Palestina, Gaza, dan keadilan global",Kedaulatan energi dan pengelolaan sumber daya,Diplomasi dan tatanan global,Diplomasi dan tatanan global,Ketahanan nasional dan kedaulatan strategis,"Diplomasi, perdamaian, dan keadilan global","Diplomasi, perdamaian, dan keadilan global",Kedaulatan dan kemandirian nasional,HIGH,"OC008=united nations(7), peace(4), international(1) | OC009=gaza(1) | OC002=energy(1)","[{""open_code_id"": ""OC008"", ""open_code_label"": ""Diplomasi multilateral dan kerja sama internasional"", ""axial_category"": ""Diplomasi dan tatanan global"", ""selective_theme"": ""Diplomasi, perdamaian, dan keadilan global"", ""total_hits"": 12, ""unique_keyword_hits"": 3, ""matched_keywords"": [{""keyword"": ""united nations"", ""hit_count"": 7}, {""keyword"": ""peace"", ""hit_count"": 4}, {""keyword"": ""international"", ""hit_count"": 1}]}, {""open_code_id"": ""OC009"", ""open_code_label"": ""Palestina, Gaza, dan keadilan global"", ""axial_category"": ""Diplomasi dan tatanan global"", ""selective_theme"": ""Diplomasi, perdamaian, dan keadilan global"", ""total_hits"": 1, ""unique_keyword_hits"": 1, ""matched_keywords"": [{""keyword"": ""gaza"", ""hit_count"": 1}]}, {""open_code_id"": ""OC002"", ""open_code_label"": ""Kedaulatan energi dan pengelolaan sumber daya"", ""axial_category"": ""Ketahanan nasional dan kedaulatan strategis"", ""selective_theme"": ""Kedaulatan dan kemandirian nasional"", ""total_hits"": 1, ""unique_keyword_hits"": 1, ""matched_keywords"": [{""keyword"": ""energy"", ""hit_count"": 1}]}]",Diplomasi multilateral dan kerja sama internasional,"Palestina, Gaza, dan keadilan global",Kedaulatan energi dan pengelolaan sumber daya,Diplomasi dan tatanan global,"Diplomasi, perdamaian, dan keadilan global",REVIEWED,,2026-06-11T22:11:07
SPCH_006_PBB_80_CHK_005,SPCH_006_PBB_80,NASKAH-PIDATO-PRABOWO-PBB-80.txt,Pbb 80,international,,en,,,MISSING_SOURCE_URL,5,"We choose to answer these challenges directly at home and to help abroad whenever we can. This year, Indonesia recorded the highest rice production and grain reserves in our history. We are now self?sufficient in rice and we are starting now to export rice to other nations in need, including providing rice for Palestine. We are building resilient food supply chains, strengthening farmer productivity, investing in climate?smart agriculture to ensure food security for our children and for the children of the world. We are confident in a few years time, Indonesia will be the granary of the world. As the world's largest island state, we testify before you that we are already experiencing the direct consequences of climate change, particularly the threat of rising sea levels. The sea level on the North Coast of our capital city is increasing by five centimeters every year. Can you imagine in 10 years? Can you imagine in 20 years? For this, we are forced to build a giant sea wall 480 kilometers in length. It will take us maybe 20 years, but we have no choice. We have to start now. Therefore we choose to confront climate change - not by slogans, but by immediate steps. We are committed to meeting our 2015 Paris Agreement obligations. We aim to achieve net zero emission by 2060 and we are very confident we can achieve net zero emission much earlier.",236,OK,Kedaulatan pangan dan swasembada,"Lingkungan, iklim, dan keberlanjutan","Kesehatan, gizi, dan perlindungan sosial",Ketahanan nasional dan kedaulatan strategis,Ketahanan lingkungan dan keberlanjutan,Pembangunan sumber daya manusia,Kedaulatan dan kemandirian nasional,Keberlanjutan lingkungan dan sumber daya,Pembangunan manusia dan keadilan sosial,HIGH,"OC001=food(2), rice(4), grain(1), farmer(1) | OC012=climate(3), emission(2), sea level(2) | OC005=children(2)","[{""open_code_id"": ""OC001"", ""open_code_label"": ""Kedaulatan pangan dan swasembada"", ""axial_category"": ""Ketahanan nasional dan kedaulatan strategis"", ""selective_theme"": ""Kedaulatan dan kemandirian nasional"", ""total_hits"": 8, ""unique_keyword_hits"": 4, ""matched_keywords"": [{""keyword"": ""food"", ""hit_count"": 2}, {""keyword"": ""rice"", ""hit_count"": 4}, {""keyword"": ""grain"", ""hit_count"": 1}, {""keyword"": ""farmer"", ""hit_count"": 1}]}, {""open_code_id"": ""OC012"", ""open_code_label"": ""Lingkungan, iklim, dan keberlanjutan"", ""axial_category"": ""Ketahanan lingkungan dan keberlanjutan"", ""selective_theme"": ""Keberlanjutan lingkungan dan sumber daya"", ""total_hits"": 7, ""unique_keyword_hits"": 3, ""matched_keywords"": [{""keyword"": ""climate"", ""hit_count"": 3}, {""keyword"": ""emission"", ""hit_count"": 2}, {""keyword"": ""sea level"", ""hit_count"": 2}]}, {""open_code_id"": ""OC005"", ""open_code_label"": ""Kesehatan, gizi, dan perlindungan sosial"", ""axial_category"": ""Pembangunan sumber daya manusia"", ""selective_theme"": ""Pembangunan manusia dan keadilan sosial"", ""total_hits"": 2, ""unique_keyword_hits"": 1, ""matched_keywords"": [{""keyword"": ""children"", ""hit_count"": 2}]}]",Kedaulatan pangan dan swasembada,"Lingkungan, iklim, dan keberlanjutan","Kesehatan, gizi, dan perlindungan sosial",Ketahanan nasional dan kedaulatan strategis,Kedaulatan dan kemandirian nasional,REVIEWED,,2026-06-11T22:11:07
SPCH_006_PBB_80_CHK_006,SPCH_006_PBB_80,NASKAH-PIDATO-PRABOWO-PBB-80.txt,Pbb 80,international,,en,,,MISSING_SOURCE_URL,6,"We aim to achieve net zero emission by 2060 and we are very confident we can achieve net zero emission much earlier. We aim to reforest more than 12 million hectares of degraded forest, to reduce forest degradation, to empower local communities with quality green jobs for the future. Indonesia is shifting decisively from fossil fuel based development towards renewable based development. From next year, most of our additional power generation capacity will come from renewables. Our goal is clear: To lift all of our citizens out of poverty and make Indonesia a hub for solutions to food, energy, and water security. Madam President, excellencies, We live in a time when hatred and violence can seem to be the loudest voices. But beneath this loud noise lies a quieter truth: That every person longs to be safe, to be respected, to be loved, and to leave a better world to their children. Our children are watching. They are learning leadership not from textbooks, but from our choices. Today, still, a catastrophic situation in Gaza is unfolding before our eyes. At this very moment, the innocent are crying for help [and] are crying to be saved. Who will save them? Who will save the innocent. Who will save the old and women? Millions are facing danger at this very moment, as we sit here.",223,OK,"Lingkungan, iklim, dan keberlanjutan",Kedaulatan energi dan pengelolaan sumber daya,"Kesehatan, gizi, dan perlindungan sosial",Ketahanan lingkungan dan keberlanjutan,Ketahanan nasional dan kedaulatan strategis,Pembangunan sumber daya manusia,Keberlanjutan lingkungan dan sumber daya,Kedaulatan dan kemandirian nasional,Pembangunan manusia dan keadilan sosial,HIGH,"OC012=emission(2), forest(2), reforest(1), renewables(1) | OC002=energy(1), fuel(1), renewable(1), renewables(1) | OC005=children(2)","[{""open_code_id"": ""OC012"", ""open_code_label"": ""Lingkungan, iklim, dan keberlanjutan"", ""axial_category"": ""Ketahanan lingkungan dan keberlanjutan"", ""selective_theme"": ""Keberlanjutan lingkungan dan sumber daya"", ""total_hits"": 6, ""unique_keyword_hits"": 4, ""matched_keywords"": [{""keyword"": ""emission"", ""hit_count"": 2}, {""keyword"": ""forest"", ""hit_count"": 2}, {""keyword"": ""reforest"", ""hit_count"": 1}, {""keyword"": ""renewables"", ""hit_count"": 1}]}, {""open_code_id"": ""OC002"", ""open_code_label"": ""Kedaulatan energi dan pengelolaan sumber daya"", ""axial_category"": ""Ketahanan nasional dan kedaulatan strategis"", ""selective_theme"": ""Kedaulatan dan kemandirian nasional"", ""total_hits"": 4, ""unique_keyword_hits"": 4, ""matched_keywords"": [{""keyword"": ""energy"", ""hit_count"": 1}, {""keyword"": ""fuel"", ""hit_count"": 1}, {""keyword"": ""renewable"", ""hit_count"": 1}, {""keyword"": ""renewables"", ""hit_count"": 1}]}, {""open_code_id"": ""OC005"", ""open_code_label"": ""Kesehatan, gizi, dan perlindungan sosial"", ""axial_category"": ""Pembangunan sumber daya manusia"", ""selective_theme"": ""Pembangunan manusia dan keadilan sosial"", ""total_hits"": 2, ""unique_keyword_hits"": 1, ""matched_keywords"": [{""keyword"": ""children"", ""hit_count"": 2}]}]","Lingkungan, iklim, dan keberlanjutan",Kedaulatan energi dan pengelolaan sumber daya,"Kesehatan, gizi, dan perlindungan sosial",Ketahanan lingkungan dan keberlanjutan,Keberlanjutan lingkungan dan sumber daya,REVIEWED,,2026-06-11T22:11:07
SPCH_006_PBB_80_CHK_007,SPCH_006_PBB_80,NASKAH-PIDATO-PRABOWO-PBB-80.txt,Pbb 80,international,,en,,,MISSING_SOURCE_URL,7,"Millions are facing danger at this very moment, as we sit here. They are facing trauma. They are facing irreparable damage to their bodies. They are dying of starvation. Can we remain silent? Will there be no answer to their screams? Will we teach them that the human family can rise to the challenge? Madam President, We must act now, many speakers have said that. We must stand for a multilateral order where peace, prosperity, and progress are not the privilege of a few but the right of all. With a strong United Nations, we can build a world where the weak do not ""suffer what they must,"" but live the justice that they deserve. Let us continue humanity's great journey of ideals - the selfless aspirations that created the United Nations. Let us use science to uplift, not use science to destroy. Let rising nations help others to live themself. I am convinced that the leaders of the great world civilisations: civilisations of the West, civilisations of the East, of the North, of the South, leaders of America, Europe, of India, China, the Islamic world, the whole world, I am convinced that they will rise to their role demanded by history. We are all hopeful that the leaders of the world will show great statesmanship, great wisdom, restraint, humility, overcome hate, overcome suspicion.",223,OK,Diplomasi multilateral dan kerja sama internasional,"Palestina, Gaza, dan keadilan global",Pemerataan kesejahteraan dan pengentasan kemiskinan,Diplomasi dan tatanan global,Diplomasi dan tatanan global,Kesejahteraan sosial dan pemerataan pembangunan,"Diplomasi, perdamaian, dan keadilan global","Diplomasi, perdamaian, dan keadilan global",Pembangunan manusia dan keadilan sosial,HIGH,"OC008=united nations(2), multilateral(1), peace(1) | OC009=justice(1), humanity(1), human family(1) | OC003=weak(1)","[{""open_code_id"": ""OC008"", ""open_code_label"": ""Diplomasi multilateral dan kerja sama internasional"", ""axial_category"": ""Diplomasi dan tatanan global"", ""selective_theme"": ""Diplomasi, perdamaian, dan keadilan global"", ""total_hits"": 4, ""unique_keyword_hits"": 3, ""matched_keywords"": [{""keyword"": ""united nations"", ""hit_count"": 2}, {""keyword"": ""multilateral"", ""hit_count"": 1}, {""keyword"": ""peace"", ""hit_count"": 1}]}, {""open_code_id"": ""OC009"", ""open_code_label"": ""Palestina, Gaza, dan keadilan global"", ""axial_category"": ""Diplomasi dan tatanan global"", ""selective_theme"": ""Diplomasi, perdamaian, dan keadilan global"", ""total_hits"": 3, ""unique_keyword_hits"": 3, ""matched_keywords"": [{""keyword"": ""justice"", ""hit_count"": 1}, {""keyword"": ""humanity"", ""hit_count"": 1}, {""keyword"": ""human family"", ""hit_count"": 1}]}, {""open_code_id"": ""OC003"", ""open_code_label"": ""Pemerataan kesejahteraan dan pengentasan kemiskinan"", ""axial_category"": ""Kesejahteraan sosial dan pemerataan pembangunan"", ""selective_theme"": ""Pembangunan manusia dan keadilan sosial"", ""total_hits"": 1, ""unique_keyword_hits"": 1, ""matched_keywords"": [{""keyword"": ""weak"", ""hit_count"": 1}]}]",Diplomasi multilateral dan kerja sama internasional,"Palestina, Gaza, dan keadilan global",Pemerataan kesejahteraan dan pengentasan kemiskinan,Diplomasi dan tatanan global,"Diplomasi, perdamaian, dan keadilan global",REVIEWED,,2026-06-11T22:11:07
SPCH_006_PBB_80_CHK_008,SPCH_006_PBB_80,NASKAH-PIDATO-PRABOWO-PBB-80.txt,Pbb 80,international,,en,,,MISSING_SOURCE_URL,8,"We are all hopeful that the leaders of the world will show great statesmanship, great wisdom, restraint, humility, overcome hate, overcome suspicion. Madam President, distinguished delegates, We are greatly heartened by the events of the last few days where significant leading countries of the world have chosen to side with history, to choose the right side of history - the path of the moral high ground, the path of rectitude, the path of justice, the path of humanity, to shun hatred, to overcome suspicion and to avoid the use of violence. The use of violence will be get violence. No one country can bully the whole Community of the human family. We may be weak individually, but the sense of oppression, the sense of Injustice, has proven in the history of mankind that this sense of injustice. This sense of oppression will unite in a strong force that will overcome this oppression, that will overcome this injustice. To close, I would like to reiterate again Indonesia's complete support for the Two State-Solution in Palestine. We must have an independent Palestine, but we must also, we must also recognize, we must also respect, and we must also guarantee the safety and security of Israel. Only then, we can have real peace, real peace, and no longer hate and no longer suspicion. The only solution is this, two state-solution.",226,OK,"Palestina, Gaza, dan keadilan global",Diplomasi multilateral dan kerja sama internasional,Pemerataan kesejahteraan dan pengentasan kemiskinan,Diplomasi dan tatanan global,Diplomasi dan tatanan global,Kesejahteraan sosial dan pemerataan pembangunan,"Diplomasi, perdamaian, dan keadilan global","Diplomasi, perdamaian, dan keadilan global",Pembangunan manusia dan keadilan sosial,HIGH,"OC009=israel(1), two state(2), palestine(2), justice(1), humanity(1), human family(1) | OC008=peace(2) | OC003=weak(1)","[{""open_code_id"": ""OC009"", ""open_code_label"": ""Palestina, Gaza, dan keadilan global"", ""axial_category"": ""Diplomasi dan tatanan global"", ""selective_theme"": ""Diplomasi, perdamaian, dan keadilan global"", ""total_hits"": 8, ""unique_keyword_hits"": 6, ""matched_keywords"": [{""keyword"": ""israel"", ""hit_count"": 1}, {""keyword"": ""two state"", ""hit_count"": 2}, {""keyword"": ""palestine"", ""hit_count"": 2}, {""keyword"": ""justice"", ""hit_count"": 1}, {""keyword"": ""humanity"", ""hit_count"": 1}, {""keyword"": ""human family"", ""hit_count"": 1}]}, {""open_code_id"": ""OC008"", ""open_code_label"": ""Diplomasi multilateral dan kerja sama internasional"", ""axial_category"": ""Diplomasi dan tatanan global"", ""selective_theme"": ""Diplomasi, perdamaian, dan keadilan global"", ""total_hits"": 2, ""unique_keyword_hits"": 1, ""matched_keywords"": [{""keyword"": ""peace"", ""hit_count"": 2}]}, {""open_code_id"": ""OC003"", ""open_code_label"": ""Pemerataan kesejahteraan dan pengentasan kemiskinan"", ""axial_category"": ""Kesejahteraan sosial dan pemerataan pembangunan"", ""selective_theme"": ""Pembangunan manusia dan keadilan sosial"", ""total_hits"": 1, ""unique_keyword_hits"": 1, ""matched_keywords"": [{""keyword"": ""weak"", ""hit_count"": 1}]}]","Palestina, Gaza, dan keadilan global",Diplomasi multilateral dan kerja sama internasional,Pemerataan kesejahteraan dan pengentasan kemiskinan,Diplomasi dan tatanan global,"Diplomasi, perdamaian, dan keadilan global",REVIEWED,,2026-06-11T22:11:08
SPCH_006_PBB_80_CHK_009,SPCH_006_PBB_80,NASKAH-PIDATO-PRABOWO-PBB-80.txt,Pbb 80,international,,en,,,MISSING_SOURCE_URL,9,"The only solution is this, two state-solution. Two descendants of Abraham must live in reconciliation, peace and harmony. Arabs, Jews, Muslims, Christians, Hindus, Buddhists, all religions, we must live as one human family. Indonesia is committed to being part of making this vision a reality. Is this a dream? Maybe, but this is the beautiful dream that we must work together towards. Let us work towards this noble goal. Let us continue humanity's journey of hope - a journey started by our forefathers. A journey that we must complete. Thank you. Wassalamu'alaikum warahmatullahi wabarakatuh, Syalom, Om santi santi santi om, Namo Buddhaya, Thank you very much. May God bless us all. May peace be upon us. Thank you very much.",119,OK,"Palestina, Gaza, dan keadilan global",Diplomasi multilateral dan kerja sama internasional,,Diplomasi dan tatanan global,Diplomasi dan tatanan global,,"Diplomasi, perdamaian, dan keadilan global","Diplomasi, perdamaian, dan keadilan global",,HIGH,"OC009=two state(1), humanity(1), human family(1) | OC008=peace(2)","[{""open_code_id"": ""OC009"", ""open_code_label"": ""Palestina, Gaza, dan keadilan global"", ""axial_category"": ""Diplomasi dan tatanan global"", ""selective_theme"": ""Diplomasi, perdamaian, dan keadilan global"", ""total_hits"": 3, ""unique_keyword_hits"": 3, ""matched_keywords"": [{""keyword"": ""two state"", ""hit_count"": 1}, {""keyword"": ""humanity"", ""hit_count"": 1}, {""keyword"": ""human family"", ""hit_count"": 1}]}, {""open_code_id"": ""OC008"", ""open_code_label"": ""Diplomasi multilateral dan kerja sama internasional"", ""axial_category"": ""Diplomasi dan tatanan global"", ""selective_theme"": ""Diplomasi, perdamaian, dan keadilan global"", ""total_hits"": 2, ""unique_keyword_hits"": 1, ""matched_keywords"": [{""keyword"": ""peace"", ""hit_count"": 2}]}]","Palestina, Gaza, dan keadilan global",Diplomasi multilateral dan kerja sama internasional,,Diplomasi dan tatanan global,"Diplomasi, perdamaian, dan keadilan global",REVIEWED,,2026-06-11T22:11:08
